route_name,origin,destination,service_type,route_name_simple,origin_country,destination_country,distance_km,operator,type,train_gco2_pkm,plane_gco2_pkm,train_co2_kg,plane_co2_kg,co2_savings_kg,savings_percent,emission_source,calculation_date,co2_ratio,is_international,distance_category
ICE 18,Hauptbahnhof,Berlin Gesundbrunnen,day,→ Berlin Gesundbrunnen,DE,DE,238.64,DB,day,0.04899697674418605,0.151,11.692638530232559,36.034639999999996,24.34200146976744,90.3,Back-on-Track 2022,2026-03-22,3.0818227987488545,0,short
IC 51,Hauptbahnhof,Dortmund Hbf,day,→ Dortmund,DE,DE,256.33,DB,day,0.04899697674418605,0.151,12.55939504883721,38.70583,26.14643495116279,90.3,Back-on-Track 2022,2026-03-22,3.0818227987488545,0,short
ICE 28,Hamburg Altona S,Hauptbahnhof,day,Hamburg Altona S →,DE,DE,296.6,DB,day,0.04899697674418605,0.151,14.532503302325583,44.7866,30.254096697674417,90.3,Back-on-Track 2022,2026-03-22,3.0818227987488545,0,short
IC 51,Hauptbahnhof,Koln Hbf,day,→ Koln,DE,DE,285.66,DB,day,0.04899697674418605,0.151,13.996476376744189,43.134660000000004,29.138183623255813,90.3,Back-on-Track 2022,2026-03-22,3.0818227987488545,0,short
ICE 11,Munchen Hbf,Hauptbahnhof,day,Munchen →,DE,DE,317.1,DB,day,0.04899697674418605,0.151,15.536941325581397,47.8821,32.345158674418606,90.3,Back-on-Track 2022,2026-03-22,3.0818227987488545,0,short
Berlin Gesundbrunnen → Aachen Hbf,Berlin Gesundbrunnen,Aachen Hbf,day,Berlin Gesundbrunnen → Aachen,DE,DE,540.61,DB,day,0.04899697674418605,0.151,26.48825559767442,81.63211,55.14385440232557,90.3,Back-on-Track 2022,2026-03-22,3.0818227987488545,0,medium
Aachen Hbf → Berlin Ostbahnhof,Aachen Hbf,Berlin Ostbahnhof,night,Aachen → Berlin Ostbahnhof,DE,DE,542.23,DB,night,0.04899697674418605,0.151,26.567630700000002,81.87673,55.30909929999999,90.3,Back-on-Track 2022,2026-03-22,3.0818227987488545,0,medium
Aachen Hbf → Berlin Südkreuz,Aachen Hbf,Berlin Sudkreuz,day,Aachen → Berlin Sudkreuz,DE,DE,536.55,DB,day,0.04899697674418605,0.151,26.289327872093022,81.01905,54.72972212790697,90.3,Back-on-Track 2022,2026-03-22,3.081822798748855,0,medium
Aachen Hbf → Berlin Hbf (tief),Aachen Hbf,Berlin Hbf Tief,day,Aachen → Berlin,DE,DE,538.56,DB,day,0.04899697674418605,0.151,26.38781179534884,81.32256,54.93474820465116,90.3,Back-on-Track 2022,2026-03-22,3.0818227987488545,0,medium
Aachen Hbf → Dresden Hbf,Aachen Hbf,Dresden Hbf,day,Aachen → Dresden,DE,DE,536.38,DB,day,0.04899697674418605,0.151,26.280998386046512,80.99338,54.71238161395349,90.3,Back-on-Track 2022,2026-03-22,3.081822798748855,0,medium
Hamburg-Altona → Aachen Hbf,Hamburg Altona,Aachen Hbf,day,Hamburg Altona → Aachen,DE,DE,405.63,DB,day,0.04899697674418605,0.151,19.87464367674419,61.25013,41.375486323255814,90.3,Back-on-Track 2022,2026-03-22,3.0818227987488545,0,short
Hamburg-Harburg → Aachen Hbf,Hamburg Harburg,Aachen Hbf,day,Hamburg Harburg → Aachen,DE,DE,400.23,DB,day,0.04899697674418605,0.151,19.610060002325582,60.43473,40.82466999767442,90.3,Back-on-Track 2022,2026-03-22,3.081822798748855,0,short
RE,Ulm Hbf,Aalen,day,Ulm → Aalen,CH,CH,49.81,DB Regio (DB Regio AG Baden-Württemberg),day,0.04899697674418605,0.151,2.440539411627907,7.52131,5.080770588372093,90.2,Back-on-Track 2022,2026-03-22,3.0818227987488545,0,short
RE,Arth Goldau,Aarau,day,Arth Goldau → Aarau,CH,CH,53.52,SBB (Schweizerische Bundesbahnen SBB),day,0.04899697674418605,0.151,2.6223181953488375,8.08152,5.459201804651162,90.3,Back-on-Track 2022,2026-03-22,3.0818227987488545,0,short
IR37,Aarau,Basel Sbb,day,Aarau → Basel Sbb,CH,CH,38.8,SBB (Schweizerische Bundesbahnen SBB),day,0.04899697674418605,0.151,1.9010826976744186,5.8588,3.957717302325581,90.3,Back-on-Track 2022,2026-03-22,3.081822798748855,0,short
S23,Langenthal,Aarau,day,Langenthal → Aarau,CH,CH,27.9,SBB (Schweizerische Bundesbahnen SBB),day,0.04899697674418605,0.151,1.3670156511627907,4.212899999999999,2.8458843488372088,90.3,Back-on-Track 2022,2026-03-22,3.0818227987488545,0,short
S14,Aarau,Menziken,day,Aarau → Menziken,CH,CH,19.7,AVA-wsb (Aargau Verkehr AG),day,0.04899697674418605,0.151,0.9652404418604652,2.9747,2.0094595581395347,90.1,Back-on-Track 2022,2026-03-22,3.0818227987488545,0,short
S26,Aarau,Muri Ag,day,Aarau → Muri Ag,CH,CH,25.21,SBB (Schweizerische Bundesbahnen SBB),day,0.04899697674418605,0.151,1.2352137837209303,3.80671,2.5714962162790695,90.4,Back-on-Track 2022,2026-03-22,3.081822798748855,0,short
RE,Olten,Aarau,day,Olten → Aarau,CH,CH,11.67,SBB (Schweizerische Bundesbahnen SBB),day,0.04899697674418605,0.151,0.5717947186046513,1.76217,1.1903752813953488,90.5,Back-on-Track 2022,2026-03-22,3.0818227987488545,0,short
S11,Sennhof Kyburg,Aarau,day,Sennhof Kyburg → Aarau,CH,CH,53.97,SBB (Schweizerische Bundesbahnen SBB),day,0.04899697674418605,0.151,2.644366834883721,8.149469999999999,5.505103165116278,90.2,Back-on-Track 2022,2026-03-22,3.0818227987488545,0,short
S11,Aarau,Seuzach,day,Aarau → Seuzach,CH,CH,54.13,SBB (Schweizerische Bundesbahnen SBB),day,0.04899697674418605,0.151,2.652206351162791,8.17363,5.521423648837208,90.2,Back-on-Track 2022,2026-03-22,3.0818227987488545,0,short
S11,Wila,Aarau,day,Wila → Aarau,CH,CH,60.07,SBB (Schweizerische Bundesbahnen SBB),day,0.04899697674418605,0.151,2.9432483930232562,9.07057,6.127321606976744,90.3,Back-on-Track 2022,2026-03-22,3.0818227987488545,0,short
S11,Aarau,Winterthur,day,Aarau → Winterthur,CH,CH,52.01,SBB (Schweizerische Bundesbahnen SBB),day,0.04899697674418605,0.151,2.5483327604651165,7.853509999999999,5.305177239534883,90.3,Back-on-Track 2022,2026-03-22,3.0818227987488545,0,short
S11,Winterthur Seen,Aarau,day,Winterthur Seen → Aarau,CH,CH,54.86,SBB (Schweizerische Bundesbahnen SBB),day,0.04899697674418605,0.151,2.6879741441860467,8.283859999999999,5.595885855813952,90.3,Back-on-Track 2022,2026-03-22,3.0818227987488545,0,short
S29,Aarau,Zofingen,day,Aarau → Zofingen,CH,CH,14.08,SBB (Schweizerische Bundesbahnen SBB),day,0.04899697674418605,0.151,0.6898774325581396,2.12608,1.4362025674418604,90.1,Back-on-Track 2022,2026-03-22,3.0818227987488545,0,short
RE,Aarau,Zurich Hardbrucke,day,Aarau → Zurich Hardbrucke,CH,CH,35.08,SBB (Schweizerische Bundesbahnen SBB),day,0.04899697674418605,0.151,1.7188139441860466,5.297079999999999,3.5782660558139527,90.3,Back-on-Track 2022,2026-03-22,3.0818227987488545,0,short
RE,Aarau,Zurich Hb,day,Aarau → Zurich Hb,CH,CH,36.84,SBB (Schweizerische Bundesbahnen SBB),day,0.04899697674418605,0.151,1.8050486232558143,5.5628400000000005,3.757791376744186,90.2,Back-on-Track 2022,2026-03-22,3.0818227987488545,0,short
Aarhus → Flensburg,Aarhus,Flensburg,night,Aarhus → Flensburg,DE,DE,160.49,DSB,night,0.04899697674418605,0.151,7.86352479767442,24.233990000000002,16.370465202325583,90.3,Back-on-Track 2022,2026-03-22,3.081822798748855,0,short
Aarhus → Hamburg Hbf,Aarhus,Hamburg Hbf,day,Aarhus → Hamburg,DE,DE,289.09,DB,day,0.04899697674418605,0.151,14.164536006976745,43.65259,29.48805399302325,90.3,Back-on-Track 2022,2026-03-22,3.0818227987488545,0,short
P24,Amiens,Abancourt,day,Amiens → Abancourt,FR,FR,44.6,SNCF Voyageurs EA,day,0.04899697674418605,0.151,2.185265162790698,6.7346,4.549334837209303,90.3,Back-on-Track 2022,2026-03-22,3.0818227987488545,0,short
P30,Beauvais,Abancourt,day,Beauvais → Abancourt,FR,FR,36.66,SNCF Voyageurs EA,day,0.04899697674418605,0.151,1.7962291674418605,5.535659999999999,3.7394308325581385,90.3,Back-on-Track 2022,2026-03-22,3.0818227987488545,0,short
P32,Abancourt,Creil,day,Abancourt → Creil,FR,FR,68.72,SNCF Voyageurs EA,day,0.04899697674418605,0.151,3.3670722418604653,10.376719999999999,7.009647758139534,90.3,Back-on-Track 2022,2026-03-22,3.0818227987488545,0,short
P30,Le Treport Mers Les Bains,Abancourt,day,le Treport Mers les Bains → Abancourt,FR,FR,50.72,SNCF Voyageurs EA,day,0.04899697674418605,0.151,2.4851266604651165,7.65872,5.173593339534883,90.3,Back-on-Track 2022,2026-03-22,3.0818227987488545,0,short
P21,Albert,Abbeville,day,Albert → Abbeville,FR,FR,59.52,SNCF Voyageurs EA,day,0.04899697674418605,0.151,2.916300055813954,8.98752,6.071219944186046,90.3,Back-on-Track 2022,2026-03-22,3.0818227987488545,0,short
P21,Abbeville,Amiens,day,Abbeville → Amiens,FR,FR,41.82,SNCF Voyageurs EA,day,0.04899697674418605,0.151,2.049053567441861,6.31482,4.26576643255814,90.2,Back-on-Track 2022,2026-03-22,3.0818227987488545,0,short
S41,Thun,Aefligen,day,Thun → Aefligen,CH,CH,38.26,BLS-bls (BLS AG (bls)),day,0.04899697674418605,0.151,1.8746243302325583,5.777259999999999,3.9026356697674407,90.2,Back-on-Track 2022,2026-03-22,3.0818227987488545,0,short
621B,Aeroport Charles De Gaulle 2 Tgv,Annecy,day,Aeroport Charles de Gaulle 2 Tgv → Annecy,FR,FR,436.05,SNCF,day,0.04899697674418605,0.151,21.36513170930233,65.84355,44.47841829069766,90.3,Back-on-Track 2022,2026-03-22,3.081822798748854,0,short
003A,Bordeaux Saint Jean,Aeroport Charles De Gaulle 2 Tgv,night,Bordeaux Saint Jean → Aeroport Charles de Gaulle 2 Tgv,FR,FR,521.65,SNCF,night,0.04899697674418605,0.151,25.559272918604652,78.76915,53.20987708139535,90.3,Back-on-Track 2022,2026-03-22,3.081822798748855,0,medium
001A,Bruxelles Midi,Aeroport Charles De Gaulle 2 Tgv,day,Bruxelles Midi → Aeroport Charles de Gaulle 2 Tgv,FR,FR,239.75,SNCF,day,0.04899697674418605,0.151,11.747025174418606,36.20225,24.455224825581393,90.3,Back-on-Track 2022,2026-03-22,3.0818227987488545,0,short
622E,Aeroport Charles De Gaulle 2 Tgv,Geneve Cornavin,day,Aeroport Charles de Gaulle 2 Tgv → Geneve Cornavin,FR,FR,410.0,SNCF,day,0.04899697674418605,0.151,20.08876046511628,61.91,41.821239534883716,90.3,Back-on-Track 2022,2026-03-22,3.0818227987488545,0,short
621A,Aeroport Charles De Gaulle 2 Tgv,Grenoble,day,Aeroport Charles de Gaulle 2 Tgv → Grenoble,FR,FR,486.01,SNCF,day,0.04899697674418605,0.151,23.81302066744186,73.38750999999999,49.57448933255813,90.3,Back-on-Track 2022,2026-03-22,3.0818227987488545,0,short
612E,Lausanne,Aeroport Charles De Gaulle 2 Tgv,day,Lausanne → Aeroport Charles de Gaulle 2 Tgv,FR,FR,410.37,SNCF,day,0.04899697674418605,0.151,20.10688934651163,61.965869999999995,41.858980653488366,90.3,Back-on-Track 2022,2026-03-22,3.0818227987488545,0,short
601A,Aeroport Charles De Gaulle 2 Tgv,Lyon Perrache,day,Aeroport Charles de Gaulle 2 Tgv → Lyon Perrache,FR,FR,399.75,SNCF,day,0.04899697674418605,0.151,19.586541453488373,60.362249999999996,40.77570854651162,90.3,Back-on-Track 2022,2026-03-22,3.0818227987488545,0,short
001B,Marseille Saint Charles,Aeroport Charles De Gaulle 2 Tgv,day,Marseille Saint Charles → Aeroport Charles de Gaulle 2 Tgv,FR,FR,669.72,SNCF,day,0.04899697674418605,0.151,32.81425526511628,101.12772,68.31346473488372,90.3,Back-on-Track 2022,2026-03-22,3.081822798748855,0,medium
641A,Aeroport Charles De Gaulle 2 Tgv,Milano Porta Garibaldi,day,Aeroport Charles de Gaulle 2 Tgv → Milano Porta Garibaldi,FR,FR,634.09,SNCF,day,0.04899697674418605,0.151,31.068492983720933,95.74759,64.67909701627907,90.3,Back-on-Track 2022,2026-03-22,3.081822798748855,0,medium
631D,Aeroport Charles De Gaulle 2 Tgv,Miramas,day,Aeroport Charles de Gaulle 2 Tgv → Miramas,FR,FR,631.12,SNCF,day,0.04899697674418605,0.151,30.9229719627907,95.29912,64.3761480372093,90.3,Back-on-Track 2022,2026-03-22,3.081822798748855,0,medium
633C,Montpellier Sud De France,Aeroport Charles De Gaulle 2 Tgv,day,Montpellier Sud de France → Aeroport Charles de Gaulle 2 Tgv,FR,FR,610.29,SNCF,day,0.04899697674418605,0.151,29.902364937209303,92.15378999999999,62.25142506279069,90.3,Back-on-Track 2022,2026-03-22,3.0818227987488545,0,medium
003B,Nantes,Aeroport Charles De Gaulle 2 Tgv,day,Nantes → Aeroport Charles de Gaulle 2 Tgv,FR,FR,364.19,SNCF,day,0.04899697674418605,0.151,17.844208960465117,54.992689999999996,37.14848103953488,90.3,Back-on-Track 2022,2026-03-22,3.0818227987488545,0,short
631A,Nice Ville,Aeroport Charles De Gaulle 2 Tgv,day,Nice Ville → Aeroport Charles de Gaulle 2 Tgv,FR,FR,690.2,SNCF,day,0.04899697674418605,0.151,33.817713348837216,104.2202,70.40248665116279,90.3,Back-on-Track 2022,2026-03-22,3.0818227987488545,0,medium
633G,Aeroport Charles De Gaulle 2 Tgv,Perpignan,day,Aeroport Charles de Gaulle 2 Tgv → Perpignan,FR,FR,701.77,SNCF,day,0.04899697674418605,0.151,34.38460836976744,105.96727,71.58266163023256,90.3,Back-on-Track 2022,2026-03-22,3.081822798748855,0,medium
003C,Aeroport Charles De Gaulle 2 Tgv,Rennes,day,Aeroport Charles de Gaulle 2 Tgv → Rennes,FR,FR,327.93,SNCF,day,0.04899697674418605,0.151,16.06757858372093,49.51743,33.44985141627907,90.3,Back-on-Track 2022,2026-03-22,3.081822798748855,0,short
533A,Aeroport Charles De Gaulle 2 Tgv,Toulon,day,Aeroport Charles de Gaulle 2 Tgv → Toulon,FR,FR,702.63,SNCF,day,0.04899697674418605,0.151,34.42674576976744,106.09712999999999,71.67038423023254,90.3,Back-on-Track 2022,2026-03-22,3.0818227987488545,0,medium
TGV,Marseille Saint Charles,Aeroport Charles De Gaulle Tgv,day,Marseille Saint Charles → Aeroport Charles de Gaulle Tgv,CH,CH,669.67,SNCF (Société Nationale des Chemins de fer Français),day,0.04899697674418605,0.151,32.81180541627907,101.12016999999999,68.30836458372092,90.3,Back-on-Track 2022,2026-03-22,3.0818227987488545,0,medium
S3,Olten,Aesch Bl,day,Olten → Aesch Bl,CH,CH,26.29,SBB (Schweizerische Bundesbahnen SBB),day,0.04899697674418605,0.151,1.2881305186046512,3.9697899999999997,2.6816594813953483,90.2,Back-on-Track 2022,2026-03-22,3.0818227987488545,0,short
S14,Hinwil,Affoltern Am Albis,day,Hinwil → Affoltern am Albis,CH,CH,29.77,SBB (Schweizerische Bundesbahnen SBB),day,0.04899697674418605,0.151,1.4586399976744187,4.49527,3.0366300023255812,90.2,Back-on-Track 2022,2026-03-22,3.0818227987488545,0,short
S5,Affoltern Am Albis,Pfaffikon Sz,day,Affoltern am Albis → Pfaffikon Sz,CH,CH,26.31,SBB (Schweizerische Bundesbahnen SBB),day,0.04899697674418605,0.151,1.289110458139535,3.9728099999999995,2.6836995418604648,90.2,Back-on-Track 2022,2026-03-22,3.0818227987488545,0,short
S5,Rapperswil Sg,Affoltern Am Albis,day,Rapperswil Sg → Affoltern am Albis,CH,CH,28.51,SBB (Schweizerische Bundesbahnen SBB),day,0.04899697674418605,0.151,1.3969038069767443,4.30501,2.908106193023256,90.3,Back-on-Track 2022,2026-03-22,3.081822798748855,0,short
S5,Zug,Affoltern Am Albis,day,Zug → Affoltern am Albis,CH,CH,12.5,SBB (Schweizerische Bundesbahnen SBB),day,0.04899697674418605,0.151,0.6124622093023256,1.8875,1.2750377906976742,90.0,Back-on-Track 2022,2026-03-22,3.0818227987488545,0,short
P158,Agen,Auch,day,Agen → Auch,FR,FR,62.35,SNCF,day,0.04899697674418605,0.151,3.0549615000000006,9.41485,6.3598884999999985,90.3,Back-on-Track 2022,2026-03-22,3.081822798748854,0,short
D44,Agen,Bordeaux Saint Jean,night,Agen → Bordeaux Saint Jean,FR,FR,115.92,SNCF,night,0.04899697674418605,0.151,5.679729544186047,17.50392,11.824190455813953,90.3,Back-on-Track 2022,2026-03-22,3.0818227987488545,0,short
D44,Langon,Agen,day,Langon → Agen,FR,FR,79.65,SNCF,day,0.04899697674418605,0.151,3.902609197674419,12.02715,8.124540802325582,90.2,Back-on-Track 2022,2026-03-22,3.081822798748855,0,short
L34,Le Buisson,Agen,day,le Buisson → Agen,FR,FR,74.64,SNCF,day,0.04899697674418605,0.151,3.657134344186047,11.27064,7.613505655813953,90.3,Back-on-Track 2022,2026-03-22,3.081822798748855,0,short
L44,Agen,Marmande,day,Agen → Marmande,FR,FR,48.71,SNCF,day,0.04899697674418605,0.151,2.3866427372093026,7.35521,4.968567262790697,90.3,Back-on-Track 2022,2026-03-22,3.0818227987488545,0,short
L34,Monsempron Libos,Agen,day,Monsempron Libos → Agen,FR,FR,40.1,SNCF,day,0.04899697674418605,0.151,1.9647787674418606,6.0551,4.090321232558139,90.3,Back-on-Track 2022,2026-03-22,3.081822798748855,0,short
K11,Montauban Ville Bourbon,Agen,day,Montauban Ville Bourbon → Agen,FR,FR,61.43,SNCF,day,0.04899697674418605,0.151,3.0098842813953492,9.275929999999999,6.26604571860465,90.3,Back-on-Track 2022,2026-03-22,3.081822798748854,0,short
421C,Agen,Paris Montparnasse Hall 1 2,night,Agen → Paris Montparnasse Hall 1 2,FR,FR,531.31,SNCF,night,0.04899697674418605,0.151,26.03258371395349,80.22780999999999,54.195226286046505,90.3,Back-on-Track 2022,2026-03-22,3.0818227987488545,0,medium
L34,Agen,Perigueux,day,Agen → Perigueux,FR,FR,109.13,SNCF,day,0.04899697674418605,0.151,5.347040072093024,16.47863,11.131589927906976,90.3,Back-on-Track 2022,2026-03-22,3.0818227987488545,0,short
K11,Toulouse Matabiau,Agen,day,Toulouse Matabiau → Agen,FR,FR,94.09,SNCF,day,0.04899697674418605,0.151,4.610125541860466,14.20759,9.597464458139534,90.3,Back-on-Track 2022,2026-03-22,3.0818227987488545,0,short
R,Champery,Aigle,day,Champery → Aigle,CH,CH,17.3,TPC (Transports Publics du Chablais),day,0.04899697674418605,0.151,0.8476476976744187,2.6123,1.7646523023255811,90.4,Back-on-Track 2022,2026-03-22,3.0818227987488545,0,short
R,Aigle,Cossonay Penthalaz,day,Aigle → Cossonay Penthalaz,CH,CH,46.58,SBB (Schweizerische Bundesbahnen SBB),day,0.04899697674418605,0.151,2.2822791767441863,7.03358,4.751300823255813,90.3,Back-on-Track 2022,2026-03-22,3.0818227987488545,0,short
R,Les Diablerets,Aigle,day,les Diablerets → Aigle,CH,CH,15.18,TPC (Transports Publics du Chablais),day,0.04899697674418605,0.151,0.7437741069767443,2.29218,1.5484058930232558,90.4,Back-on-Track 2022,2026-03-22,3.0818227987488545,0,short
R,Troistorrents,Aigle,day,Troistorrents → Aigle,CH,CH,10.51,TPC (Transports Publics du Chablais),day,0.04899697674418605,0.151,0.5149582255813954,1.5870099999999998,1.0720517744186044,90.1,Back-on-Track 2022,2026-03-22,3.0818227987488545,0,short
P17,Saint Aignan Noyers,Tours,day,Saint Aignan Noyers → Tours,FR,FR,53.3,SNCF,day,0.04899697674418605,0.151,2.6115388604651164,8.0483,5.436761139534883,90.2,Back-on-Track 2022,2026-03-22,3.0818227987488545,0,short
P50,Lure,Aillevillers,day,Lure → Aillevillers,FR,FR,28.14,SNCF,day,0.04899697674418605,0.151,1.3787749255813955,4.24914,2.8703650744186042,90.4,Back-on-Track 2022,2026-03-22,3.0818227987488545,0,short
IR26,Airolo,Arth Goldau,day,Airolo → Arth Goldau,CH,CH,58.17,SOB-sob (Schweizerische Südostbahn (sob)),day,0.04899697674418605,0.151,2.8501541372093024,8.78367,5.933515862790698,90.3,Back-on-Track 2022,2026-03-22,3.081822798748855,0,short
S10,Airolo,Como Camerlata,day,Airolo → Como Camerlata,CH,CH,90.23,SBB (Schweizerische Bundesbahnen SBB),day,0.04899697674418605,0.151,4.420997211627908,13.62473,9.203732788372092,90.3,Back-on-Track 2022,2026-03-22,3.081822798748854,0,short
IR46,Erstfeld,Airolo,day,Erstfeld → Airolo,CH,CH,32.72,SOB-sob (Schweizerische Südostbahn (sob)),day,0.04899697674418605,0.151,1.6031810790697676,4.94072,3.337538920930232,90.2,Back-on-Track 2022,2026-03-22,3.0818227987488545,0,short
S10,Airolo,Mendrisio,day,Airolo → Mendrisio,CH,CH,78.56,SBB (Schweizerische Bundesbahnen SBB),day,0.04899697674418605,0.151,3.8492024930232565,11.86256,8.013357506976744,90.3,Back-on-Track 2022,2026-03-22,3.0818227987488545,0,short
P31,Aiton Salle Polyvalente,Saint Jean De Maurienne Arvan,day,Aiton Salle Polyvalente → Saint Jean de Maurienne Arvan,FR,FR,32.39,SNCF,day,0.04899697674418605,0.151,1.5870120767441862,4.89089,3.3038779232558135,90.3,Back-on-Track 2022,2026-03-22,3.0818227987488545,0,short
533A,Aix En Provence Tgv,Lille Flandres,day,Aix En Provence Tgv → Lille Flandres,FR,FR,816.38,SNCF,day,0.04899697674418605,0.151,40.000151874418606,123.27337999999999,83.27322812558138,90.3,Back-on-Track 2022,2026-03-22,3.0818227987488545,0,medium
631B,Paris Gare De Lyon Hall 1 2,Aix En Provence Tgv,day,Paris de Lyon Hall 1 2 → Aix En Provence Tgv,FR,FR,640.65,SNCF,day,0.04899697674418605,0.151,31.38991315116279,96.73814999999999,65.3482368488372,90.3,Back-on-Track 2022,2026-03-22,3.0818227987488545,0,medium
C2,Marseille Saint Charles,Aix En Provence,day,Marseille Saint Charles → Aix En Provence,FR,FR,25.04,SNCF,day,0.04899697674418605,0.151,1.2268842976744188,3.78104,2.5541557023255814,90.3,Back-on-Track 2022,2026-03-22,3.0818227987488545,0,short
C2,Aix En Provence,Pertuis,day,Aix En Provence → Pertuis,FR,FR,18.58,SNCF,day,0.04899697674418605,0.151,0.9103638279069768,2.8055799999999995,1.8952161720930227,90.3,Back-on-Track 2022,2026-03-22,3.0818227987488545,0,short
C21,Annecy,Aix Les Bains Le Revard,day,Annecy → Aix les Bains le Revard,FR,FR,28.93,SNCF,day,0.04899697674418605,0.151,1.4174825372093025,4.36843,2.9509474627906975,90.2,Back-on-Track 2022,2026-03-22,3.0818227987488545,0,short
K41,Aix Les Bains Le Revard,Bourg Saint Maurice,day,Aix les Bains le Revard → Bourg Saint Maurice,FR,FR,67.43,SNCF,day,0.04899697674418605,0.151,3.303866141860466,10.181930000000001,6.8780638581395355,90.3,Back-on-Track 2022,2026-03-22,3.081822798748855,0,short
C21,Aix Les Bains Le Revard,Chambery Challes Les Eaux,day,Aix les Bains le Revard → Chambery Challes les Eaux,FR,FR,13.02,SNCF,day,0.04899697674418605,0.151,0.6379406372093024,1.9660199999999999,1.3280793627906975,90.4,Back-on-Track 2022,2026-03-22,3.0818227987488545,0,short
K23,Aix Les Bains Le Revard,Lyon Part Dieu,day,Aix les Bains le Revard → Lyon Part Dieu,FR,FR,81.9,SNCF,day,0.04899697674418605,0.151,4.012852395348838,12.366900000000001,8.354047604651164,90.2,Back-on-Track 2022,2026-03-22,3.081822798748855,0,short
TGV,Paris Gare De Lyon,Aix Les Bains Le Revard,day,Paris de Lyon → Aix les Bains le Revard,CH,CH,440.74,SNCF (Société Nationale des Chemins de fer Français),day,0.04899697674418605,0.151,21.59492753023256,66.55174,44.956812469767435,90.3,Back-on-Track 2022,2026-03-22,3.0818227987488545,0,short
621B,Aix Les Bains Le Revard,Paris Gare De Lyon Hall 1 2,day,Aix les Bains le Revard → Paris de Lyon Hall 1 2,FR,FR,440.8,SNCF,day,0.04899697674418605,0.151,21.597867348837212,66.5608,44.96293265116279,90.3,Back-on-Track 2022,2026-03-22,3.0818227987488545,0,short
TER,Aix Les Bains Le Revard,Valence,day,Aix les Bains le Revard → Valence,CH,CH,116.01,SNCF (Société Nationale des Chemins de fer Français),day,0.04899697674418605,0.151,5.684139272093024,17.51751,11.833370727906978,90.3,Back-on-Track 2022,2026-03-22,3.081822798748855,0,short
K21,Valence Ville,Aix Les Bains Le Revard,day,Valence Ville → Aix les Bains le Revard,FR,FR,116.0,SNCF,day,0.04899697674418605,0.151,5.683649302325582,17.516,11.832350697674416,90.3,Back-on-Track 2022,2026-03-22,3.081822798748854,0,short
P21,Albert,Amiens,day,Albert → Amiens,FR,FR,27.23,SNCF Voyageurs EA,day,0.04899697674418605,0.151,1.3341876767441863,4.11173,2.7775423232558136,90.3,Back-on-Track 2022,2026-03-22,3.081822798748854,0,short
P41,Albertville,Moutiers Salins Brides Les B,day,Albertville → Moutiers Salins Brides les B,FR,FR,23.73,SNCF,day,0.04899697674418605,0.151,1.162698258139535,3.58323,2.420531741860465,90.4,Back-on-Track 2022,2026-03-22,3.0818227987488545,0,short
P2,Albi Ville,Carmaux,day,Albi Ville → Carmaux,FR,FR,14.1,SNCF,day,0.04899697674418605,0.151,0.6908573720930233,2.1290999999999998,1.4382426279069764,90.1,Back-on-Track 2022,2026-03-22,3.0818227987488545,0,short
555B,Albi Ville,Paris Austerlitz,day,Albi Ville → Paris Austerlitz,FR,FR,547.34,SNCF,day,0.04899697674418605,0.151,26.818005251162795,82.64834,55.83033474883721,90.3,Back-on-Track 2022,2026-03-22,3.0818227987488545,0,medium
P2,Albi Ville,Rodez,day,Albi Ville → Rodez,FR,FR,60.36,SNCF,day,0.04899697674418605,0.151,2.95745751627907,9.11436,6.15690248372093,90.2,Back-on-Track 2022,2026-03-22,3.0818227987488545,0,short
C2,Toulouse Matabiau,Albi Ville,day,Toulouse Matabiau → Albi Ville,FR,FR,64.94,SNCF,day,0.04899697674418605,0.151,3.181863669767442,9.80594,6.624076330232558,90.3,Back-on-Track 2022,2026-03-22,3.081822798748855,0,short
RB,Albstadt Ebingen,Mengen,day,Albstadt Ebingen → Mengen,CH,CH,28.84,DB Regio (DB Regio AG Baden-Württemberg),day,0.04899697674418605,0.151,1.4130728093023257,4.35484,2.9417671906976746,90.4,Back-on-Track 2022,2026-03-22,3.081822798748855,0,short
RB,Sigmaringen,Albstadt Ebingen,day,Sigmaringen → Albstadt Ebingen,CH,CH,19.93,DB Regio (DB Regio AG Baden-Württemberg),day,0.04899697674418605,0.151,0.976509746511628,3.00943,2.032920253488372,90.2,Back-on-Track 2022,2026-03-22,3.0818227987488545,0,short
K39,Alencon,Caen,day,Alencon → Caen,FR,FR,88.79,SNCF,day,0.04899697674418605,0.151,4.35044156511628,13.40729,9.056848434883719,90.3,Back-on-Track 2022,2026-03-22,3.081822798748854,0,short
P9,Chateau Du Loir,Alencon,day,Chateau du Loir → Alencon,FR,FR,86.71,SNCF,day,0.04899697674418605,0.151,4.248527853488373,13.09321,8.844682146511627,90.3,Back-on-Track 2022,2026-03-22,3.0818227987488545,0,short
P9,Alencon,Le Mans,day,Alencon → le Mans,FR,FR,49.23,SNCF,day,0.04899697674418605,0.151,2.4121211651162793,7.43373,5.02160883488372,90.3,Back-on-Track 2022,2026-03-22,3.0818227987488545,0,short
C424,Surdon,Alencon,day,Surdon → Alencon,FR,FR,25.81,SNCF,day,0.04899697674418605,0.151,1.2646119697674418,3.8973099999999996,2.6326980302325578,90.3,Back-on-Track 2022,2026-03-22,3.081822798748855,0,short
P30,Alencon,Tours,night,Alencon → Tours,FR,FR,124.25,SNCF,night,0.04899697674418605,0.151,6.087874360465117,18.76175,12.673875639534883,90.3,Back-on-Track 2022,2026-03-22,3.0818227987488545,0,short
C7,Ales,Genolhac,day,Ales → Genolhac,FR,FR,26.6,SNCF,day,0.04899697674418605,0.151,1.303319581395349,4.0166,2.7132804186046515,90.3,Back-on-Track 2022,2026-03-22,3.0818227987488545,0,short
P17,Ales,Langeac,day,Ales → Langeac,FR,FR,118.02,SNCF,day,0.04899697674418605,0.151,5.782623195348838,17.821019999999997,12.03839680465116,90.3,Back-on-Track 2022,2026-03-22,3.0818227987488545,0,short
INCONNU,Ales,Langogne,day,Ales → Langogne,FR,FR,69.64,OCEdefault,day,0.04899697674418605,0.151,3.4121494604651166,10.51564,7.103490539534883,90.3,Back-on-Track 2022,2026-03-22,3.0818227987488545,0,short
P7,Ales,Mende,day,Ales → Mende,FR,FR,63.84,SNCF,day,0.04899697674418605,0.151,3.127966995348838,9.63984,6.511873004651162,90.3,Back-on-Track 2022,2026-03-22,3.081822798748854,0,short
C7,Nimes Centre,Ales,day,Nimes Centre → Ales,FR,FR,39.81,SNCF,day,0.04899697674418605,0.151,1.9505696441860467,6.01131,4.060740355813953,90.2,Back-on-Track 2022,2026-03-22,3.0818227987488545,0,short
R,Lausanne,Allaman,day,Lausanne → Allaman,CH,CH,18.14,SBB (Schweizerische Bundesbahnen SBB),day,0.04899697674418605,0.151,0.888805158139535,2.73914,1.850334841860465,90.4,Back-on-Track 2022,2026-03-22,3.0818227987488545,0,short
R,Murten Morat,Allaman,day,Murten Morat → Allaman,CH,CH,74.01,SBB (Schweizerische Bundesbahnen SBB),day,0.04899697674418605,0.151,3.6262662488372097,11.175510000000001,7.549243751162791,90.2,Back-on-Track 2022,2026-03-22,3.081822798748855,0,short
R,Allaman,Payerne,day,Allaman → Payerne,CH,CH,56.24,SBB (Schweizerische Bundesbahnen SBB),day,0.04899697674418605,0.151,2.7555899720930235,8.49224,5.736650027906977,90.2,Back-on-Track 2022,2026-03-22,3.081822798748855,0,short
P45,Toul,Allamps E S A T,day,Toul → Allamps E S A T,FR,FR,16.35,SNCF,day,0.04899697674418605,0.151,0.801100569767442,2.46885,1.6677494302325582,90.2,Back-on-Track 2022,2026-03-22,3.0818227987488545,0,short
RB,Ulm Hbf,Allmendingen D,day,Ulm → Allmendingen d,CH,CH,20.81,DB Regio (DB Regio AG Baden-Württemberg),day,0.04899697674418605,0.151,1.0196270860465118,3.1423099999999997,2.122682913953488,90.3,Back-on-Track 2022,2026-03-22,3.0818227987488545,0,short
IC2,Altdorf Ur,Zurich Hb,day,Altdorf Ur → Zurich Hb,CH,CH,56.29,SBB (Schweizerische Bundesbahnen SBB),day,0.04899697674418605,0.151,2.758039820930233,8.499789999999999,5.741750179069767,90.3,Back-on-Track 2022,2026-03-22,3.0818227987488545,0,short
S1,Altnau,Feuerthalen,day,Altnau → Feuerthalen,CH,CH,47.1,THURBO (THURBO),day,0.04899697674418605,0.151,2.307757604651163,7.1121,4.8043423953488364,90.3,Back-on-Track 2022,2026-03-22,3.0818227987488545,0,short
S1,Altnau,Schaffhausen,day,Altnau → Schaffhausen,CH,CH,48.18,THURBO (THURBO),day,0.04899697674418605,0.151,2.3606743395348837,7.27518,4.914505660465116,90.3,Back-on-Track 2022,2026-03-22,3.081822798748855,0,short
S2,Altstatten Sg,Nesslau Neu St Johann,day,Altstatten Sg → Nesslau Neu St Johann,CH,CH,31.64,THURBO (THURBO),day,0.04899697674418605,0.151,1.5502643441860466,4.77764,3.2273756558139532,90.4,Back-on-Track 2022,2026-03-22,3.0818227987488545,0,short
S2,St Gallen,Altstatten Sg,day,St Gallen → Altstatten Sg,CH,CH,15.06,THURBO (THURBO),day,0.04899697674418605,0.151,0.737894469767442,2.27406,1.5361655302325579,90.3,Back-on-Track 2022,2026-03-22,3.0818227987488545,0,short
S5,Weinfelden,Altstatten Sg,day,Weinfelden → Altstatten Sg,CH,CH,40.01,THURBO (THURBO),day,0.04899697674418605,0.151,1.9603690395348838,6.04151,4.081140960465116,90.3,Back-on-Track 2022,2026-03-22,3.0818227987488545,0,short
P132,Saint Amand Montrond Orval,Bourges,day,Saint Amand Montrond Orval → Bourges,FR,FR,41.47,SNCF,day,0.04899697674418605,0.151,2.0319046255813955,6.26197,4.230065374418604,90.3,Back-on-Track 2022,2026-03-22,3.0818227987488545,0,short
P23,Saint Amand Montrond Orval,Montlucon,day,Saint Amand Montrond Orval → Montlucon,FR,FR,44.0,SNCF,day,0.04899697674418605,0.151,2.155866976744186,6.644,4.4881330232558145,90.2,Back-on-Track 2022,2026-03-22,3.081822798748855,0,short
P13,Amberieu En Bugey,Bourg En Bresse,day,Amberieu En Bugey → Bourg En Bresse,FR,FR,29.08,SNCF,day,0.04899697674418605,0.151,1.4248320837209303,4.39108,2.9662479162790696,90.2,Back-on-Track 2022,2026-03-22,3.0818227987488545,0,short
P13,Amberieu En Bugey,Bourg En Bresse Gare Routiere,day,Amberieu En Bugey → Bourg En Bresse,FR,FR,29.0,SNCF,day,0.04899697674418605,0.151,1.4209123255813956,4.379,2.958087674418604,90.2,Back-on-Track 2022,2026-03-22,3.081822798748854,0,short
P3,Chambery Challes Les Eaux,Amberieu En Bugey,day,Chambery Challes les Eaux → Amberieu En Bugey,FR,FR,61.77,SNCF,day,0.04899697674418605,0.151,3.0265432534883727,9.32727,6.300726746511628,90.3,Back-on-Track 2022,2026-03-22,3.0818227987488545,0,short
P3,Amberieu En Bugey,Culoz,day,Amberieu En Bugey → Culoz,FR,FR,35.94,SNCF,day,0.04899697674418605,0.151,1.7609513441860465,5.426939999999999,3.665988655813953,90.3,Back-on-Track 2022,2026-03-22,3.0818227987488545,0,short
C18,Amberieu En Bugey,Saint Etienne Chateaucreux,day,Amberieu En Bugey → Saint Etienne Chateaucreux,FR,FR,92.65,SNCF,day,0.04899697674418605,0.151,4.539569895348838,13.99015,9.450580104651163,90.3,Back-on-Track 2022,2026-03-22,3.0818227987488545,0,short
C18,Amberieu En Bugey,Lyon Part Dieu,day,Amberieu En Bugey → Lyon Part Dieu,FR,FR,43.15,SNCF,day,0.04899697674418605,0.151,2.114219546511628,6.51565,4.401430453488372,90.3,Back-on-Track 2022,2026-03-22,3.081822798748855,0,short
P13,Macon,Amberieu En Bugey,day,Macon → Amberieu En Bugey,FR,FR,55.61,SNCF,day,0.04899697674418605,0.151,2.7247218767441863,8.39711,5.672388123255813,90.3,Back-on-Track 2022,2026-03-22,3.0818227987488545,0,short
INCONNU,Amberieu En Bugey,Tenay Hauteville,day,Amberieu En Bugey → Tenay Hauteville,FR,FR,12.81,OCEdefault,day,0.04899697674418605,0.151,0.6276512720930233,1.93431,1.3066587279069766,90.2,Back-on-Track 2022,2026-03-22,3.081822798748855,0,short
INCONNU,Amberieu En Bugey,Virieu Le Grand Belley,day,Amberieu En Bugey → Virieu le Grand Belley,FR,FR,26.8,OCEdefault,day,0.04899697674418605,0.151,1.3131189767441862,4.0468,2.733681023255814,90.2,Back-on-Track 2022,2026-03-22,3.081822798748855,0,short
TER,Amberieu,Bourg En Bresse,day,Amberieu → Bourg En Bresse,CH,CH,29.06,SNCF (Société Nationale des Chemins de fer Français),day,0.04899697674418605,0.151,1.4238521441860466,4.388059999999999,2.964207855813953,90.2,Back-on-Track 2022,2026-03-22,3.0818227987488545,0,short
TER,Chambery Challes Les Eaux,Amberieu,day,Chambery Challes les Eaux → Amberieu,CH,CH,61.8,SNCF (Société Nationale des Chemins de fer Français),day,0.04899697674418605,0.151,3.028013162790698,9.3318,6.3037868372093016,90.2,Back-on-Track 2022,2026-03-22,3.0818227987488545,0,short
TER,Amberieu,Saint Etienne Chateaucreux,day,Amberieu → Saint Etienne Chateaucreux,CH,CH,92.6,SNCF (Société Nationale des Chemins de fer Français),day,0.04899697674418605,0.151,4.537120046511628,13.982599999999998,9.44547995348837,90.2,Back-on-Track 2022,2026-03-22,3.0818227987488545,0,short
TER,Amberieu,Lyon Part Dieu,day,Amberieu → Lyon Part Dieu,CH,CH,43.04,SNCF (Société Nationale des Chemins de fer Français),day,0.04899697674418605,0.151,2.1088298790697677,6.49904,4.390210120930233,90.3,Back-on-Track 2022,2026-03-22,3.0818227987488545,0,short
TER,Amberieu,Macon,day,Amberieu → Macon,CH,CH,55.61,SNCF (Société Nationale des Chemins de fer Français),day,0.04899697674418605,0.151,2.7247218767441863,8.39711,5.672388123255813,90.3,Back-on-Track 2022,2026-03-22,3.0818227987488545,0,short
EXT,Bellinzona,Ambri Piotta,day,Bellinzona → Ambri Piotta,CH,CH,43.69,SBB (Schweizerische Bundesbahnen SBB),day,0.04899697674418605,0.151,2.1406779139534886,6.597189999999999,4.45651208604651,90.3,Back-on-Track 2022,2026-03-22,3.0818227987488545,0,short
Amersfoort → Bad Bentheim,Amersfoort,Bad Bentheim,day,Amersfoort → Bad Bentheim,DE,DE,122.82,DB,day,0.04899697674418605,0.151,6.01780868372093,18.54582,12.52801131627907,90.3,Back-on-Track 2022,2026-03-22,3.081822798748855,0,short
Amersfoort → Berlin Ostbahnhof,Amersfoort,Berlin Ostbahnhof,day,Amersfoort → Berlin Ostbahnhof,DE,DE,548.92,DB,day,0.04899697674418605,0.151,26.895420474418604,82.88691999999999,55.99149952558139,90.3,Back-on-Track 2022,2026-03-22,3.0818227987488545,0,medium
Amersfoort → Berlin-Spandau,Amersfoort,Berlin Spandau,day,Amersfoort → Berlin Spandau,DE,DE,532.89,DB,day,0.04899697674418605,0.151,26.109998937209305,80.46638999999999,54.356391062790685,90.3,Back-on-Track 2022,2026-03-22,3.0818227987488545,0,medium
Amersfoort → Berlin Hbf (tief),Amersfoort,Berlin Hbf Tief,day,Amersfoort → Berlin,DE,DE,544.54,DB,day,0.04899697674418605,0.151,26.68081371627907,82.22554,55.54472628372093,90.3,Back-on-Track 2022,2026-03-22,3.081822798748855,0,medium
Amersfoort → Hannover Hbf,Amersfoort,Hannover Hbf,day,Amersfoort → Hannover,DE,DE,298.22,DB,day,0.04899697674418605,0.151,14.611878404651165,45.031220000000005,30.41934159534884,90.3,Back-on-Track 2022,2026-03-22,3.081822798748855,0,short
K44,Arras,Amiens,day,Arras → Amiens,FR,FR,55.51,SNCF,day,0.04899697674418605,0.151,2.7198221790697676,8.38201,5.662187820930232,90.2,Back-on-Track 2022,2026-03-22,3.0818227987488545,0,short
K21,Boulogne Sur Mer,Amiens,night,Boulogne Sur Mer → Amiens,FR,FR,104.29,SNCF,night,0.04899697674418605,0.151,5.109894704651164,15.74779,10.637895295348837,90.3,Back-on-Track 2022,2026-03-22,3.0818227987488545,0,short
K21,Calais Ville,Amiens,night,Calais Ville → Amiens,FR,FR,122.55,SNCF,night,0.04899697674418605,0.151,6.0045795,18.50505,12.5004705,90.3,Back-on-Track 2022,2026-03-22,3.081822798748855,0,short
P23,Amiens,Compiegne,day,Amiens → Compiegne,FR,FR,63.97,SNCF Voyageurs EA,day,0.04899697674418605,0.151,3.1343366023255816,9.659469999999999,6.525133397674417,90.2,Back-on-Track 2022,2026-03-22,3.0818227987488545,0,short
C10,Creil,Amiens,day,Creil → Amiens,FR,FR,70.66,SNCF,day,0.04899697674418605,0.151,3.462126376744186,10.669659999999999,7.207533623255813,90.3,Back-on-Track 2022,2026-03-22,3.0818227987488545,0,short
K44,Douai,Amiens,day,Douai → Amiens,FR,FR,77.24,SNCF,day,0.04899697674418605,0.151,3.7845264837209305,11.663239999999998,7.878713516279068,90.3,Back-on-Track 2022,2026-03-22,3.0818227987488545,0,short
K90+,Dunkerque,Amiens,day,Dunkerque → Amiens,FR,FR,126.82,SNCF,day,0.04899697674418605,0.151,6.213796590697674,19.14982,12.936023409302324,90.3,Back-on-Track 2022,2026-03-22,3.081822798748855,0,short
K16,Amiens,Etaples Le Touquet,day,Amiens → Etaples le Touquet,FR,FR,84.2,SNCF,day,0.04899697674418605,0.151,4.125545441860465,12.7142,8.588654558139535,90.3,Back-on-Track 2022,2026-03-22,3.081822798748855,0,short
P20,Laon,Amiens,night,Laon → Amiens,FR,FR,101.06,SNCF Voyageurs EA,night,0.04899697674418605,0.151,4.951634469767442,15.26006,10.308425530232558,90.3,Back-on-Track 2022,2026-03-22,3.0818227987488545,0,short
K90+,Amiens,Lille Europe,day,Amiens → Lille Europe,FR,FR,99.54,SNCF,day,0.04899697674418605,0.151,4.87715906511628,15.03054,10.153380934883721,90.3,Back-on-Track 2022,2026-03-22,3.0818227987488545,0,short
K44,Amiens,Lille Flandres,day,Amiens → Lille Flandres,FR,FR,99.05,SNCF,day,0.04899697674418605,0.151,4.853150546511628,14.956549999999998,10.10339945348837,90.3,Back-on-Track 2022,2026-03-22,3.0818227987488545,0,short
C10,Amiens,Paris Gare Du Nord,night,Amiens → Paris du Nord,FR,FR,112.41,SNCF,night,0.04899697674418605,0.151,5.507750155813953,16.97391,11.466159844186047,90.3,Back-on-Track 2022,2026-03-22,3.081822798748855,0,short
K20,Saint Quentin,Amiens,day,Saint Quentin → Amiens,FR,FR,71.09,SNCF Voyageurs EA,day,0.04899697674418605,0.151,3.4831950767441864,10.73459,7.251394923255814,90.2,Back-on-Track 2022,2026-03-22,3.081822798748855,0,short
K21,Rang Du Fliers Verton Berck,Amiens,day,Rang du Fliers Verton Berck → Amiens,FR,FR,74.99,SNCF,day,0.04899697674418605,0.151,3.6742832860465118,11.32349,7.649206713953488,90.3,Back-on-Track 2022,2026-03-22,3.081822798748855,0,short
P45,Amiens,Rouen Rive Droite,night,Amiens → Rouen Rive Droite,FR,FR,100.25,SNCF,night,0.04899697674418605,0.151,4.911946918604651,15.137749999999999,10.225803081395348,90.3,Back-on-Track 2022,2026-03-22,3.0818227987488545,0,short
P20,Amiens,Tergnier,day,Amiens → Tergnier,FR,FR,75.54,SNCF Voyageurs EA,day,0.04899697674418605,0.151,3.7012316232558145,11.406540000000001,7.705308376744187,90.3,Back-on-Track 2022,2026-03-22,3.081822798748855,0,short
TER,Belfort,Saint Amour,day,Belfort → Saint Amour,CH,CH,176.21,SNCF (Société Nationale des Chemins de fer Français),day,0.04899697674418605,0.151,8.633757272093025,26.60771,17.973952727906976,90.3,Back-on-Track 2022,2026-03-22,3.0818227987488545,0,short
TER,Besancon Viotte,Saint Amour,day,Besancon Viotte → Saint Amour,CH,CH,104.5,SNCF (Société Nationale des Chemins de fer Français),day,0.04899697674418605,0.151,5.120184069767443,15.779499999999999,10.659315930232555,90.3,Back-on-Track 2022,2026-03-22,3.0818227987488545,0,short
P7,Saint Amour,Dijon,night,Saint Amour → Dijon,FR,FR,101.65,SNCF,night,0.04899697674418605,0.151,4.980542686046513,15.34915,10.368607313953486,90.3,Back-on-Track 2022,2026-03-22,3.081822798748854,0,short
Amsterdam Centraal → Bad Bentheim,Amsterdam Centraal,Bad Bentheim,day,Amsterdam Centraal → Bad Bentheim,DE,DE,153.65,DB,day,0.04899697674418605,0.151,7.528385476744187,23.20115,15.672764523255811,90.3,Back-on-Track 2022,2026-03-22,3.081822798748854,0,short
Amsterdam Centraal → Basel SBB,Amsterdam Centraal,Basel Sbb,day,Amsterdam Centraal → Basel Sbb,DE,DE,570.58,DB,day,0.04899697674418605,0.151,27.956694990697677,86.15758000000001,58.20088500930233,90.3,Back-on-Track 2022,2026-03-22,3.081822798748855,0,medium
ICE 77,Amsterdam Centraal,Berlin Hbf,day,Amsterdam Centraal → Berlin,DE,DE,573.83,DB,day,0.04899697674418605,0.151,28.115935165116284,86.64833,58.53239483488372,90.3,Back-on-Track 2022,2026-03-22,3.0818227987488545,0,medium
Amsterdam Centraal → Berlin Ostbahnhof,Amsterdam Centraal,Berlin Ostbahnhof,night,Amsterdam Centraal → Berlin Ostbahnhof,DE,DE,578.33,DB,night,0.04899697674418605,0.151,28.33642156046512,87.32783,58.99140843953489,90.3,Back-on-Track 2022,2026-03-22,3.081822798748855,0,medium
Amsterdam Centraal → Berlin-Spandau,Amsterdam Centraal,Berlin Spandau,day,Amsterdam Centraal → Berlin Spandau,DE,DE,562.17,DB,day,0.04899697674418605,0.151,27.54463041627907,84.88766999999999,57.343039583720916,90.3,Back-on-Track 2022,2026-03-22,3.0818227987488545,0,medium
Amsterdam Centraal → Berlin Hbf (tief),Amsterdam Centraal,Berlin Hbf Tief,day,Amsterdam Centraal → Berlin,DE,DE,573.87,DB,day,0.04899697674418605,0.151,28.11789504418605,86.65437,58.53647495581395,90.3,Back-on-Track 2022,2026-03-22,3.0818227987488545,0,medium
BEBMI -> NLAMA,Bruxelles Midi,Amsterdam Centraal,night,Bruxelles Midi → Amsterdam Centraal,BE,NL,176.03,Eurostar,night,0.04899697674418605,0.151,8.62493781627907,26.58053,17.95559218372093,90.3,Back-on-Track 2022,2026-03-22,3.081822798748855,1,short
IC,Amsterdam Centraal,Eindhoven Centraal,day,Amsterdam Centraal → Eindhoven Centraal,NL,NL,111.44,DB Fernverkehr (Codesharing),day,0.04899697674418605,0.151,5.460223088372094,16.82744,11.367216911627906,90.3,Back-on-Track 2022,2026-03-22,3.0818227987488545,0,short
Frankfurt(Main)Hbf → Amsterdam Centraal,Frankfurt Main Hbf,Amsterdam Centraal,night,Frankfurt Main → Amsterdam Centraal,DE,DE,363.9,NS,night,0.04899697674418605,0.151,17.829999837209304,54.948899999999995,37.118900162790695,90.3,Back-on-Track 2022,2026-03-22,3.0818227987488545,0,short
Amsterdam Centraal → Freiburg(Breisgau) Hbf,Amsterdam Centraal,Freiburg Breisgau Hbf,day,Amsterdam Centraal → Freiburg Breisgau,DE,DE,530.2,DB,day,0.04899697674418605,0.151,25.978197069767447,80.06020000000001,54.08200293023256,90.3,Back-on-Track 2022,2026-03-22,3.081822798748855,0,medium
Amsterdam Centraal → Hannover Hbf,Amsterdam Centraal,Hannover Hbf,day,Amsterdam Centraal → Hannover,DE,DE,328.58,DB,day,0.04899697674418605,0.151,16.099426618604653,49.615579999999994,33.51615338139534,90.3,Back-on-Track 2022,2026-03-22,3.081822798748854,0,short
Amsterdam Centraal → Karlsruhe Hbf,Amsterdam Centraal,Karlsruhe Hbf,day,Amsterdam Centraal → Karlsruhe,DE,DE,450.02,DB,day,0.04899697674418605,0.151,22.049619474418606,67.95302,45.90340052558139,90.3,Back-on-Track 2022,2026-03-22,3.0818227987488545,0,short
Amsterdam Centraal → Köln Hbf,Amsterdam Centraal,Koln Hbf,day,Amsterdam Centraal → Koln,DE,DE,213.71,DB,day,0.04899697674418605,0.151,10.471143900000001,32.27021,21.799066099999997,90.3,Back-on-Track 2022,2026-03-22,3.0818227987488545,0,short
FRMLV -> NLAMA,Marne La Vallee Chessy,Amsterdam Centraal,day,Marne la Vallee Chessy → Amsterdam Centraal,FR,NL,417.72,Eurostar,day,0.04899697674418605,0.151,20.4670171255814,63.075720000000004,42.608702874418604,90.3,Back-on-Track 2022,2026-03-22,3.0818227987488545,1,short
Amsterdam Centraal → Offenburg,Amsterdam Centraal,Offenburg,day,Amsterdam Centraal → Offenburg,DE,DE,484.58,DB,day,0.04899697674418605,0.151,23.742954990697676,73.17157999999999,49.428625009302316,90.3,Back-on-Track 2022,2026-03-22,3.0818227987488545,0,short
NLAMA -> FRPNO,Amsterdam Centraal,Paris Nord,night,Amsterdam Centraal → Paris Nord,NL,FR,428.33,Eurostar,night,0.04899697674418605,0.151,20.98687504883721,64.67783,43.690954951162794,90.3,Back-on-Track 2022,2026-03-22,3.081822798748855,1,short
GBSPX -> NLAMA,St Pancras International,Amsterdam Centraal,day,St Pancras International → Amsterdam Centraal,GB,NL,357.02,Eurostar,day,0.04899697674418605,0.151,17.492900637209303,53.910019999999996,36.41711936279069,90.3,Back-on-Track 2022,2026-03-22,3.0818227987488545,1,short
CJX5,Amstetten Bahnhof,Wien Westbahnhof,night,Amstetten → Wien Westbahnhof,AT,AT,108.45,ÖBB,night,0.04899697674418605,0.151,5.313722127906978,16.37595,11.062227872093022,90.3,Back-on-Track 2022,2026-03-22,3.0818227987488545,0,short
C4,Nantes,Ancenis Bis,day,Nantes → Ancenis Bis,FR,FR,32.25,SNCF,day,0.04899697674418605,0.151,1.5801525,4.86975,3.2895974999999997,90.3,Back-on-Track 2022,2026-03-22,3.0818227987488545,0,short
C42,Ancenis Bis,Savenay,day,Ancenis Bis → Savenay,FR,FR,58.25,SNCF,day,0.04899697674418605,0.151,2.8540738953488374,8.79575,5.941676104651163,90.2,Back-on-Track 2022,2026-03-22,3.081822798748855,0,short
C4,Ancenis,Nantes,day,Ancenis → Nantes,FR,FR,32.25,SNCF,day,0.04899697674418605,0.151,1.5801525,4.86975,3.2895974999999997,90.3,Back-on-Track 2022,2026-03-22,3.0818227987488545,0,short
C42,Savenay,Ancenis,day,Savenay → Ancenis,FR,FR,58.25,SNCF,day,0.04899697674418605,0.151,2.8540738953488374,8.79575,5.941676104651163,90.2,Back-on-Track 2022,2026-03-22,3.081822798748855,0,short
S24,Andelfingen,Thalwil,day,Andelfingen → Thalwil,CH,CH,34.19,SBB (Schweizerische Bundesbahnen SBB),day,0.04899697674418605,0.151,1.675206634883721,5.16269,3.4874833651162787,90.2,Back-on-Track 2022,2026-03-22,3.081822798748855,0,short
S24,Zug,Andelfingen,day,Zug → Andelfingen,CH,CH,48.29,SBB (Schweizerische Bundesbahnen SBB),day,0.04899697674418605,0.151,2.3660640069767442,7.29179,4.9257259930232555,90.2,Back-on-Track 2022,2026-03-22,3.081822798748855,0,short
INCONNU,Andelot,Saint Claude,day,Andelot → Saint Claude,FR,FR,52.43,OCEdefault,day,0.04899697674418605,0.151,2.5689114906976744,7.91693,5.348018509302325,90.3,Back-on-Track 2022,2026-03-22,3.081822798748855,0,short
P18,Andelot,Dole,day,Andelot → Dole,FR,FR,42.25,SNCF,day,0.04899697674418605,0.151,2.0701222674418607,6.37975,4.309627732558139,90.3,Back-on-Track 2022,2026-03-22,3.0818227987488545,0,short
R,Brig Bahnhofplatz,Andermatt,day,Brig Bahnhofplatz → Andermatt,CH,CH,58.39,MGB-fo (Matterhorn Gotthard Bahn (fo)),day,0.04899697674418605,0.151,2.8609334720930235,8.816889999999999,5.9559565279069755,90.2,Back-on-Track 2022,2026-03-22,3.0818227987488545,0,short
R,Andermatt,Disentis Muster,day,Andermatt → Disentis Muster,CH,CH,21.37,MGB-fo (Matterhorn Gotthard Bahn (fo)),day,0.04899697674418605,0.151,1.0470653930232559,3.22687,2.1798046069767443,90.3,Back-on-Track 2022,2026-03-22,3.081822798748855,0,short
R,Oberwald,Andermatt,day,Oberwald → Andermatt,CH,CH,22.47,MGB-fo (Matterhorn Gotthard Bahn (fo)),day,0.04899697674418605,0.151,1.1009620674418605,3.3929699999999996,2.292007932558139,90.4,Back-on-Track 2022,2026-03-22,3.0818227987488545,0,short
R,Visp,Andermatt,day,Visp → Andermatt,CH,CH,66.53,MGB-fo (Matterhorn Gotthard Bahn (fo)),day,0.04899697674418605,0.151,3.259768862790698,10.04603,6.786261137209301,90.3,Back-on-Track 2022,2026-03-22,3.0818227987488545,0,short
C31,Chambery Challes Les Eaux,Saint Andre Le Gaz,day,Chambery Challes les Eaux → Saint Andre le Gaz,FR,FR,30.92,SNCF,day,0.04899697674418605,0.151,1.5149865209302327,4.66892,3.1539334790697673,90.3,Back-on-Track 2022,2026-03-22,3.081822798748855,0,short
C31,Grenoble,Saint Andre Le Gaz,day,Grenoble → Saint Andre le Gaz,FR,FR,41.98,SNCF,day,0.04899697674418605,0.151,2.0568930837209303,6.338979999999999,4.282086916279069,90.2,Back-on-Track 2022,2026-03-22,3.0818227987488545,0,short
C6,Saint Andre Le Gaz,Grenoble Europole,day,Saint Andre le Gaz → Grenoble Europole,FR,FR,41.96,SNCF,day,0.04899697674418605,0.151,2.0559131441860465,6.33596,4.2800468558139535,90.2,Back-on-Track 2022,2026-03-22,3.081822798748855,0,short
C31,Grenoble Universites Gieres,Saint Andre Le Gaz,day,Grenoble Universites Gieres → Saint Andre le Gaz,FR,FR,44.86,SNCF,day,0.04899697674418605,0.151,2.198004376744186,6.77386,4.575855623255814,90.2,Back-on-Track 2022,2026-03-22,3.081822798748855,0,short
C26,Saint Andre Le Gaz,Lyon Perrache,day,Saint Andre le Gaz → Lyon Perrache,FR,FR,58.84,SNCF,day,0.04899697674418605,0.151,2.8829821116279075,8.88484,6.001857888372093,90.3,Back-on-Track 2022,2026-03-22,3.0818227987488545,0,short
P3,Chartres,Angers Saint Laud,day,Chartres → Angers Saint Laud,FR,FR,187.06,SNCF,day,0.04899697674418605,0.151,9.165374469767443,28.24606,19.080685530232557,90.3,Back-on-Track 2022,2026-03-22,3.0818227987488545,0,short
C20,Angers Saint Laud,Cholet,day,Angers Saint Laud → Cholet,FR,FR,50.26,SNCF,day,0.04899697674418605,0.151,2.4625880511627907,7.5892599999999995,5.126671948837209,90.3,Back-on-Track 2022,2026-03-22,3.081822798748855,0,short
P15,Angers Saint Laud,Le Mans,day,Angers Saint Laud → le Mans,FR,FR,81.41,SNCF,day,0.04899697674418605,0.151,3.9888438767441863,12.29291,8.304066123255813,90.3,Back-on-Track 2022,2026-03-22,3.0818227987488545,0,short
P1,Nantes,Angers Saint Laud,day,Nantes → Angers Saint Laud,FR,FR,79.16,SNCF,day,0.04899697674418605,0.151,3.8786006790697676,11.953159999999999,8.07455932093023,90.3,Back-on-Track 2022,2026-03-22,3.0818227987488545,0,short
411C,Paris Montparnasse Hall 1 2,Angers Saint Laud,day,Paris Montparnasse Hall 1 2 → Angers Saint Laud,FR,FR,262.62,SNCF,day,0.04899697674418605,0.151,12.86758603255814,39.65562,26.78803396744186,90.3,Back-on-Track 2022,2026-03-22,3.0818227987488545,0,short
P1,Angers Saint Laud,Saumur,day,Angers Saint Laud → Saumur,FR,FR,42.54,SNCF,day,0.04899697674418605,0.151,2.0843313906976744,6.42354,4.339208609302325,90.2,Back-on-Track 2022,2026-03-22,3.081822798748855,0,short
P65,Angers Saint Laud,Thouars,day,Angers Saint Laud → Thouars,FR,FR,59.41,SNCF,day,0.04899697674418605,0.151,2.910910388372093,8.97091,6.059999611627907,90.3,Back-on-Track 2022,2026-03-22,3.081822798748855,0,short
P1,Tours,Angers Saint Laud,day,Tours → Angers Saint Laud,FR,FR,94.37,SNCF,day,0.04899697674418605,0.151,4.623844695348838,14.24987,9.626025304651161,90.3,Back-on-Track 2022,2026-03-22,3.0818227987488545,0,short
P8,Orleans,Angerville,day,Orleans → Angerville,FR,FR,45.5,SNCF,day,0.04899697674418605,0.151,2.229362441860465,6.8705,4.641137558139535,90.2,Back-on-Track 2022,2026-03-22,3.081822798748855,0,short
P8,Toury,Angerville,day,Toury → Angerville,FR,FR,13.95,SNCF,day,0.04899697674418605,0.151,0.6835078255813953,2.1064499999999997,1.4229421744186044,90.0,Back-on-Track 2022,2026-03-22,3.0818227987488545,0,short
L13,Bordeaux Saint Jean,Angouleme,night,Bordeaux Saint Jean → Angouleme,FR,FR,107.98,SNCF,night,0.04899697674418605,0.151,5.2906935488372095,16.30498,11.014286451162791,90.3,Back-on-Track 2022,2026-03-22,3.081822798748855,0,short
L12+,Angouleme,Chatellerault,day,Angouleme → Chatellerault,FR,FR,132.88,SNCF,day,0.04899697674418605,0.151,6.510718269767442,20.06488,13.554161730232558,90.3,Back-on-Track 2022,2026-03-22,3.081822798748855,0,short
L16,La Rochelle Porte Dauphine,Angouleme,day,la Rochelle Porte Dauphine → Angouleme,FR,FR,116.79,SNCF,day,0.04899697674418605,0.151,5.722356913953489,17.63529,11.912933086046511,90.2,Back-on-Track 2022,2026-03-22,3.0818227987488545,0,short
L13,Angouleme,Libourne,day,Angouleme → Libourne,FR,FR,87.82,SNCF,day,0.04899697674418605,0.151,4.3029144976744185,13.260819999999999,8.95790550232558,90.3,Back-on-Track 2022,2026-03-22,3.081822798748855,0,short
L12,Poitiers,Angouleme,day,Poitiers → Angouleme,FR,FR,104.08,SNCF,day,0.04899697674418605,0.151,5.099605339534884,15.71608,10.616474660465116,90.3,Back-on-Track 2022,2026-03-22,3.0818227987488545,0,short
L16,Royan,Angouleme,day,Royan → Angouleme,FR,FR,91.89,SNCF,day,0.04899697674418605,0.151,4.502332193023256,13.87539,9.373057806976743,90.2,Back-on-Track 2022,2026-03-22,3.0818227987488545,0,short
L16,Saintes,Angouleme,day,Saintes → Angouleme,FR,FR,61.68,SNCF,day,0.04899697674418605,0.151,3.0221335255813955,9.31368,6.291546474418604,90.3,Back-on-Track 2022,2026-03-22,3.081822798748855,0,short
L2,Annemasse,Annecy,day,Annemasse → Annecy,FR,FR,34.21,SNCF,day,0.04899697674418605,0.151,1.6761865744186049,5.16571,3.489523425581395,90.3,Back-on-Track 2022,2026-03-22,3.0818227987488545,0,short
K21,Annecy,Avignon Centre,day,Annecy → Avignon Centre,FR,FR,241.34,SNCF,day,0.04899697674418605,0.151,11.824930367441862,36.44234,24.61740963255814,90.3,Back-on-Track 2022,2026-03-22,3.0818227987488545,0,short
C21,Chambery Challes Les Eaux,Annecy,day,Chambery Challes les Eaux → Annecy,FR,FR,39.99,SNCF,day,0.04899697674418605,0.151,1.9593891000000003,6.03849,4.0791009,90.3,Back-on-Track 2022,2026-03-22,3.0818227987488545,0,short
E04,Annecy,Chamonix Mont Blanc,day,Annecy → Chamonix Mont Blanc,FR,FR,58.21,SNCF,day,0.04899697674418605,0.151,2.85211401627907,8.78971,5.93759598372093,90.3,Back-on-Track 2022,2026-03-22,3.0818227987488545,0,short
L2,Annecy,Coppet,day,Annecy → Coppet,FR,FR,46.46,SNCF,day,0.04899697674418605,0.151,2.276399539534884,7.01546,4.739060460465116,90.3,Back-on-Track 2022,2026-03-22,3.0818227987488545,0,short
L2,Annecy,Geneve Cornavin,day,Annecy → Geneve Cornavin,FR,FR,34.3,SNCF,day,0.04899697674418605,0.151,1.6805963023255814,5.1793,3.498703697674418,90.3,Back-on-Track 2022,2026-03-22,3.0818227987488545,0,short
C13,Saint Gervais Les Bains Le Fayet,Annecy,day,Saint Gervais les Bains le Fayet → Annecy,FR,FR,44.84,SNCF,day,0.04899697674418605,0.151,2.197024437209303,6.770840000000001,4.573815562790697,90.2,Back-on-Track 2022,2026-03-22,3.0818227987488545,0,short
K21,Grenoble,Annecy,day,Grenoble → Annecy,FR,FR,85.14,SNCF,day,0.04899697674418605,0.151,4.171602600000001,12.85614,8.6845374,90.3,Back-on-Track 2022,2026-03-22,3.0818227987488545,0,short
C13,Annecy,La Roche Sur Foron,day,Annecy → la Roche Sur Foron,FR,FR,23.16,SNCF,day,0.04899697674418605,0.151,1.134769981395349,3.49716,2.362390018604651,90.4,Back-on-Track 2022,2026-03-22,3.081822798748855,0,short
K23,Annecy,Lyon Part Dieu,day,Annecy → Lyon Part Dieu,FR,FR,99.06,SNCF,day,0.04899697674418605,0.151,4.853640516279071,14.95806,10.104419483720928,90.3,Back-on-Track 2022,2026-03-22,3.0818227987488545,0,short
K23,Lyon Part Dieu Gare Routiere,Annecy,day,Lyon Part Dieu → Annecy,FR,FR,98.78,SNCF,day,0.04899697674418605,0.151,4.839921362790698,14.91578,10.0758586372093,90.3,Back-on-Track 2022,2026-03-22,3.0818227987488545,0,short
621B,Annecy,Marne La Vallee Chessy,night,Annecy → Marne la Vallee Chessy,FR,FR,414.77,SNCF,night,0.04899697674418605,0.151,20.322476044186047,62.630269999999996,42.30779395581395,90.3,Back-on-Track 2022,2026-03-22,3.081822798748855,0,short
TGV,Paris Gare De Lyon,Annecy,day,Paris de Lyon → Annecy,CH,CH,431.99,SNCF (Société Nationale des Chemins de fer Français),day,0.04899697674418605,0.151,21.166203983720933,65.23049,44.06428601627907,90.3,Back-on-Track 2022,2026-03-22,3.0818227987488545,0,short
621B,Annecy,Paris Gare De Lyon Hall 1 2,night,Annecy → Paris de Lyon Hall 1 2,FR,FR,432.04,SNCF,night,0.04899697674418605,0.151,21.168653832558142,65.23804,44.069386167441856,90.3,Back-on-Track 2022,2026-03-22,3.0818227987488545,0,short
C21,Rumilly,Annecy,day,Rumilly → Annecy,FR,FR,14.14,SNCF,day,0.04899697674418605,0.151,0.6928172511627908,2.13514,1.442322748837209,90.2,Back-on-Track 2022,2026-03-22,3.081822798748854,0,short
TER,Annecy,St Gervais Les Bains Le Fayet,day,Annecy → St Gervais les Bains le Fayet,CH,CH,44.84,SNCF (Société Nationale des Chemins de fer Français),day,0.04899697674418605,0.151,2.197024437209303,6.770840000000001,4.573815562790697,90.2,Back-on-Track 2022,2026-03-22,3.0818227987488545,0,short
TER,Annecy,Valence,day,Annecy → Valence,CH,CH,144.67,SNCF (Société Nationale des Chemins de fer Français),day,0.04899697674418605,0.151,7.088392625581395,21.845169999999996,14.7567773744186,90.3,Back-on-Track 2022,2026-03-22,3.0818227987488545,0,short
K21,Annecy,Valence Ville,night,Annecy → Valence Ville,FR,FR,144.65,SNCF,night,0.04899697674418605,0.151,7.0874126860465125,21.84215,14.754737313953488,90.3,Back-on-Track 2022,2026-03-22,3.0818227987488545,0,short
C33,Annemasse,Bellegarde,day,Annemasse → Bellegarde,FR,FR,33.34,SNCF,day,0.04899697674418605,0.151,1.633559204651163,5.03434,3.400780795348837,90.2,Back-on-Track 2022,2026-03-22,3.0818227987488545,0,short
TER,Bellegarde Sur Valserine,Annemasse,day,Bellegarde Sur Valserine → Annemasse,CH,CH,33.11,SNCF (Société Nationale des Chemins de fer Français),day,0.04899697674418605,0.151,1.6222899000000002,4.99961,3.3773200999999995,90.4,Back-on-Track 2022,2026-03-22,3.0818227987488545,0,short
E13,Annemasse,Chambery Challes Les Eaux,day,Annemasse → Chambery Challes les Eaux,FR,FR,74.01,SNCF,day,0.04899697674418605,0.151,3.6262662488372097,11.175510000000001,7.549243751162791,90.2,Back-on-Track 2022,2026-03-22,3.081822798748855,0,short
L1,Annemasse,Coppet,day,Annemasse → Coppet,FR,FR,13.66,SNCF,day,0.04899697674418605,0.151,0.6692987023255814,2.06266,1.3933612976744187,90.4,Back-on-Track 2022,2026-03-22,3.081822798748855,0,short
C33,Annemasse,Evian Les Bains,day,Annemasse → Evian les Bains,FR,FR,34.27,SNCF,day,0.04899697674418605,0.151,1.679126393023256,5.1747700000000005,3.4956436069767447,90.3,Back-on-Track 2022,2026-03-22,3.081822798748855,0,short
C43,Annemasse,Saint Gervais Les Bains Le Fayet,day,Annemasse → Saint Gervais les Bains le Fayet,FR,FR,48.45,SNCF,day,0.04899697674418605,0.151,2.373903523255814,7.31595,4.942046476744186,90.3,Back-on-Track 2022,2026-03-22,3.081822798748855,0,short
E02,Annemasse,Grenoble,day,Annemasse → Grenoble,FR,FR,119.04,SNCF,day,0.04899697674418605,0.151,5.832600111627908,17.97504,12.142439888372092,90.3,Back-on-Track 2022,2026-03-22,3.0818227987488545,0,short
C43,Annemasse,La Roche Sur Foron,day,Annemasse → la Roche Sur Foron,FR,FR,15.54,SNCF,day,0.04899697674418605,0.151,0.7614130186046512,2.3465399999999996,1.5851269813953484,90.2,Back-on-Track 2022,2026-03-22,3.0818227987488545,0,short
RE,Lausanne,Annemasse,day,Lausanne → Annemasse,CH,CH,46.41,SBB (Schweizerische Bundesbahnen SBB),day,0.04899697674418605,0.151,2.2739496906976746,7.007909999999999,4.733960309302324,90.3,Back-on-Track 2022,2026-03-22,3.081822798748854,0,short
RE,Martigny,Annemasse,day,Martigny → Annemasse,CH,CH,65.74,SBB (Schweizerische Bundesbahnen SBB),day,0.04899697674418605,0.151,3.2210612511627907,9.926739999999999,6.705678748837208,90.3,Back-on-Track 2022,2026-03-22,3.0818227987488545,0,short
TER,Annemasse,St Gervais Les Bains Le Fayet,day,Annemasse → St Gervais les Bains le Fayet,CH,CH,48.44,SNCF (Société Nationale des Chemins de fer Français),day,0.04899697674418605,0.151,2.3734135534883722,7.314439999999999,4.941026446511627,90.3,Back-on-Track 2022,2026-03-22,3.0818227987488545,0,short
RE,Annemasse,St Maurice,day,Annemasse → St Maurice,CH,CH,58.95,SBB (Schweizerische Bundesbahnen SBB),day,0.04899697674418605,0.151,2.8883717790697676,8.90145,6.0130782209302325,90.2,Back-on-Track 2022,2026-03-22,3.081822798748855,0,short
L1,Thonon Les Bains,Annemasse,day,Thonon les Bains → Annemasse,FR,FR,26.67,SNCF,day,0.04899697674418605,0.151,1.3067493697674422,4.02717,2.7204206302325575,90.4,Back-on-Track 2022,2026-03-22,3.081822798748854,0,short
L7,Vernier,Annemasse,day,Vernier → Annemasse,FR,FR,11.22,SNCF,day,0.04899697674418605,0.151,0.5497460790697675,1.69422,1.1444739209302326,90.1,Back-on-Track 2022,2026-03-22,3.081822798748855,0,short
RE,Villeneuve Vd,Annemasse,day,Villeneuve Vd → Annemasse,CH,CH,57.49,SBB (Schweizerische Bundesbahnen SBB),day,0.04899697674418605,0.151,2.816836193023256,8.68099,5.864153806976743,90.3,Back-on-Track 2022,2026-03-22,3.0818227987488545,0,short
E06,Annonay Gare Routiere,Grenoble,day,Annonay → Grenoble,FR,FR,82.1,SNCF,day,0.04899697674418605,0.151,4.022651790697674,12.397099999999998,8.374448209302324,90.3,Back-on-Track 2022,2026-03-22,3.0818227987488545,0,short
A03,Annonay Gare Routiere,Le Peage De Roussillon,day,Annonay → le Peage de Roussillon,FR,FR,17.35,Conseil Régional Auvergne - Rhône-Alpes,day,0.04899697674418605,0.151,0.850097546511628,2.61985,1.769752453488372,90.4,Back-on-Track 2022,2026-03-22,3.0818227987488545,0,short
A03,Lyon Part Dieu Gare Routiere,Annonay Gare Routiere,day,Lyon Part Dieu → Annonay,FR,FR,59.49,Conseil Régional Auvergne - Rhône-Alpes,day,0.04899697674418605,0.151,2.9148301465116284,8.98299,6.068159853488371,90.3,Back-on-Track 2022,2026-03-22,3.081822798748854,0,short
E06,Annonay Gare Routiere,Saint Martin D Heres,day,Annonay → Saint Martin d Heres,FR,FR,86.37,SNCF,day,0.04899697674418605,0.151,4.231868881395349,13.04187,8.81000111860465,90.3,Back-on-Track 2022,2026-03-22,3.0818227987488545,0,short
C13,Antibes,Menton,day,Antibes → Menton,FR,FR,36.61,SNCF Voyageurs SA,day,0.04899697674418605,0.151,1.7937793186046513,5.52811,3.7343306813953485,90.3,Back-on-Track 2022,2026-03-22,3.0818227987488545,0,short
C3,Antibes,Ventimiglia,day,Antibes → Ventimiglia,FR,FR,45.63,SNCF Voyageurs SA,day,0.04899697674418605,0.151,2.2357320488372094,6.89013,4.654397951162791,90.3,Back-on-Track 2022,2026-03-22,3.081822798748855,0,short
S23,Appenzell,Gossau Sg,day,Appenzell → Gossau Sg,CH,CH,14.99,AB-ab (Appenzeller Bahnen (ab)),day,0.04899697674418605,0.151,0.7344646813953489,2.26349,1.529025318604651,90.3,Back-on-Track 2022,2026-03-22,3.0818227987488545,0,short
S20,Appenzell,St Gallen,day,Appenzell → St Gallen,CH,CH,10.94,AB-ab (Appenzeller Bahnen (ab)),day,0.04899697674418605,0.151,0.5360269255813954,1.65194,1.1159130744186045,90.5,Back-on-Track 2022,2026-03-22,3.0818227987488545,0,short
F41+,Arcachon,Biganos Facture,day,Arcachon → Biganos Facture,FR,FR,15.93,SNCF,day,0.04899697674418605,0.151,0.7805218395348837,2.40543,1.6249081604651163,90.4,Back-on-Track 2022,2026-03-22,3.081822798748855,0,short
F41,Bordeaux Saint Jean,Arcachon,day,Bordeaux Saint Jean → Arcachon,FR,FR,51.53,SNCF,day,0.04899697674418605,0.151,2.5248142116279073,7.78103,5.256215788372093,90.3,Back-on-Track 2022,2026-03-22,3.0818227987488545,0,short
F41+,Coutras,Arcachon,day,Coutras → Arcachon,FR,FR,91.7,SNCF,day,0.04899697674418605,0.151,4.493022767441861,13.8467,9.35367723255814,90.3,Back-on-Track 2022,2026-03-22,3.0818227987488545,0,short
F41+,Arcachon,Libourne,day,Arcachon → Libourne,FR,FR,78.68,SNCF,day,0.04899697674418605,0.151,3.855082130232559,11.88068,8.025597869767441,90.3,Back-on-Track 2022,2026-03-22,3.0818227987488545,0,short
INCONNU,Arcachon,Paris Montparnasse Hall 1 2,night,Arcachon → Paris Montparnasse Hall 1 2,FR,FR,535.39,OCEdefault,night,0.04899697674418605,0.151,26.23249137906977,80.84389,54.61139862093023,90.3,Back-on-Track 2022,2026-03-22,3.0818227987488545,0,medium
K4,Granville,Argentan,day,Granville → Argentan,FR,FR,114.99,SNCF,day,0.04899697674418605,0.151,5.634162355813953,17.36349,11.729327644186046,90.3,Back-on-Track 2022,2026-03-22,3.081822798748855,0,short
INCONNU,Paris Montparnasse Hall 1 2,Argentan,day,Paris Montparnasse Hall 1 2 → Argentan,FR,FR,172.22,OCEdefault,day,0.04899697674418605,0.151,8.438259334883721,26.005219999999998,17.566960665116277,90.3,Back-on-Track 2022,2026-03-22,3.0818227987488545,0,short
K4,Argentan,Paris Montparnasse Vaugirard,day,Argentan → Paris Montparnasse Vaugirard,FR,FR,172.22,SNCF,day,0.04899697674418605,0.151,8.438259334883721,26.005219999999998,17.566960665116277,90.3,Back-on-Track 2022,2026-03-22,3.0818227987488545,0,short
P31,Argentine,Saint Pierre D Albigny,day,Argentine → Saint Pierre d Albigny,FR,FR,14.06,SNCF,day,0.04899697674418605,0.151,0.6888974930232559,2.12306,1.4341625069767443,90.1,Back-on-Track 2022,2026-03-22,3.081822798748855,0,short
P104,Argenton Sur Creuse,Chateauroux,day,Argenton Sur Creuse → Chateauroux,FR,FR,27.86,SNCF,day,0.04899697674418605,0.151,1.3650557720930234,4.20686,2.8418042279069766,90.3,Back-on-Track 2022,2026-03-22,3.0818227987488545,0,short
P104,Argenton Sur Creuse,Orleans,day,Argenton Sur Creuse → Orleans,FR,FR,149.16,SNCF,day,0.04899697674418605,0.151,7.308389051162791,22.523159999999997,15.214770948837206,90.3,Back-on-Track 2022,2026-03-22,3.0818227987488545,0,short
P104,Argenton Sur Creuse,Vierzon,day,Argenton Sur Creuse → Vierzon,FR,FR,81.65,SNCF,day,0.04899697674418605,0.151,4.0006031511627915,12.32915,8.32854684883721,90.3,Back-on-Track 2022,2026-03-22,3.0818227987488545,0,short
K7,Arles,Avignon Centre,day,Arles → Avignon Centre,FR,FR,31.78,SNCF,day,0.04899697674418605,0.151,1.5571239209302328,4.79878,3.241656079069767,90.4,Back-on-Track 2022,2026-03-22,3.0818227987488545,0,short
K7,Arles,Miramas,day,Arles → Miramas,FR,FR,31.76,SNCF,day,0.04899697674418605,0.151,1.556143981395349,4.7957600000000005,3.2396160186046514,90.4,Back-on-Track 2022,2026-03-22,3.081822798748855,0,short
TER,Arles,Valence,day,Arles → Valence,CH,CH,139.73,SNCF (Société Nationale des Chemins de fer Français),day,0.04899697674418605,0.151,6.846347560465117,21.09923,14.252882439534883,90.3,Back-on-Track 2022,2026-03-22,3.0818227987488545,0,short
R,Chur,Arosa,day,Chur → Arosa,CH,CH,13.8,RhB (Rhätische Bahn),day,0.04899697674418605,0.151,0.6761582790697676,2.0838,1.4076417209302325,90.5,Back-on-Track 2022,2026-03-22,3.0818227987488545,0,short
K52,Arras,Bethune,day,Arras → Bethune,FR,FR,27.92,SNCF,day,0.04899697674418605,0.151,1.3679955906976746,4.215920000000001,2.847924409302326,90.3,Back-on-Track 2022,2026-03-22,3.081822798748855,0,short
K92+,Arras,Calais Frethun,day,Arras → Calais Frethun,FR,FR,96.72,SNCF,day,0.04899697674418605,0.151,4.738987590697675,14.604719999999999,9.865732409302325,90.3,Back-on-Track 2022,2026-03-22,3.0818227987488545,0,short
P54,Arras,Calais Ville,day,Arras → Calais Ville,FR,FR,99.0,SNCF,day,0.04899697674418605,0.151,4.850700697674419,14.949,10.09829930232558,90.3,Back-on-Track 2022,2026-03-22,3.0818227987488545,0,short
P44,Arras,Douai,day,Arras → Douai,FR,FR,23.85,SNCF,day,0.04899697674418605,0.151,1.1685778953488373,3.60135,2.432772104651163,90.4,Back-on-Track 2022,2026-03-22,3.081822798748855,0,short
K52,Arras,Dunkerque,day,Arras → Dunkerque,FR,FR,87.63,SNCF,day,0.04899697674418605,0.151,4.2936050720930234,13.23213,8.938524927906975,90.3,Back-on-Track 2022,2026-03-22,3.081822798748855,0,short
P53,Etaples Le Touquet,Arras,day,Etaples le Touquet → Arras,FR,FR,84.65,SNCF,day,0.04899697674418605,0.151,4.14759408139535,12.78215,8.63455591860465,90.2,Back-on-Track 2022,2026-03-22,3.081822798748854,0,short
K52,Arras,Hazebrouck,day,Arras → Hazebrouck,FR,FR,51.57,SNCF,day,0.04899697674418605,0.151,2.526774090697675,7.78707,5.260295909302325,90.3,Back-on-Track 2022,2026-03-22,3.0818227987488545,0,short
261A,Arras,Paris Gare Du Nord,day,Arras → Paris du Nord,FR,FR,159.42,SNCF,day,0.04899697674418605,0.151,7.81109803255814,24.072419999999997,16.26132196744186,90.3,Back-on-Track 2022,2026-03-22,3.0818227987488545,0,short
P53,Arras,Saint Pol Sur Ternoise,day,Arras → Saint Pol Sur Ternoise,FR,FR,33.0,SNCF,day,0.04899697674418605,0.151,1.6169002325581396,4.983,3.36609976744186,90.3,Back-on-Track 2022,2026-03-22,3.0818227987488545,0,short
S2,Arth Goldau,Baar Lindenpark,day,Arth Goldau → Baar Lindenpark,CH,CH,15.11,SBB (Schweizerische Bundesbahnen SBB),day,0.04899697674418605,0.151,0.7403443186046512,2.2816099999999997,1.5412656813953485,90.4,Back-on-Track 2022,2026-03-22,3.0818227987488545,0,short
IC21,Basel Sbb,Arth Goldau,day,Basel Sbb → Arth Goldau,CH,CH,91.16,SBB (Schweizerische Bundesbahnen SBB),day,0.04899697674418605,0.151,4.4665644,13.76516,9.298595599999999,90.3,Back-on-Track 2022,2026-03-22,3.081822798748855,0,short
IR46,Arth Goldau,Bellinzona,day,Arth Goldau → Bellinzona,CH,CH,101.75,SOB-sob (Schweizerische Südostbahn (sob)),day,0.04899697674418605,0.151,4.9854423837209305,15.36425,10.378807616279069,90.3,Back-on-Track 2022,2026-03-22,3.081822798748855,0,short
IR,Biberbrugg,Arth Goldau,day,Biberbrugg → Arth Goldau,CH,CH,17.73,SOB-sob (Schweizerische Südostbahn (sob)),day,0.04899697674418605,0.151,0.8687163976744187,2.6772299999999998,1.808513602325581,90.2,Back-on-Track 2022,2026-03-22,3.0818227987488545,0,short
IR,Erstfeld,Arth Goldau,day,Erstfeld → Arth Goldau,CH,CH,26.56,SOB-sob (Schweizerische Südostbahn (sob)),day,0.04899697674418605,0.151,1.3013597023255814,4.01056,2.7092002976744185,90.3,Back-on-Track 2022,2026-03-22,3.081822798748855,0,short
IR,Goschenen,Arth Goldau,day,Goschenen → Arth Goldau,CH,CH,42.72,SOB-sob (Schweizerische Südostbahn (sob)),day,0.04899697674418605,0.151,2.093150846511628,6.45072,4.357569153488372,90.2,Back-on-Track 2022,2026-03-22,3.0818227987488545,0,short
RE,Arth Goldau,Lenzburg,day,Arth Goldau → Lenzburg,CH,CH,47.61,SBB (Schweizerische Bundesbahnen SBB),day,0.04899697674418605,0.151,2.3327460627906977,7.1891099999999994,4.856363937209302,90.2,Back-on-Track 2022,2026-03-22,3.0818227987488545,0,short
IR46,Arth Goldau,Locarno,day,Arth Goldau → Locarno,CH,CH,99.36,SOB-sob (Schweizerische Südostbahn (sob)),day,0.04899697674418605,0.151,4.868339609302326,15.003359999999999,10.135020390697672,90.3,Back-on-Track 2022,2026-03-22,3.0818227987488545,0,short
PE,Arth Goldau,Lugano,day,Arth Goldau → Lugano,CH,CH,119.96,SBB (Schweizerische Bundesbahnen SBB),day,0.04899697674418605,0.151,5.877677330232558,18.11396,12.23628266976744,90.3,Back-on-Track 2022,2026-03-22,3.081822798748855,0,short
S3,Luzern,Arth Goldau,day,Luzern → Arth Goldau,CH,CH,18.13,SBB (Schweizerische Bundesbahnen SBB),day,0.04899697674418605,0.151,0.888315188372093,2.73763,1.8493148116279068,90.4,Back-on-Track 2022,2026-03-22,3.081822798748855,0,short
RE,Olten,Arth Goldau,day,Olten → Arth Goldau,CH,CH,59.03,SBB (Schweizerische Bundesbahnen SBB),day,0.04899697674418605,0.151,2.8922915372093025,8.91353,6.021238462790697,90.2,Back-on-Track 2022,2026-03-22,3.0818227987488545,0,short
IR,Arth Goldau,Pfaffikon Sz,day,Arth Goldau → Pfaffikon Sz,CH,CH,24.34,SOB-sob (Schweizerische Südostbahn (sob)),day,0.04899697674418605,0.151,1.1925864139534885,3.67534,2.4827535860465115,90.3,Back-on-Track 2022,2026-03-22,3.0818227987488545,0,short
IR,Arth Goldau,Rapperswil Sg,day,Arth Goldau → Rapperswil Sg,CH,CH,28.13,SOB-sob (Schweizerische Südostbahn (sob)),day,0.04899697674418605,0.151,1.3782849558139536,4.24763,2.8693450441860464,90.4,Back-on-Track 2022,2026-03-22,3.081822798748855,0,short
IR,St Gallen,Arth Goldau,day,St Gallen → Arth Goldau,CH,CH,74.62,SOB-sob (Schweizerische Südostbahn (sob)),day,0.04899697674418605,0.151,3.656154404651163,11.26762,7.611465595348838,90.3,Back-on-Track 2022,2026-03-22,3.081822798748855,0,short
IR,Uznach,Arth Goldau,day,Uznach → Arth Goldau,CH,CH,38.0,SOB-sob (Schweizerische Südostbahn (sob)),day,0.04899697674418605,0.151,1.86188511627907,5.7379999999999995,3.8761148837209296,90.3,Back-on-Track 2022,2026-03-22,3.0818227987488545,0,short
RE,Arth Goldau,Zug,day,Arth Goldau → Zug,CH,CH,14.1,SBB (Schweizerische Bundesbahnen SBB),day,0.04899697674418605,0.151,0.6908573720930233,2.1290999999999998,1.4382426279069764,90.1,Back-on-Track 2022,2026-03-22,3.0818227987488545,0,short
EC,Arth Goldau,Zurich Hb,day,Arth Goldau → Zurich Hb,CH,CH,36.6,SBB (Schweizerische Bundesbahnen SBB),day,0.04899697674418605,0.151,1.7932893488372095,5.5266,3.7333106511627907,90.3,Back-on-Track 2022,2026-03-22,3.081822798748855,0,short
P29,Arvant,Aurillac,day,Arvant → Aurillac,FR,FR,84.56,SNCF,day,0.04899697674418605,0.151,4.1431843534883726,12.76856,8.625375646511628,90.3,Back-on-Track 2022,2026-03-22,3.081822798748855,0,short
P29,Arvant,Clermont Ferrand,day,Arvant → Clermont Ferrand,FR,FR,48.8,SNCF,day,0.04899697674418605,0.151,2.391052465116279,7.368799999999999,4.97774753488372,90.3,Back-on-Track 2022,2026-03-22,3.081822798748855,0,short
C7,Issoire,Arvant,day,Issoire → Arvant,FR,FR,20.33,SNCF,day,0.04899697674418605,0.151,0.9961085372093024,3.0698299999999996,2.0737214627906972,90.4,Back-on-Track 2022,2026-03-22,3.0818227987488545,0,short
P85,Arvant,Le Puy En Velay,day,Arvant → le Puy En Velay,FR,FR,58.01,SNCF,day,0.04899697674418605,0.151,2.8423146209302326,8.759509999999999,5.917195379069766,90.3,Back-on-Track 2022,2026-03-22,3.0818227987488545,0,short
C5,Marseille Saint Charles,Aubagne,day,Marseille Saint Charles → Aubagne,FR,FR,15.06,SNCF,day,0.04899697674418605,0.151,0.737894469767442,2.27406,1.5361655302325579,90.3,Back-on-Track 2022,2026-03-22,3.0818227987488545,0,short
E07,Grenoble,Aubenas Place De La Paix,day,Grenoble → Aubenas Place de la Paix,FR,FR,122.36,SNCF,day,0.04899697674418605,0.151,5.995270074418605,18.47636,12.481089925581394,90.3,Back-on-Track 2022,2026-03-22,3.0818227987488545,0,short
E07,Aubenas Place De La Paix,Saint Martin D Heres,day,Aubenas Place de la Paix → Saint Martin d Heres,FR,FR,126.07,SNCF,day,0.04899697674418605,0.151,6.177048858139535,19.036569999999998,12.859521141860462,90.3,Back-on-Track 2022,2026-03-22,3.0818227987488545,0,short
A04,Privas Cours Du Palais,Aubenas Place De La Paix,day,Privas Cours du Palais → Aubenas Place de la Paix,FR,FR,21.11,Conseil Régional Auvergne - Rhône-Alpes,day,0.04899697674418605,0.151,1.0343261790697675,3.18761,2.1532838209302323,90.1,Back-on-Track 2022,2026-03-22,3.0818227987488545,0,short
A04,Valence Gare Routiere,Aubenas Place De La Paix,day,Valence → Aubenas Place de la Paix,FR,FR,52.51,Conseil Régional Auvergne - Rhône-Alpes,day,0.04899697674418605,0.151,2.5728312488372094,7.92901,5.3561787511627905,90.2,Back-on-Track 2022,2026-03-22,3.081822798748855,0,short
A04,Aubenas Place De La Paix,Valence Tgv Rhone Alpes Sud,day,Aubenas Place de la Paix → Valence Tgv Rhone Alpes Sud,FR,FR,62.37,Conseil Régional Auvergne - Rhône-Alpes,day,0.04899697674418605,0.151,3.055941439534884,9.417869999999999,6.361928560465115,90.3,Back-on-Track 2022,2026-03-22,3.0818227987488545,0,short
P160,Auch Allee Baylac,Beaumont De Lomagne Place Jean Moulin,day,Auch Allee Baylac → Beaumont de Lomagne Place Jean Moulin,FR,FR,41.42,SNCF,day,0.04899697674418605,0.151,2.029454776744186,6.25442,4.224965223255813,90.3,Back-on-Track 2022,2026-03-22,3.0818227987488545,0,short
P160,Auch Allee Baylac,Montauban La Fobio,day,Auch Allee Baylac → Montauban la Fobio,FR,FR,75.11,SNCF,day,0.04899697674418605,0.151,3.680162923255814,11.34161,7.661447076744185,90.3,Back-on-Track 2022,2026-03-22,3.0818227987488545,0,short
C6,Colomiers,Auch,day,Colomiers → Auch,FR,FR,59.56,SNCF,day,0.04899697674418605,0.151,2.9182599348837215,8.99356,6.075300065116279,90.3,Back-on-Track 2022,2026-03-22,3.0818227987488545,0,short
C6,Saint Cyprien Arenes,Auch,day,Saint Cyprien Arenes → Auch,FR,FR,66.26,SNCF,day,0.04899697674418605,0.151,3.246539679069768,10.00526,6.758720320930232,90.3,Back-on-Track 2022,2026-03-22,3.0818227987488545,0,short
INCONNU,Gimont Cahuzac,Auch,day,Gimont Cahuzac → Auch,FR,FR,21.87,OCEdefault,day,0.04899697674418605,0.151,1.071563881395349,3.3023700000000002,2.2308061186046513,90.2,Back-on-Track 2022,2026-03-22,3.081822798748855,0,short
C6,L Isle Jourdain,Auch,day,l Isle Jourdain → Auch,FR,FR,39.83,SNCF,day,0.04899697674418605,0.151,1.9515495837209302,6.014329999999999,4.062780416279069,90.2,Back-on-Track 2022,2026-03-22,3.0818227987488545,0,short
P160,Auch,Montauban La Fobio,day,Auch → Montauban la Fobio,FR,FR,74.23,SNCF,day,0.04899697674418605,0.151,3.637045583720931,11.208730000000001,7.57168441627907,90.3,Back-on-Track 2022,2026-03-22,3.081822798748855,0,short
C6,Auch,Toulouse Matabiau,day,Auch → Toulouse Matabiau,FR,FR,69.09,SNCF,day,0.04899697674418605,0.151,3.3852011232558143,10.43259,7.047388876744185,90.3,Back-on-Track 2022,2026-03-22,3.0818227987488545,0,short
D9,Augsburg Hauptbahnhof,Dortmund Hauptbahnhof,night,Augsburg → Dortmund,AT,AT,427.67,ÖBB,night,0.04899697674418605,0.151,20.95453704418605,64.57817,43.623632955813946,90.3,Back-on-Track 2022,2026-03-22,3.0818227987488545,0,short
Augsburg Hbf → Oberstdorf,Augsburg Hbf,Oberstdorf,day,Augsburg → Oberstdorf,DE,DE,115.39,DB,day,0.04899697674418605,0.151,5.653761146511628,17.42389,11.770128853488373,90.3,Back-on-Track 2022,2026-03-22,3.081822798748855,0,short
RE,Aulendorf,Dusslingen,day,Aulendorf → Dusslingen,CH,CH,70.47,DB Regio (DB Regio AG Baden-Württemberg),day,0.04899697674418605,0.151,3.452816951162791,10.64097,7.188153048837208,90.2,Back-on-Track 2022,2026-03-22,3.0818227987488545,0,short
RE,Friedrichshafen Stadt,Aulendorf,day,Friedrichshafen Stadt → Aulendorf,CH,CH,35.68,DB Regio (DB Regio AG Baden-Württemberg),day,0.04899697674418605,0.151,1.7482121302325582,5.38768,3.6394678697674414,90.3,Back-on-Track 2022,2026-03-22,3.0818227987488545,0,short
RE,Aulendorf,Hechingen,day,Aulendorf → Hechingen,CH,CH,67.49,DB Regio (DB Regio AG Baden-Württemberg),day,0.04899697674418605,0.151,3.306805960465116,10.19099,6.884184039534883,90.3,Back-on-Track 2022,2026-03-22,3.081822798748855,0,short
RE,Plochingen,Aulendorf,day,Plochingen → Aulendorf,CH,CH,86.25,DB Regio (DB Regio AG Baden-Württemberg),day,0.04899697674418605,0.151,4.225989244186047,13.02375,8.797760755813954,90.3,Back-on-Track 2022,2026-03-22,3.081822798748855,0,short
RB,Aulendorf,Sigmaringen,day,Aulendorf → Sigmaringen,CH,CH,34.75,DB Regio (DB Regio AG Baden-Württemberg),day,0.04899697674418605,0.151,1.7026449418604652,5.24725,3.5446050581395347,90.2,Back-on-Track 2022,2026-03-22,3.081822798748855,0,short
RE,Aulendorf,Singen Hohentwiel,day,Aulendorf → Singen Hohentwiel,CH,CH,63.67,DB Regio (DB Regio AG Baden-Württemberg),day,0.04899697674418605,0.151,3.119637509302326,9.61417,6.494532490697674,90.3,Back-on-Track 2022,2026-03-22,3.0818227987488545,0,short
RE,Stuttgart Hbf,Aulendorf,day,Stuttgart → Aulendorf,CH,CH,98.56,DB Regio (DB Regio AG Baden-Württemberg),day,0.04899697674418605,0.151,4.829142027906977,14.88256,10.053417972093023,90.3,Back-on-Track 2022,2026-03-22,3.0818227987488545,0,short
RE,Tubingen Hbf,Aulendorf,day,Tubingen → Aulendorf,CH,CH,76.25,DB Regio (DB Regio AG Baden-Württemberg),day,0.04899697674418605,0.151,3.7360194767441866,11.51375,7.777730523255814,90.3,Back-on-Track 2022,2026-03-22,3.0818227987488545,0,short
RE,Aulendorf,Ulm Hbf,day,Aulendorf → Ulm,CH,CH,55.62,DB Regio (DB Regio AG Baden-Württemberg),day,0.04899697674418605,0.151,2.725211846511628,8.39862,5.673408153488371,90.3,Back-on-Track 2022,2026-03-22,3.0818227987488545,0,short
RE,Aulendorf,Waldshut,day,Aulendorf → Waldshut,CH,CH,112.63,DB Regio (DB Regio AG Baden-Württemberg),day,0.04899697674418605,0.151,5.5185294906976745,17.00713,11.488600509302326,90.3,Back-on-Track 2022,2026-03-22,3.081822798748855,0,short
P62,Aulnoye Aymeries,Busigny,day,Aulnoye Aymeries → Busigny,FR,FR,33.3,SNCF,day,0.04899697674418605,0.151,1.6315993255813954,5.0283,3.3967006744186046,90.2,Back-on-Track 2022,2026-03-22,3.0818227987488545,0,short
K61,Hirson,Aulnoye Aymeries,day,Hirson → Aulnoye Aymeries,FR,FR,35.85,SNCF,day,0.04899697674418605,0.151,1.75654161627907,5.41335,3.6568083837209304,90.3,Back-on-Track 2022,2026-03-22,3.081822798748855,0,short
P60,Jeumont,Aulnoye Aymeries,day,Jeumont → Aulnoye Aymeries,FR,FR,20.52,SNCF,day,0.04899697674418605,0.151,1.0054179627906978,3.0985199999999997,2.093102037209302,90.2,Back-on-Track 2022,2026-03-22,3.081822798748854,0,short
K60,Aulnoye Aymeries,Lille Flandres,day,Aulnoye Aymeries → Lille Flandres,FR,FR,73.4,SNCF,day,0.04899697674418605,0.151,3.5963780930232563,11.083400000000001,7.487021906976745,90.3,Back-on-Track 2022,2026-03-22,3.081822798748855,0,short
K60,Maubeuge,Aulnoye Aymeries,day,Maubeuge → Aulnoye Aymeries,FR,FR,12.15,SNCF,day,0.04899697674418605,0.151,0.5953132674418605,1.83465,1.2393367325581393,90.3,Back-on-Track 2022,2026-03-22,3.0818227987488545,0,short
K13,Paris Gare Du Nord,Aulnoye Aymeries,day,Paris du Nord → Aulnoye Aymeries,FR,FR,181.63,SNCF,day,0.04899697674418605,0.151,8.899320886046512,27.426129999999997,18.526809113953483,90.3,Back-on-Track 2022,2026-03-22,3.0818227987488545,0,short
K13,Aulnoye Aymeries,Saint Quentin,day,Aulnoye Aymeries → Saint Quentin,FR,FR,55.71,SNCF,day,0.04899697674418605,0.151,2.729621574418605,8.41221,5.682588425581395,90.3,Back-on-Track 2022,2026-03-22,3.0818227987488545,0,short
P62,Tergnier,Aulnoye Aymeries,day,Tergnier → Aulnoye Aymeries,FR,FR,71.49,SNCF,day,0.04899697674418605,0.151,3.5027938674418606,10.794989999999999,7.2921961325581375,90.3,Back-on-Track 2022,2026-03-22,3.0818227987488545,0,short
K60,Valenciennes,Aulnoye Aymeries,day,Valenciennes → Aulnoye Aymeries,FR,FR,29.61,SNCF,day,0.04899697674418605,0.151,1.450800481395349,4.4711099999999995,3.0203095186046505,90.4,Back-on-Track 2022,2026-03-22,3.081822798748854,0,short
S1,Quiberon,Auray,day,Quiberon → Auray,FR,FR,23.43,SNCF,day,0.04899697674418605,0.151,1.147999165116279,3.53793,2.389930834883721,90.2,Back-on-Track 2022,2026-03-22,3.081822798748855,0,short
P57,Aurillac,Brive La Gaillarde,day,Aurillac → Brive la Gaillarde,FR,FR,75.77,SNCF,day,0.04899697674418605,0.151,3.712500927906977,11.44127,7.728769072093023,90.3,Back-on-Track 2022,2026-03-22,3.0818227987488545,0,short
P27,Aurillac,Capdenac,day,Aurillac → Capdenac,FR,FR,47.44,SNCF,day,0.04899697674418605,0.151,2.324416576744186,7.16344,4.839023423255814,90.3,Back-on-Track 2022,2026-03-22,3.081822798748855,0,short
P29,Aurillac,Clermont Ferrand,night,Aurillac → Clermont Ferrand,FR,FR,108.63,SNCF,night,0.04899697674418605,0.151,5.3225415837209304,16.403129999999997,11.080588416279067,90.3,Back-on-Track 2022,2026-03-22,3.0818227987488545,0,short
P57,Saint Denis Pres Martel,Aurillac,day,Saint Denis Pres Martel → Aurillac,FR,FR,60.62,SNCF,day,0.04899697674418605,0.151,2.9701967302325585,9.15362,6.183423269767442,90.3,Back-on-Track 2022,2026-03-22,3.0818227987488545,0,short
P27,Aurillac,Figeac,day,Aurillac → Figeac,FR,FR,47.28,SNCF,day,0.04899697674418605,0.151,2.3165770604651166,7.13928,4.822702939534883,90.3,Back-on-Track 2022,2026-03-22,3.0818227987488545,0,short
P29,Aurillac,Murat,day,Aurillac → Murat,FR,FR,40.02,SNCF,day,0.04899697674418605,0.151,1.960859009302326,6.04302,4.082160990697674,90.3,Back-on-Track 2022,2026-03-22,3.0818227987488545,0,short
P29,Aurillac,Neussargues,day,Aurillac → Neussargues,FR,FR,48.39,SNCF,day,0.04899697674418605,0.151,2.370963704651163,7.30689,4.935926295348837,90.2,Back-on-Track 2022,2026-03-22,3.081822798748855,0,short
555C,Aurillac,Paris Austerlitz,night,Aurillac → Paris Austerlitz,FR,FR,436.06,SNCF,night,0.04899697674418605,0.151,21.36562167906977,65.84506,44.479438320930235,90.3,Back-on-Track 2022,2026-03-22,3.081822798748855,0,short
P27,Aurillac,Toulouse Matabiau,day,Aurillac → Toulouse Matabiau,FR,FR,165.31,SNCF,day,0.04899697674418605,0.151,8.099690225581396,24.96181,16.862119774418602,90.3,Back-on-Track 2022,2026-03-22,3.0818227987488545,0,short
C4,Auterive,Ax Les Thermes,day,Auterive → Ax les Thermes,FR,FR,75.46,SNCF,day,0.04899697674418605,0.151,3.697311865116279,11.394459999999999,7.69714813488372,90.2,Back-on-Track 2022,2026-03-22,3.0818227987488545,0,short
C4,Foix,Auterive,day,Foix → Auterive,FR,FR,43.64,SNCF,day,0.04899697674418605,0.151,2.1382280651162793,6.58964,4.451411934883721,90.3,Back-on-Track 2022,2026-03-22,3.081822798748855,0,short
P4,Auterive,Latour De Carol Enveitg,day,Auterive → Latour de Carol Enveitg,FR,FR,105.13,SNCF,day,0.04899697674418605,0.151,5.15105216511628,15.874629999999998,10.723577834883718,90.3,Back-on-Track 2022,2026-03-22,3.081822798748854,0,short
C4,Auterive,Toulouse Matabiau,day,Auterive → Toulouse Matabiau,FR,FR,29.18,SNCF,day,0.04899697674418605,0.151,1.429731781395349,4.40618,2.9764482186046513,90.2,Back-on-Track 2022,2026-03-22,3.0818227987488545,0,short
P36,Etang Sur Arroux,Autun,day,Etang Sur Arroux → Autun,FR,FR,12.75,SNCF,day,0.04899697674418605,0.151,0.6247114534883721,1.92525,1.300538546511628,90.2,Back-on-Track 2022,2026-03-22,3.081822798748855,0,short
INCONNU,Avallon,Auxerre Saint Gervais,day,Avallon → Auxerre Saint Gervais,FR,FR,41.57,OCEdefault,day,0.04899697674418605,0.151,2.036804323255814,6.27707,4.240265676744186,90.3,Back-on-Track 2022,2026-03-22,3.0818227987488545,0,short
INCONNU,Clamecy,Auxerre Saint Gervais,day,Clamecy → Auxerre Saint Gervais,FR,FR,37.11,OCEdefault,day,0.04899697674418605,0.151,1.8182778069767442,5.60361,3.7853321930232555,90.3,Back-on-Track 2022,2026-03-22,3.081822798748855,0,short
P85,Corbigny,Auxerre Saint Gervais,day,Corbigny → Auxerre Saint Gervais,FR,FR,60.76,SNCF,day,0.04899697674418605,0.151,2.977056306976744,9.17476,6.197703693023255,90.3,Back-on-Track 2022,2026-03-22,3.0818227987488545,0,short
P5,Auxerre Saint Gervais,Dijon,night,Auxerre Saint Gervais → Dijon,FR,FR,120.37,SNCF,night,0.04899697674418605,0.151,5.897766090697675,18.17587,12.278103909302324,90.2,Back-on-Track 2022,2026-03-22,3.0818227987488545,0,short
INCONNU,Laroche Migennes,Auxerre Saint Gervais,day,Laroche Migennes → Auxerre Saint Gervais,FR,FR,18.94,OCEdefault,day,0.04899697674418605,0.151,0.9280027395348839,2.85994,1.9319372604651162,90.1,Back-on-Track 2022,2026-03-22,3.0818227987488545,0,short
P15,Montereau,Auxerre Saint Gervais,day,Montereau → Auxerre Saint Gervais,FR,FR,80.42,SNCF,day,0.04899697674418605,0.151,3.9403368697674424,12.14342,8.203083130232558,90.2,Back-on-Track 2022,2026-03-22,3.081822798748855,0,short
TER,Paris Bercy,Auxerre Saint Gervais,day,Paris Bercy → Auxerre Saint Gervais,CH,CH,146.0,SNCF (Société Nationale des Chemins de fer Français),day,0.04899697674418605,0.151,7.153558604651163,22.046,14.892441395348836,90.3,Back-on-Track 2022,2026-03-22,3.0818227987488545,0,short
P31,Auxerre Saint Gervais,Paris Bercy Bourg Pays D Auv,night,Auxerre Saint Gervais → Paris Bercy Bourg Pays D Auv,FR,FR,146.0,SNCF,night,0.04899697674418605,0.151,7.153558604651163,22.046,14.892441395348836,90.3,Back-on-Track 2022,2026-03-22,3.0818227987488545,0,short
TER,Paris Gare De Lyon,Auxerre Saint Gervais,day,Paris de Lyon → Auxerre Saint Gervais,CH,CH,146.9,SNCF (Société Nationale des Chemins de fer Français),day,0.04899697674418605,0.151,7.197655883720931,22.1819,14.984244116279068,90.3,Back-on-Track 2022,2026-03-22,3.0818227987488545,0,short
P31,Auxerre Saint Gervais,Paris Gare De Lyon Hall 1 2,night,Auxerre Saint Gervais → Paris de Lyon Hall 1 2,FR,FR,146.92,SNCF,night,0.04899697674418605,0.151,7.198635823255814,22.184919999999998,14.986284176744185,90.3,Back-on-Track 2022,2026-03-22,3.0818227987488545,0,short
P25,Avallon,Laroche Migennes,day,Avallon → Laroche Migennes,FR,FR,59.73,SNCF,day,0.04899697674418605,0.151,2.9265894209302328,9.019229999999999,6.092640579069766,90.2,Back-on-Track 2022,2026-03-22,3.081822798748854,0,short
P25,Avallon,Montereau,night,Avallon → Montereau,FR,FR,121.99,SNCF,night,0.04899697674418605,0.151,5.977141193023256,18.420489999999997,12.443348806976742,90.3,Back-on-Track 2022,2026-03-22,3.0818227987488545,0,short
TER,Paris Bercy,Avallon,day,Paris Bercy → Avallon,CH,CH,187.55,SNCF (Société Nationale des Chemins de fer Français),day,0.04899697674418605,0.151,9.189382988372094,28.320050000000002,19.130667011627907,90.3,Back-on-Track 2022,2026-03-22,3.081822798748855,0,short
P25,Paris Bercy Bourg Pays D Auv,Avallon,day,Paris Bercy Bourg Pays d Auv → Avallon,FR,FR,187.57,SNCF,day,0.04899697674418605,0.151,9.190362927906977,28.323069999999998,19.13270707209302,90.3,Back-on-Track 2022,2026-03-22,3.081822798748855,0,short
TER,Paris Gare De Lyon,Avallon,day,Paris de Lyon → Avallon,CH,CH,188.45,SNCF (Société Nationale des Chemins de fer Français),day,0.04899697674418605,0.151,9.23348026744186,28.455949999999998,19.22246973255814,90.3,Back-on-Track 2022,2026-03-22,3.0818227987488545,0,short
P25,Avallon,Paris Gare De Lyon Hall 1 2,day,Avallon → Paris de Lyon Hall 1 2,FR,FR,188.49,SNCF,day,0.04899697674418605,0.151,9.235440146511628,28.46199,19.226549853488372,90.3,Back-on-Track 2022,2026-03-22,3.081822798748855,0,short
S5,Avenches,Kerzers,day,Avenches → Kerzers,CH,CH,15.3,BLS-bls (BLS AG (bls)),day,0.04899697674418605,0.151,0.7496537441860466,2.3103000000000002,1.5606462558139538,90.5,Back-on-Track 2022,2026-03-22,3.081822798748855,0,short
K8,Beziers,Avignon Centre,day,Beziers → Avignon Centre,FR,FR,144.33,SNCF,day,0.04899697674418605,0.151,7.071733653488374,21.79383,14.722096346511627,90.3,Back-on-Track 2022,2026-03-22,3.081822798748854,0,short
C1,Carpentras,Avignon Centre,day,Carpentras → Avignon Centre,FR,FR,22.5,SNCF,day,0.04899697674418605,0.151,1.1024319767441861,3.3975,2.295068023255814,90.1,Back-on-Track 2022,2026-03-22,3.0818227987488545,0,short
C7,Avignon Centre,Cavaillon,day,Avignon Centre → Cavaillon,FR,FR,22.52,SNCF,day,0.04899697674418605,0.151,1.1034119162790699,3.4005199999999998,2.29710808372093,90.1,Back-on-Track 2022,2026-03-22,3.0818227987488545,0,short
K8,Cerbere,Avignon Centre,day,Cerbere → Avignon Centre,FR,FR,213.4,SNCF,day,0.04899697674418605,0.151,10.455954837209303,32.2234,21.767445162790693,90.3,Back-on-Track 2022,2026-03-22,3.0818227987488545,0,short
K21,Avignon Centre,Chambery Challes Les Eaux,day,Avignon Centre → Chambery Challes les Eaux,FR,FR,201.41,SNCF,day,0.04899697674418605,0.151,9.868481086046513,30.41291,20.54442891395349,90.3,Back-on-Track 2022,2026-03-22,3.0818227987488545,0,short
K34,Avignon Centre,Le Teil,day,Avignon Centre → le Teil,FR,FR,68.57,SNCF,day,0.04899697674418605,0.151,3.3597226953488373,10.354069999999998,6.994347304651161,90.3,Back-on-Track 2022,2026-03-22,3.0818227987488545,0,short
K14,Lyon Part Dieu,Avignon Centre,day,Lyon Part Dieu → Avignon Centre,FR,FR,202.27,SNCF,day,0.04899697674418605,0.151,9.910618486046513,30.54277,20.632151513953488,90.3,Back-on-Track 2022,2026-03-22,3.081822798748855,0,short
K24,Lyon Perrache,Avignon Centre,day,Lyon Perrache → Avignon Centre,FR,FR,200.89,SNCF,day,0.04899697674418605,0.151,9.843002658139534,30.334389999999996,20.49138734186046,90.3,Back-on-Track 2022,2026-03-22,3.081822798748855,0,short
K24,Avignon Centre,Macon,night,Avignon Centre → Macon,FR,FR,262.5,SNCF,night,0.04899697674418605,0.151,12.861706395348838,39.637499999999996,26.775793604651156,90.3,Back-on-Track 2022,2026-03-22,3.0818227987488545,0,short
C7,Marseille Saint Charles,Avignon Centre,day,Marseille Saint Charles → Avignon Centre,FR,FR,84.83,SNCF,day,0.04899697674418605,0.151,4.1564135372093025,12.80933,8.652916462790696,90.3,Back-on-Track 2022,2026-03-22,3.0818227987488545,0,short
C7,Avignon Centre,Miramas,day,Avignon Centre → Miramas,FR,FR,43.09,SNCF,day,0.04899697674418605,0.151,2.111279727906977,6.50659,4.395310272093023,90.3,Back-on-Track 2022,2026-03-22,3.0818227987488545,0,short
C8,Avignon Centre,Montpellier Saint Roch,day,Avignon Centre → Montpellier Saint Roch,FR,FR,83.17,SNCF,day,0.04899697674418605,0.151,4.0750785558139535,12.55867,8.483591444186047,90.3,Back-on-Track 2022,2026-03-22,3.081822798748855,0,short
K8,Narbonne,Avignon Centre,night,Narbonne → Avignon Centre,FR,FR,167.33,SNCF,night,0.04899697674418605,0.151,8.198664118604652,25.266830000000002,17.068165881395352,90.3,Back-on-Track 2022,2026-03-22,3.081822798748855,0,short
C8,Nimes Centre,Avignon Centre,day,Nimes Centre → Avignon Centre,FR,FR,37.26,SNCF,day,0.04899697674418605,0.151,1.8256273534883722,5.626259999999999,3.800632646511627,90.3,Back-on-Track 2022,2026-03-22,3.0818227987488545,0,short
TGV,Paris Gare De Lyon,Avignon Centre,day,Paris de Lyon → Avignon Centre,CH,CH,576.21,SNCF (Société Nationale des Chemins de fer Français),day,0.04899697674418605,0.151,28.232547969767445,87.00771,58.77516203023256,90.3,Back-on-Track 2022,2026-03-22,3.0818227987488545,0,medium
631D,Paris Gare De Lyon Hall 1 2,Avignon Centre,day,Paris de Lyon Hall 1 2 → Avignon Centre,FR,FR,576.13,SNCF,day,0.04899697674418605,0.151,28.22862821162791,86.99562999999999,58.767001788372085,90.3,Back-on-Track 2022,2026-03-22,3.0818227987488545,0,medium
K8,Perpignan,Avignon Centre,day,Perpignan → Avignon Centre,FR,FR,208.47,SNCF,day,0.04899697674418605,0.151,10.214399741860467,31.47897,21.264570258139535,90.3,Back-on-Track 2022,2026-03-22,3.0818227987488545,0,short
P18,Avignon Centre,Pont Saint Esprit,day,Avignon Centre → Pont Saint Esprit,FR,FR,36.95,SNCF,day,0.04899697674418605,0.151,1.8104382906976748,5.5794500000000005,3.7690117093023257,90.2,Back-on-Track 2022,2026-03-22,3.0818227987488545,0,short
K8,Avignon Centre,Portbou,day,Avignon Centre → Portbou,FR,FR,215.16,SNCF,day,0.04899697674418605,0.151,10.54218951627907,32.48916,21.94697048372093,90.3,Back-on-Track 2022,2026-03-22,3.081822798748855,0,short
C8,Avignon Centre,Sete,day,Avignon Centre → Sete,FR,FR,106.83,SNCF,day,0.04899697674418605,0.151,5.234347025581395,16.13133,10.896982974418602,90.2,Back-on-Track 2022,2026-03-22,3.0818227987488545,0,short
TER,Valence,Avignon Centre,day,Valence → Avignon Centre,CH,CH,109.91,SNCF (Société Nationale des Chemins de fer Français),day,0.04899697674418605,0.151,5.3852577139534885,16.59641,11.21115228604651,90.3,Back-on-Track 2022,2026-03-22,3.0818227987488545,0,short
K34,Valence Gare Routiere,Avignon Centre,day,Valence → Avignon Centre,FR,FR,109.78,SNCF,day,0.04899697674418605,0.151,5.378888106976745,16.57678,11.197891893023254,90.3,Back-on-Track 2022,2026-03-22,3.0818227987488545,0,short
P14,Valence Ville,Avignon Centre,night,Valence Ville → Avignon Centre,FR,FR,109.88,SNCF,night,0.04899697674418605,0.151,5.383787804651163,16.59188,11.208092195348836,90.3,Back-on-Track 2022,2026-03-22,3.0818227987488545,0,short
C1,Avignon Tgv,Carpentras,day,Avignon Tgv → Carpentras,FR,FR,25.0,SNCF,day,0.04899697674418605,0.151,1.2249244186046513,3.775,2.5500755813953484,90.3,Back-on-Track 2022,2026-03-22,3.0818227987488545,0,short
C7,Avignon Tgv,Cavaillon,day,Avignon Tgv → Cavaillon,FR,FR,22.81,SNCF,day,0.04899697674418605,0.151,1.1176210395348838,3.4443099999999998,2.326688960465116,90.2,Back-on-Track 2022,2026-03-22,3.0818227987488545,0,short
C7,Marseille Saint Charles,Avignon Tgv,day,Marseille Saint Charles → Avignon Tgv,FR,FR,83.85,SNCF,day,0.04899697674418605,0.151,4.1083965000000005,12.661349999999999,8.552953499999997,90.3,Back-on-Track 2022,2026-03-22,3.0818227987488545,0,short
C4,Foix,Ax Les Thermes,day,Foix → Ax les Thermes,FR,FR,32.89,SNCF,day,0.04899697674418605,0.151,1.6115105651162793,4.96639,3.3548794348837205,90.3,Back-on-Track 2022,2026-03-22,3.081822798748854,0,short
P4,Ax Les Thermes,Latour De Carol Enveitg,day,Ax les Thermes → Latour de Carol Enveitg,FR,FR,30.13,SNCF,day,0.04899697674418605,0.151,1.4762789093023256,4.54963,3.073351090697674,90.3,Back-on-Track 2022,2026-03-22,3.0818227987488545,0,short
P4,Pamiers,Ax Les Thermes,day,Pamiers → Ax les Thermes,FR,FR,46.87,SNCF,day,0.04899697674418605,0.151,2.2964883,7.077369999999999,4.780881699999999,90.2,Back-on-Track 2022,2026-03-22,3.0818227987488545,0,short
C4,Ax Les Thermes,Toulouse Matabiau,day,Ax les Thermes → Toulouse Matabiau,FR,FR,103.26,SNCF,day,0.04899697674418605,0.151,5.059427818604652,15.59226,10.532832181395348,90.2,Back-on-Track 2022,2026-03-22,3.0818227987488545,0,short
S2,Baar Lindenpark,Brunnen,day,Baar Lindenpark → Brunnen,CH,CH,21.63,SBB (Schweizerische Bundesbahnen SBB),day,0.04899697674418605,0.151,1.0598046069767442,3.2661299999999995,2.2063253930232554,90.4,Back-on-Track 2022,2026-03-22,3.0818227987488545,0,short
S2,Erstfeld,Baar Lindenpark,day,Erstfeld → Baar Lindenpark,CH,CH,41.59,SBB (Schweizerische Bundesbahnen SBB),day,0.04899697674418605,0.151,2.037784262790698,6.28009,4.2423057372093025,90.3,Back-on-Track 2022,2026-03-22,3.081822798748855,0,short
S1,Ebikon,Baar,day,Ebikon → Baar,CH,CH,18.44,SBB (Schweizerische Bundesbahnen SBB),day,0.04899697674418605,0.151,0.9035042511627909,2.78444,1.8809357488372092,90.2,Back-on-Track 2022,2026-03-22,3.0818227987488545,0,short
S1,Baar,Emmenbrucke,day,Baar → Emmenbrucke,CH,CH,22.89,SBB (Schweizerische Bundesbahnen SBB),day,0.04899697674418605,0.151,1.1215407976744187,3.45639,2.3348492023255814,90.3,Back-on-Track 2022,2026-03-22,3.0818227987488545,0,short
IR70,Luzern,Baar,day,Luzern → Baar,CH,CH,22.82,SBB (Schweizerische Bundesbahnen SBB),day,0.04899697674418605,0.151,1.1181110093023257,3.44582,2.3277089906976745,90.3,Back-on-Track 2022,2026-03-22,3.0818227987488545,0,short
S1,Sursee,Baar,day,Sursee → Baar,CH,CH,32.26,SBB (Schweizerische Bundesbahnen SBB),day,0.04899697674418605,0.151,1.580642469767442,4.8712599999999995,3.2906175302325575,90.3,Back-on-Track 2022,2026-03-22,3.0818227987488545,0,short
Bad Bentheim → Berlin Ostbahnhof,Bad Bentheim,Berlin Ostbahnhof,day,Bad Bentheim → Berlin Ostbahnhof,DE,DE,426.16,DB,day,0.04899697674418605,0.151,20.88055160930233,64.35016,43.46960839069767,90.3,Back-on-Track 2022,2026-03-22,3.0818227987488545,0,short
Bad Bentheim → Berlin-Spandau,Bad Bentheim,Berlin Spandau,day,Bad Bentheim → Berlin Spandau,DE,DE,410.11,DB,day,0.04899697674418605,0.151,20.09415013255814,61.92661,41.832459867441855,90.3,Back-on-Track 2022,2026-03-22,3.0818227987488545,0,short
Bad Bevensen → Frankfurt(Main)Hbf,Bad Bevensen,Frankfurt Main Hbf,day,Bad Bevensen → Frankfurt Main,DE,DE,355.72,DB,day,0.04899697674418605,0.151,17.429204567441865,53.71372,36.28451543255814,90.3,Back-on-Track 2022,2026-03-22,3.0818227987488545,0,short
Bad Bevensen → Karlsruhe Hbf,Bad Bevensen,Karlsruhe Hbf,day,Bad Bevensen → Karlsruhe,DE,DE,478.86,DB,day,0.04899697674418605,0.151,23.462692283720934,72.30786,48.84516771627907,90.3,Back-on-Track 2022,2026-03-22,3.081822798748855,0,short
S27,Baden,Bad Zurzach,day,Baden → Bad Zurzach,CH,CH,12.47,SBB (Schweizerische Bundesbahnen SBB),day,0.04899697674418605,0.151,0.6109923,1.88297,1.2719776999999999,90.6,Back-on-Track 2022,2026-03-22,3.081822798748855,0,short
S27,Wettingen,Bad Zurzach,day,Wettingen → Bad Zurzach,CH,CH,14.39,SBB (Schweizerische Bundesbahnen SBB),day,0.04899697674418605,0.151,0.7050664953488373,2.17289,1.467823504651163,90.3,Back-on-Track 2022,2026-03-22,3.081822798748855,0,short
S27,Baden,Koblenz,day,Baden → Koblenz,CH,CH,15.05,SBB (Schweizerische Bundesbahnen SBB),day,0.04899697674418605,0.151,0.7374045000000001,2.27255,1.5351454999999996,90.3,Back-on-Track 2022,2026-03-22,3.081822798748854,0,short
S6,Baden,Kusnacht Zh,day,Baden → Kusnacht Zh,CH,CH,26.98,SBB (Schweizerische Bundesbahnen SBB),day,0.04899697674418605,0.151,1.3219384325581396,4.07398,2.75204156744186,90.2,Back-on-Track 2022,2026-03-22,3.0818227987488545,0,short
S23,Baden,Langenthal,day,Baden → Langenthal,CH,CH,48.81,SBB (Schweizerische Bundesbahnen SBB),day,0.04899697674418605,0.151,2.3915424348837213,7.37031,4.978767565116279,90.3,Back-on-Track 2022,2026-03-22,3.0818227987488545,0,short
RE,Olten,Baden,day,Olten → Baden,CH,CH,33.13,SBB (Schweizerische Bundesbahnen SBB),day,0.04899697674418605,0.151,1.623269839534884,5.00263,3.379360160465116,90.4,Back-on-Track 2022,2026-03-22,3.0818227987488545,0,short
S23,Othmarsingen,Baden,day,Othmarsingen → Baden,CH,CH,10.38,SBB (Schweizerische Bundesbahnen SBB),day,0.04899697674418605,0.151,0.5085886186046512,1.56738,1.058791381395349,89.9,Back-on-Track 2022,2026-03-22,3.0818227987488545,0,short
S6,Regensdorf Watt,Baden,day,Regensdorf Watt → Baden,CH,CH,13.13,SBB (Schweizerische Bundesbahnen SBB),day,0.04899697674418605,0.151,0.6433303046511629,1.9826300000000001,1.3392996953488372,90.5,Back-on-Track 2022,2026-03-22,3.0818227987488545,0,short
S6,Uetikon,Baden,day,Uetikon → Baden,CH,CH,36.95,SBB (Schweizerische Bundesbahnen SBB),day,0.04899697674418605,0.151,1.8104382906976748,5.5794500000000005,3.7690117093023257,90.2,Back-on-Track 2022,2026-03-22,3.0818227987488545,0,short
S27,Baden,Waldshut,day,Baden → Waldshut,CH,CH,17.42,SBB (Schweizerische Bundesbahnen SBB),day,0.04899697674418605,0.151,0.8535273348837211,2.63042,1.7768926651162789,90.4,Back-on-Track 2022,2026-03-22,3.081822798748854,0,short
S6,Zurich Hb,Baden,day,Zurich Hb → Baden,CH,CH,20.62,SBB (Schweizerische Bundesbahnen SBB),day,0.04899697674418605,0.151,1.0103176604651165,3.11362,2.1033023395348835,90.2,Back-on-Track 2022,2026-03-22,3.0818227987488545,0,short
P55,Bar Le Duc,Chalons En Champagne,day,Bar le Duc → Chalons En Champagne,FR,FR,63.18,SNCF,day,0.04899697674418605,0.151,3.0956289906976746,9.54018,6.444551009302325,90.3,Back-on-Track 2022,2026-03-22,3.0818227987488545,0,short
C46+,Commercy,Bar Le Duc,day,Commercy → Bar le Duc,FR,FR,30.91,SNCF,day,0.04899697674418605,0.151,1.5144965511627908,4.66741,3.1529134488372095,90.3,Back-on-Track 2022,2026-03-22,3.081822798748855,0,short
C46,Luneville,Bar Le Duc,day,Luneville → Bar le Duc,FR,FR,99.8,SNCF,day,0.04899697674418605,0.151,4.889898279069768,15.069799999999999,10.179901720930232,90.3,Back-on-Track 2022,2026-03-22,3.0818227987488545,0,short
P55,Metz,Bar Le Duc,day,Metz → Bar le Duc,FR,FR,82.68,SNCF,day,0.04899697674418605,0.151,4.051070037209303,12.48468,8.433609962790698,90.3,Back-on-Track 2022,2026-03-22,3.0818227987488545,0,short
TER,Metz Ville,Bar Le Duc,day,Metz Ville → Bar le Duc,CH,CH,82.7,SNCF (Société Nationale des Chemins de fer Français),day,0.04899697674418605,0.151,4.052049976744186,12.4877,8.435650023255814,90.3,Back-on-Track 2022,2026-03-22,3.081822798748855,0,short
C44,Nancy,Bar Le Duc,day,Nancy → Bar le Duc,FR,FR,74.48,SNCF,day,0.04899697674418605,0.151,3.6492948279069775,11.24648,7.597185172093022,90.3,Back-on-Track 2022,2026-03-22,3.0818227987488545,0,short
801B,Bar Le Duc,Paris Est,day,Bar le Duc → Paris Est,FR,FR,205.92,SNCF,day,0.04899697674418605,0.151,10.08945745116279,31.093919999999997,21.004462548837207,90.3,Back-on-Track 2022,2026-03-22,3.081822798748855,0,short
C46+,Bar Le Duc,Revigny,day,Bar le Duc → Revigny,FR,FR,14.44,SNCF,day,0.04899697674418605,0.151,0.7075163441860466,2.18044,1.4729236558139533,90.4,Back-on-Track 2022,2026-03-22,3.0818227987488545,0,short
K1,Bar Le Duc,Strasbourg,day,Bar le Duc → Strasbourg,FR,FR,189.61,SNCF,day,0.04899697674418605,0.151,9.290316760465117,28.63111,19.340793239534882,90.3,Back-on-Track 2022,2026-03-22,3.0818227987488545,0,short
C46+,Toul,Bar Le Duc,day,Toul → Bar le Duc,FR,FR,53.38,SNCF,day,0.04899697674418605,0.151,2.6154586186046513,8.06038,5.444921381395349,90.2,Back-on-Track 2022,2026-03-22,3.081822798748855,0,short
INCONNU,Bar Sur Aube College,Laferte Sur Aube,day,Bar Sur Aube College → Laferte Sur Aube,FR,FR,15.47,OCEdefault,day,0.04899697674418605,0.151,0.7579832302325582,2.33597,1.577986769767442,90.1,Back-on-Track 2022,2026-03-22,3.081822798748855,0,short
INCONNU,Laferte Sur Aube,Bar Sur Aube Lycee,day,Laferte Sur Aube → Bar Sur Aube Lycee,FR,FR,15.53,OCEdefault,day,0.04899697674418605,0.151,0.7609230488372093,2.34503,1.5841069511627905,90.2,Back-on-Track 2022,2026-03-22,3.081822798748855,0,short
INCONNU,Juvancourt,Bar Sur Aube,day,Juvancourt → Bar Sur Aube,FR,FR,15.44,OCEdefault,day,0.04899697674418605,0.151,0.7565133209302326,2.3314399999999997,1.5749266790697671,90.1,Back-on-Track 2022,2026-03-22,3.0818227987488545,0,short
INCONNU,Troyes,Bar Sur Aube,day,Troyes → Bar Sur Aube,FR,FR,47.92,OCEdefault,day,0.04899697674418605,0.151,2.3479351255813956,7.23592,4.8879848744186045,90.3,Back-on-Track 2022,2026-03-22,3.0818227987488545,0,short
INCONNU,Barcelone Sants,Paris Gare De Lyon Hall 1 2,day,Barcelone Sants → Paris de Lyon Hall 1 2,FR,FR,830.38,OCEdefault,day,0.04899697674418605,0.151,40.686109548837216,125.38738,84.70127045116277,90.3,Back-on-Track 2022,2026-03-22,3.0818227987488545,0,medium
INCONNU,Barcelone Sants,Paris Montparnasse Hall 1 2,day,Barcelone Sants → Paris Montparnasse Hall 1 2,FR,FR,829.88,OCEdefault,day,0.04899697674418605,0.151,40.66161106046512,125.31188,84.65026893953488,90.3,Back-on-Track 2022,2026-03-22,3.081822798748855,0,medium
C23+,Barr,Molsheim,day,Barr → Molsheim,FR,FR,15.21,SNCF,day,0.04899697674418605,0.151,0.7452440162790699,2.29671,1.5514659837209301,90.4,Back-on-Track 2022,2026-03-22,3.0818227987488545,0,short
C23,Barr,Selestat,day,Barr → Selestat,FR,FR,16.01,SNCF,day,0.04899697674418605,0.151,0.7844415976744188,2.41751,1.6330684023255813,90.5,Back-on-Track 2022,2026-03-22,3.0818227987488545,0,short
C23,Strasbourg,Barr,day,Strasbourg → Barr,FR,FR,28.72,SNCF,day,0.04899697674418605,0.151,1.4071931720930233,4.33672,2.9295268279069764,90.3,Back-on-Track 2022,2026-03-22,3.0818227987488545,0,short
P28,Saint Etienne Chateaucreux,Bas Monistrol,day,Saint Etienne Chateaucreux → Bas Monistrol,FR,FR,25.98,SNCF,day,0.04899697674418605,0.151,1.2729414558139536,3.92298,2.6500385441860463,90.4,Back-on-Track 2022,2026-03-22,3.0818227987488545,0,short
Basel Bad Bf → Berlin Ostbahnhof,Basel Bad Bf,Berlin Ostbahnhof,night,Basel Bad → Berlin Ostbahnhof,DE,DE,688.94,DB,night,0.04899697674418605,0.151,33.755977158139544,104.02994000000001,70.27396284186047,90.3,Back-on-Track 2022,2026-03-22,3.0818227987488545,0,medium
ICE,Basel Bad Bf,Bern,day,Basel Bad → Bern,CH,CH,69.93,SBB (Schweizerische Bundesbahnen SBB),day,0.04899697674418605,0.151,3.4263585837209307,10.55943,7.13307141627907,90.3,Back-on-Track 2022,2026-03-22,3.081822798748855,0,short
ICE,Basel Bad Bf,Brig,day,Basel Bad → Brig,CH,CH,141.74,SBB (Schweizerische Bundesbahnen SBB),day,0.04899697674418605,0.151,6.9448314837209315,21.40274,14.457908516279069,90.3,Back-on-Track 2022,2026-03-22,3.0818227987488545,0,short
EC,Chiasso,Basel Bad Bf,day,Chiasso → Basel Bad,CH,CH,221.41,SBB (Schweizerische Bundesbahnen SBB),day,0.04899697674418605,0.151,10.848420620930233,33.43291,22.584489379069765,90.3,Back-on-Track 2022,2026-03-22,3.081822798748855,0,short
Basel Bad Bf → Chur,Basel Bad Bf,Chur,day,Basel Bad → Chur,DE,DE,165.42,SBB,day,0.04899697674418605,0.151,8.105079893023255,24.978419999999996,16.87334010697674,90.3,Back-on-Track 2022,2026-03-22,3.081822798748855,0,short
EC,Como S Giovanni,Basel Bad Bf,day,Como S Giovanni → Basel Bad,CH,CH,225.22,SBB (Schweizerische Bundesbahnen SBB),day,0.04899697674418605,0.151,11.035099102325582,34.00822,22.97312089767442,90.3,Back-on-Track 2022,2026-03-22,3.081822798748855,0,short
Düsseldorf Hbf → Basel Bad Bf,Dusseldorf Hbf,Basel Bad Bf,day,Dusseldorf → Basel Bad,DE,DE,410.4,DB,day,0.04899697674418605,0.151,20.108359255813955,61.9704,41.86204074418605,90.3,Back-on-Track 2022,2026-03-22,3.0818227987488545,0,short
RB,Basel Bad Bf,Emmendingen,day,Basel Bad → Emmendingen,CH,CH,63.97,DB Regio (DB Regio AG Baden-Württemberg),day,0.04899697674418605,0.151,3.1343366023255816,9.659469999999999,6.525133397674417,90.2,Back-on-Track 2022,2026-03-22,3.0818227987488545,0,short
RB,Erzingen Baden,Basel Bad Bf,day,Erzingen Baden → Basel Bad,CH,CH,62.55,DB Regio (DB Regio AG Baden-Württemberg),day,0.04899697674418605,0.151,3.0647608953488374,9.445049999999998,6.380289104651161,90.2,Back-on-Track 2022,2026-03-22,3.081822798748854,0,short
Essen Hbf → Basel Bad Bf,Essen Hbf,Basel Bad Bf,day,Essen → Basel Bad,DE,DE,434.0,DB,day,0.04899697674418605,0.151,21.264687906976746,65.53399999999999,44.269312093023245,90.3,Back-on-Track 2022,2026-03-22,3.081822798748854,0,short
RE,Basel Bad Bf,Ettlingen West,day,Basel Bad → Ettlingen West,CH,CH,164.04,DB Regio (DB Regio AG Baden-Württemberg),day,0.04899697674418605,0.151,8.037464065116279,24.770039999999998,16.73257593488372,90.3,Back-on-Track 2022,2026-03-22,3.081822798748855,0,short
Basel Bad Bf → Flensburg,Basel Bad Bf,Flensburg,night,Basel Bad → Flensburg,DE,DE,811.36,DB,night,0.04899697674418605,0.151,39.754187051162795,122.51536,82.76117294883721,90.3,Back-on-Track 2022,2026-03-22,3.0818227987488545,0,medium
ECE 85,Basel Bad Bf,Frankfurt Main Hbf,day,Basel Bad → Frankfurt Main,CH,DE,292.73,DB,day,0.04899697674418605,0.151,14.342885002325584,44.20223,29.859344997674416,90.3,Back-on-Track 2022,2026-03-22,3.0818227987488545,1,short
RB,Freiburg Breisgau Hbf,Basel Bad Bf,day,Freiburg Breisgau → Basel Bad,CH,CH,50.96,DB Regio (DB Regio AG Baden-Württemberg),day,0.04899697674418605,0.151,2.4968859348837213,7.69496,5.198074065116279,90.3,Back-on-Track 2022,2026-03-22,3.0818227987488545,0,short
RE,Basel Bad Bf,Friedrichshafen Hafen,day,Basel Bad → Friedrichshafen Hafen,CH,CH,140.93,DB Regio (DB Regio AG Baden-Württemberg),day,0.04899697674418605,0.151,6.905143932558141,21.28043,14.37528606744186,90.3,Back-on-Track 2022,2026-03-22,3.0818227987488545,0,short
RE,Friedrichshafen Stadt,Basel Bad Bf,day,Friedrichshafen Stadt → Basel Bad,CH,CH,140.28,DB Regio (DB Regio AG Baden-Württemberg),day,0.04899697674418605,0.151,6.873295897674419,21.18228,14.30898410232558,90.3,Back-on-Track 2022,2026-03-22,3.0818227987488545,0,short
Basel Bad Bf → Hamburg Hbf,Basel Bad Bf,Hamburg Hbf,night,Basel Bad → Hamburg,DE,DE,686.68,DB,night,0.04899697674418605,0.151,33.64524399069767,103.68867999999999,70.04343600930233,90.3,Back-on-Track 2022,2026-03-22,3.081822798748855,0,medium
ICE 43,Basel Bad Bf,Hamburg Altona S,day,Basel Bad → Hamburg Altona S,CH,DE,685.45,DB,day,0.04899697674418605,0.151,33.58497770930233,103.50295,69.91797229069766,90.3,Back-on-Track 2022,2026-03-22,3.0818227987488545,1,medium
ICE 20,Hamburg Dammtor,Basel Bad Bf,day,Hamburg Dammtor → Basel Bad,DE,DE,687.25,DB,day,0.04899697674418605,0.151,33.67317226744186,103.77475,70.10157773255813,90.3,Back-on-Track 2022,2026-03-22,3.0818227987488545,0,medium
Basel Bad Bf → Hamburg-Harburg,Basel Bad Bf,Hamburg Harburg,night,Basel Bad → Hamburg Harburg,DE,DE,676.03,DB,night,0.04899697674418605,0.151,33.12342618837209,102.08053,68.9571038116279,90.3,Back-on-Track 2022,2026-03-22,3.081822798748855,0,medium
Basel Bad Bf → Hannover Hbf,Basel Bad Bf,Hannover Hbf,night,Basel Bad → Hannover,DE,DE,556.06,DB,night,0.04899697674418605,0.151,27.245258888372092,83.96506,56.7198011116279,90.3,Back-on-Track 2022,2026-03-22,3.081822798748855,0,medium
RE,Basel Bad Bf,Herbolzheim Breisgau,day,Basel Bad → Herbolzheim Breisgau,CH,CH,73.98,DB Regio (DB Regio AG Baden-Württemberg),day,0.04899697674418605,0.151,3.624796339534884,11.17098,7.5461836604651165,90.2,Back-on-Track 2022,2026-03-22,3.0818227987488545,0,short
ICE,Basel Bad Bf,Interlaken Ost,day,Basel Bad → Interlaken Ost,CH,CH,99.49,SBB (Schweizerische Bundesbahnen SBB),day,0.04899697674418605,0.151,4.8747092162790695,15.022989999999998,10.148280783720928,90.3,Back-on-Track 2022,2026-03-22,3.081822798748855,0,short
RE,Basel Bad Bf,Karlsruhe Hbf,day,Basel Bad → Karlsruhe,CH,CH,169.15,DB Regio (DB Regio AG Baden-Württemberg),day,0.04899697674418605,0.151,8.287838616279071,25.54165,17.25381138372093,90.3,Back-on-Track 2022,2026-03-22,3.0818227987488545,0,short
Basel Bad Bf → Kiel Hbf,Basel Bad Bf,Kiel Hbf,night,Basel Bad → Kiel,DE,DE,770.74,DB,night,0.04899697674418605,0.151,37.763929855813956,116.38174,78.61781014418604,90.3,Back-on-Track 2022,2026-03-22,3.0818227987488545,0,medium
Basel Bad Bf → Köln Hbf,Basel Bad Bf,Koln Hbf,night,Basel Bad → Koln,DE,DE,378.3,DB,night,0.04899697674418605,0.151,18.535556302325585,57.1233,38.58774369767441,90.3,Back-on-Track 2022,2026-03-22,3.0818227987488545,0,short
RB,Konstanz,Basel Bad Bf,day,Konstanz → Basel Bad,CH,CH,118.15,SBB (SBB GmbH),day,0.04899697674418605,0.151,5.788992802325582,17.84065,12.051657197674418,90.3,Back-on-Track 2022,2026-03-22,3.0818227987488545,0,short
RB,Basel Bad Bf,Lauchringen,day,Basel Bad → Lauchringen,CH,CH,54.07,DB Regio (DB Regio AG Baden-Württemberg),day,0.04899697674418605,0.151,2.6492665325581397,8.16457,5.51530346744186,90.2,Back-on-Track 2022,2026-03-22,3.0818227987488545,0,short
EC,Basel Bad Bf,Leipzig Hbf,day,Basel Bad → Leipzig,CH,CH,543.47,SBB (Schweizerische Bundesbahnen SBB),day,0.04899697674418605,0.151,26.628386951162796,82.06397,55.4355830488372,90.3,Back-on-Track 2022,2026-03-22,3.0818227987488545,0,medium
Lüneburg → Basel Bad Bf,Luneburg,Basel Bad Bf,night,Luneburg → Basel Bad,DE,DE,662.39,DB,night,0.04899697674418605,0.151,32.455107425581396,100.02089,67.56578257441859,90.3,Back-on-Track 2022,2026-03-22,3.081822798748855,0,medium
RB,Basel Bad Bf,Mullheim Im Markgraflerland,day,Basel Bad → Mullheim im Markgraflerland,CH,CH,26.96,DB Regio (DB Regio AG Baden-Württemberg),day,0.04899697674418605,0.151,1.320958493023256,4.07096,2.7500015069767443,90.2,Back-on-Track 2022,2026-03-22,3.0818227987488545,0,short
Basel Bad Bf → München Hbf,Basel Bad Bf,Munchen Hbf,night,Basel Bad → Munchen,DE,DE,301.54,DB,night,0.04899697674418605,0.151,14.774548367441863,45.532540000000004,30.75799163255814,90.3,Back-on-Track 2022,2026-03-22,3.081822798748855,0,short
München-Pasing → Basel Bad Bf,Munchen Pasing,Basel Bad Bf,day,Munchen Pasing → Basel Bad,DE,DE,294.71,DB,day,0.04899697674418605,0.151,14.43989901627907,44.50120999999999,30.061310983720922,90.3,Back-on-Track 2022,2026-03-22,3.0818227987488545,0,short
RB,Offenburg,Basel Bad Bf,day,Offenburg → Basel Bad,CH,CH,104.21,DB Regio (DB Regio AG Baden-Württemberg),day,0.04899697674418605,0.151,5.105974946511628,15.73571,10.629735053488371,90.3,Back-on-Track 2022,2026-03-22,3.081822798748855,0,short
RE,Basel Bad Bf,Rastatt,day,Basel Bad → Rastatt,CH,CH,150.7,DB Regio (DB Regio AG Baden-Württemberg),day,0.04899697674418605,0.151,7.383844395348837,22.755699999999997,15.37185560465116,90.3,Back-on-Track 2022,2026-03-22,3.0818227987488545,0,short
RB,Rheinfelden Baden,Basel Bad Bf,day,Rheinfelden Baden → Basel Bad,CH,CH,13.35,DB Regio (DB Regio AG Baden-Württemberg),day,0.04899697674418605,0.151,0.6541096395348838,2.01585,1.3617403604651162,90.1,Back-on-Track 2022,2026-03-22,3.0818227987488545,0,short
S6,Basel Bad Bf,Schopfheim,day,Basel Bad → Schopfheim,CH,CH,18.5,SBB (SBB GmbH),day,0.04899697674418605,0.151,0.906444069767442,2.7935,1.8870559302325578,90.2,Back-on-Track 2022,2026-03-22,3.0818227987488545,0,short
RE,Singen Hohentwiel,Basel Bad Bf,day,Singen Hohentwiel → Basel Bad,CH,CH,94.86,DB Regio (DB Regio AG Baden-Württemberg),day,0.04899697674418605,0.151,4.647853213953489,14.32386,9.67600678604651,90.3,Back-on-Track 2022,2026-03-22,3.0818227987488545,0,short
RB,Basel Bad Bf,Stuhlingen,day,Basel Bad → Stuhlingen,CH,CH,65.83,DB Regio (DB Regio AG Baden-Württemberg),day,0.04899697674418605,0.151,3.2254709790697675,9.94033,6.714859020930232,90.3,Back-on-Track 2022,2026-03-22,3.0818227987488545,0,short
Basel Bad Bf → Stuttgart Hbf,Basel Bad Bf,Stuttgart Hbf,night,Basel Bad → Stuttgart,DE,DE,178.67,DB,night,0.04899697674418605,0.151,8.754289834883721,26.979169999999996,18.224880165116275,90.3,Back-on-Track 2022,2026-03-22,3.0818227987488545,0,short
RE,Ulm Hbf,Basel Bad Bf,day,Ulm → Basel Bad,CH,CH,199.55,DB Regio (DB Regio AG Baden-Württemberg),day,0.04899697674418605,0.151,9.777346709302327,30.13205,20.35470329069767,90.3,Back-on-Track 2022,2026-03-22,3.0818227987488545,0,short
RB,Waldshut,Basel Bad Bf,day,Waldshut → Basel Bad,CH,CH,46.33,DB Regio (DB Regio AG Baden-Württemberg),day,0.04899697674418605,0.151,2.2700299325581397,6.99583,4.72580006744186,90.3,Back-on-Track 2022,2026-03-22,3.0818227987488545,0,short
RB,Weizen,Basel Bad Bf,day,Weizen → Basel Bad,CH,CH,68.86,DB Regio (DB Regio AG Baden-Württemberg),day,0.04899697674418605,0.151,3.3739318186046514,10.39786,7.023928181395348,90.3,Back-on-Track 2022,2026-03-22,3.0818227987488545,0,short
S6,Basel Bad Bf,Zell Wiesental,day,Basel Bad → Zell Wiesental,CH,CH,23.79,SBB (SBB GmbH),day,0.04899697674418605,0.151,1.165638076744186,3.5922899999999998,2.4266519232558137,90.4,Back-on-Track 2022,2026-03-22,3.0818227987488545,0,short
Basel Bad Bf → Zürich HB,Basel Bad Bf,Zurich Hb,day,Basel Bad → Zurich Hb,CH,CH,73.23,CH,day,0.04899697674418605,0.151,3.5880486069767445,11.05773,7.469681393023254,90.2,Back-on-Track 2022,2026-03-22,3.0818227987488545,0,short
IR26,Basel Sbb,Bellinzona,day,Basel Sbb → Bellinzona,CH,CH,185.95,SOB-sob (Schweizerische Südostbahn (sob)),day,0.04899697674418605,0.151,9.110987825581395,28.078449999999997,18.9674621744186,90.3,Back-on-Track 2022,2026-03-22,3.081822798748855,0,short
Basel SBB → Berlin Hbf,Basel Sbb,Berlin Hbf,day,Basel Sbb → Berlin,DE,DE,690.06,DB,day,0.04899697674418605,0.151,33.810853772093026,104.19905999999999,70.38820622790696,90.3,Back-on-Track 2022,2026-03-22,3.0818227987488545,0,medium
ICE 12,Berlin Gesundbrunnen,Basel Sbb,day,Berlin Gesundbrunnen → Basel Sbb,DE,CH,692.93,DB,day,0.04899697674418605,0.151,33.95147509534884,104.63242999999999,70.68095490465114,90.3,Back-on-Track 2022,2026-03-22,3.081822798748854,1,medium
Berlin Ostbahnhof → Basel SBB,Berlin Ostbahnhof,Basel Sbb,night,Berlin Ostbahnhof → Basel Sbb,DE,DE,691.54,DB,night,0.04899697674418605,0.151,33.88336929767442,104.42254,70.53917070232558,90.3,Back-on-Track 2022,2026-03-22,3.081822798748855,0,medium
Basel SBB → Berlin Hbf (tief),Basel Sbb,Berlin Hbf Tief,day,Basel Sbb → Berlin,DE,DE,690.06,DB,day,0.04899697674418605,0.151,33.810853772093026,104.19905999999999,70.38820622790696,90.3,Back-on-Track 2022,2026-03-22,3.0818227987488545,0,medium
IC6,Basel Sbb,Bern,day,Basel Sbb → Bern,CH,CH,67.52,SBB (Schweizerische Bundesbahnen SBB),day,0.04899697674418605,0.151,3.308275869767442,10.195519999999998,6.887244130232556,90.2,Back-on-Track 2022,2026-03-22,3.081822798748854,0,short
IC51,Biel Bienne,Basel Sbb,day,Biel Bienne → Basel Sbb,CH,CH,52.98,SBB (Schweizerische Bundesbahnen SBB),day,0.04899697674418605,0.151,2.5958598279069767,7.999979999999999,5.404120172093022,90.3,Back-on-Track 2022,2026-03-22,3.0818227987488545,0,short
Bregenz → Basel SBB,Bregenz,Basel Sbb,day,Bregenz → Basel Sbb,DE,DE,161.51,SBB,day,0.04899697674418605,0.151,7.9135017139534884,24.388009999999998,16.474508286046508,90.3,Back-on-Track 2022,2026-03-22,3.0818227987488545,0,short
EC,Brig,Basel Sbb,day,Brig → Basel Sbb,CH,CH,139.86,SBB (Schweizerische Bundesbahnen SBB),day,0.04899697674418605,0.151,6.852717167441861,21.11886,14.26614283255814,90.3,Back-on-Track 2022,2026-03-22,3.081822798748855,0,short
IR26,Basel Sbb,Cadenazzo,day,Basel Sbb → Cadenazzo,CH,CH,186.08,SOB-sob (Schweizerische Südostbahn (sob)),day,0.04899697674418605,0.151,9.11735743255814,28.09808,18.98072256744186,90.3,Back-on-Track 2022,2026-03-22,3.0818227987488545,0,short
EC,Chiasso,Basel Sbb,day,Chiasso → Basel Sbb,CH,CH,220.15,SBB (Schweizerische Bundesbahnen SBB),day,0.04899697674418605,0.151,10.78668443023256,33.24265,22.455965569767436,90.3,Back-on-Track 2022,2026-03-22,3.081822798748854,0,short
IC3,Chur,Basel Sbb,day,Chur → Basel Sbb,CH,CH,165.61,SBB (Schweizerische Bundesbahnen SBB),day,0.04899697674418605,0.151,8.114389318604653,25.00711,16.892720681395346,90.3,Back-on-Track 2022,2026-03-22,3.0818227987488545,0,short
TER,Colmar,Basel Sbb,day,Colmar → Basel Sbb,CH,CH,61.14,SBB (Schweizerische Bundesbahnen SBB),day,0.04899697674418605,0.151,2.995675158139535,9.23214,6.236464841860464,90.2,Back-on-Track 2022,2026-03-22,3.0818227987488545,0,short
EC,Basel Sbb,Como S Giovanni,day,Basel Sbb → Como S Giovanni,CH,CH,223.98,SBB (Schweizerische Bundesbahnen SBB),day,0.04899697674418605,0.151,10.974342851162792,33.82098,22.846637148837207,90.3,Back-on-Track 2022,2026-03-22,3.0818227987488545,0,short
IR56,Basel Sbb,Delemont,day,Basel Sbb → Delemont,CH,CH,27.37,BLS-bls (BLS AG (bls)),day,0.04899697674418605,0.151,1.3410472534883722,4.13287,2.7918227465116274,90.4,Back-on-Track 2022,2026-03-22,3.0818227987488545,0,short
EC,Domodossola I,Basel Sbb,day,Domodossola I → Basel Sbb,CH,CH,168.07,SBB (Schweizerische Bundesbahnen SBB),day,0.04899697674418605,0.151,8.23492188139535,25.37857,17.143648118604652,90.3,Back-on-Track 2022,2026-03-22,3.0818227987488545,0,short
Dortmund Hbf → Basel SBB,Dortmund Hbf,Basel Sbb,night,Dortmund → Basel Sbb,DE,DE,441.6,DB,night,0.04899697674418605,0.151,21.63706493023256,66.6816,45.04453506976744,90.3,Back-on-Track 2022,2026-03-22,3.0818227987488545,0,short
ICE 43,Basel Sbb,Dusseldorf Hbf,day,Basel Sbb → Dusseldorf,CH,DE,412.4,DB,day,0.04899697674418605,0.151,20.206353209302325,62.2724,42.06604679069767,90.3,Back-on-Track 2022,2026-03-22,3.081822798748855,1,short
Basel SBB → Erfurt Hbf,Basel Sbb,Erfurt Hbf,day,Basel Sbb → Erfurt,DE,DE,455.62,DB,day,0.04899697674418605,0.151,22.324002544186047,68.79862,46.474617455813956,90.3,Back-on-Track 2022,2026-03-22,3.081822798748855,0,short
IR26,Basel Sbb,Erstfeld,day,Basel Sbb → Erstfeld,CH,CH,113.86,SOB-sob (Schweizerische Südostbahn (sob)),day,0.04899697674418605,0.151,5.578795772093024,17.19286,11.614064227906976,90.3,Back-on-Track 2022,2026-03-22,3.0818227987488545,0,short
Frankfurt(Main)Hbf → Basel SBB,Frankfurt Main Hbf,Basel Sbb,day,Frankfurt Main → Basel Sbb,DE,DE,295.28,DB,day,0.04899697674418605,0.151,14.467827293023255,44.58727999999999,30.119452706976737,90.3,Back-on-Track 2022,2026-03-22,3.0818227987488545,0,short
S1,Frick,Basel Sbb,day,Frick → Basel Sbb,CH,CH,32.11,SBB (Schweizerische Bundesbahnen SBB),day,0.04899697674418605,0.151,1.5732929232558142,4.84861,3.2753170767441855,90.3,Back-on-Track 2022,2026-03-22,3.0818227987488545,0,short
Basel SBB → Halle(Saale)Hbf,Basel Sbb,Halle Saale Hbf,day,Basel Sbb → Halle Saale,DE,DE,539.95,DB,day,0.04899697674418605,0.151,26.455917593023262,81.53245000000001,55.07653240697675,90.3,Back-on-Track 2022,2026-03-22,3.0818227987488545,0,medium
ECE 20,Basel Sbb,Hamburg Hbf,day,Basel Sbb → Hamburg,CH,DE,689.15,DB,day,0.04899697674418605,0.151,33.766266523255815,104.06165,70.29538347674418,90.3,Back-on-Track 2022,2026-03-22,3.081822798748855,1,medium
Hamburg-Altona → Basel SBB,Hamburg Altona,Basel Sbb,day,Hamburg Altona → Basel Sbb,DE,DE,687.91,DB,day,0.04899697674418605,0.151,33.70551027209302,103.87441,70.16889972790698,90.3,Back-on-Track 2022,2026-03-22,3.081822798748855,0,medium
ECE 20,Hamburg Dammtor,Basel Sbb,day,Hamburg Dammtor → Basel Sbb,DE,CH,689.71,DB,day,0.04899697674418605,0.151,33.79370483023256,104.14621,70.35250516976743,90.3,Back-on-Track 2022,2026-03-22,3.0818227987488545,1,medium
Basel SBB → Hamburg-Harburg,Basel Sbb,Hamburg Harburg,night,Basel Sbb → Hamburg Harburg,DE,DE,678.5,DB,night,0.04899697674418605,0.151,33.24444872093024,102.45349999999999,69.20905127906975,90.3,Back-on-Track 2022,2026-03-22,3.0818227987488545,0,medium
Hannover Hbf → Basel SBB,Hannover Hbf,Basel Sbb,night,Hannover → Basel Sbb,DE,DE,558.55,DB,night,0.04899697674418605,0.151,27.367261360465115,84.34105,56.97378863953488,90.3,Back-on-Track 2022,2026-03-22,3.081822798748855,0,medium
IC61,Interlaken Ost,Basel Sbb,day,Interlaken Ost → Basel Sbb,CH,CH,97.6,SBB (Schweizerische Bundesbahnen SBB),day,0.04899697674418605,0.151,4.782104930232558,14.737599999999999,9.95549506976744,90.2,Back-on-Track 2022,2026-03-22,3.081822798748855,0,short
Basel SBB → Kiel Hbf,Basel Sbb,Kiel Hbf,night,Basel Sbb → Kiel,DE,DE,773.19,DB,night,0.04899697674418605,0.151,37.88397244883721,116.75169000000001,78.8677175511628,90.3,Back-on-Track 2022,2026-03-22,3.081822798748855,0,medium
Köln Hbf → Basel SBB,Koln Hbf,Basel Sbb,night,Koln → Basel Sbb,DE,DE,380.34,DB,night,0.04899697674418605,0.151,18.63551013488372,57.43133999999999,38.795829865116275,90.3,Back-on-Track 2022,2026-03-22,3.0818227987488545,0,short
S3,Laufen,Basel Sbb,day,Laufen → Basel Sbb,CH,CH,15.67,SBB (Schweizerische Bundesbahnen SBB),day,0.04899697674418605,0.151,0.7677826255813954,2.36617,1.5983873744186043,90.3,Back-on-Track 2022,2026-03-22,3.0818227987488545,0,short
S1,Laufenburg,Basel Sbb,day,Laufenburg → Basel Sbb,CH,CH,35.43,SBB (Schweizerische Bundesbahnen SBB),day,0.04899697674418605,0.151,1.7359628860465117,5.34993,3.613967113953488,90.2,Back-on-Track 2022,2026-03-22,3.0818227987488545,0,short
IC51,Lausanne,Basel Sbb,day,Lausanne → Basel Sbb,CH,CH,135.76,SBB (Schweizerische Bundesbahnen SBB),day,0.04899697674418605,0.151,6.651829562790698,20.49976,13.8479304372093,90.3,Back-on-Track 2022,2026-03-22,3.0818227987488545,0,short
EXT,Liestal,Basel Sbb,day,Liestal → Basel Sbb,CH,CH,12.74,SBB (Schweizerische Bundesbahnen SBB),day,0.04899697674418605,0.151,0.6242214837209303,1.92374,1.2995185162790697,90.2,Back-on-Track 2022,2026-03-22,3.0818227987488545,0,short
Basel SBB → Lindau Hbf,Basel Sbb,Lindau Hbf,night,Basel Sbb → Lindau,DE,DE,156.93,ÖBB,night,0.04899697674418605,0.151,7.689095560465117,23.69643,16.007334439534883,90.3,Back-on-Track 2022,2026-03-22,3.0818227987488545,0,short
IR26,Basel Sbb,Locarno,day,Basel Sbb → Locarno,CH,CH,178.5,SOB-sob (Schweizerische Südostbahn (sob)),day,0.04899697674418605,0.151,8.74596034883721,26.9535,18.20753965116279,90.3,Back-on-Track 2022,2026-03-22,3.0818227987488545,0,short
EC,Basel Sbb,Lugano,day,Basel Sbb → Lugano,CH,CH,200.2,SBB (Schweizerische Bundesbahnen SBB),day,0.04899697674418605,0.151,9.809194744186048,30.230199999999996,20.42100525581395,90.3,Back-on-Track 2022,2026-03-22,3.081822798748854,0,short
IC21,Luzern,Basel Sbb,day,Luzern → Basel Sbb,CH,CH,77.52,SBB (Schweizerische Bundesbahnen SBB),day,0.04899697674418605,0.151,3.7982456372093023,11.70552,7.907274362790698,90.2,Back-on-Track 2022,2026-03-22,3.081822798748855,0,short
IC21,Mendrisio,Basel Sbb,day,Mendrisio → Basel Sbb,CH,CH,214.57,SBB (Schweizerische Bundesbahnen SBB),day,0.04899697674418605,0.151,10.513281300000001,32.40007,21.886788699999997,90.3,Back-on-Track 2022,2026-03-22,3.0818227987488545,0,short
TER,Basel Sbb,Mulhouse,day,Basel Sbb → Mulhouse,CH,CH,28.44,SBB (Schweizerische Bundesbahnen SBB),day,0.04899697674418605,0.151,1.3934740186046513,4.29444,2.9009659813953483,90.2,Back-on-Track 2022,2026-03-22,3.0818227987488545,0,short
ICE 60,Munchen Hbf,Basel Sbb,day,Munchen → Basel Sbb,DE,CH,303.39,DB,day,0.04899697674418605,0.151,14.865192774418606,45.81189,30.946697225581392,90.3,Back-on-Track 2022,2026-03-22,3.0818227987488545,1,short
Münster(Westf)Hbf → Basel SBB,Munster Westf Hbf,Basel Sbb,night,Munster Westf → Basel Sbb,DE,DE,490.29,DB,night,0.04899697674418605,0.151,24.02272772790698,74.03379,50.011062272093014,90.3,Back-on-Track 2022,2026-03-22,3.0818227987488545,0,short
Oberhausen Hbf → Basel SBB,Oberhausen Hbf,Basel Sbb,day,Oberhausen → Basel Sbb,DE,DE,439.95,DB,day,0.04899697674418605,0.151,21.556219918604654,66.43245,44.87623008139535,90.3,Back-on-Track 2022,2026-03-22,3.0818227987488545,0,short
IR27,Olten,Basel Sbb,day,Olten → Basel Sbb,CH,CH,32.32,SBB (Schweizerische Bundesbahnen SBB),day,0.04899697674418605,0.151,1.5835822883720931,4.88032,3.296737711627907,90.3,Back-on-Track 2022,2026-03-22,3.081822798748855,0,short
612B,Paris Gare De Lyon Hall 1 2,Basel Sbb,day,Paris de Lyon Hall 1 2 → Basel Sbb,FR,FR,412.56,SNCF,day,0.04899697674418605,0.151,20.2141927255814,62.29656,42.0823672744186,90.3,Back-on-Track 2022,2026-03-22,3.0818227987488545,0,short
612B,Paris Est,Basel Sbb,day,Paris Est → Basel Sbb,FR,FR,414.73,SNCF,day,0.04899697674418605,0.151,20.32051616511628,62.624230000000004,42.30371383488372,90.3,Back-on-Track 2022,2026-03-22,3.081822798748855,0,short
S32,Sissach,Basel Sbb,day,Sissach → Basel Sbb,CH,CH,19.18,SBB (Schweizerische Bundesbahnen SBB),day,0.04899697674418605,0.151,0.9397620139534885,2.8961799999999998,1.9564179860465112,90.2,Back-on-Track 2022,2026-03-22,3.0818227987488545,0,short
IR36,Stein Sackingen,Basel Sbb,day,Stein Sackingen → Basel Sbb,CH,CH,26.97,SBB (Schweizerische Bundesbahnen SBB),day,0.04899697674418605,0.151,1.3214484627906977,4.07247,2.7510215372093025,90.2,Back-on-Track 2022,2026-03-22,3.081822798748855,0,short
K200,Strasbourg,Basel Sbb,night,Strasbourg → Basel Sbb,FR,FR,115.89,SNCF,night,0.04899697674418605,0.151,5.678259634883721,17.49939,11.821130365116277,90.3,Back-on-Track 2022,2026-03-22,3.0818227987488545,0,short
ICE 60,Stuttgart Hbf,Basel Sbb,day,Stuttgart → Basel Sbb,DE,CH,181.35,DB,day,0.04899697674418605,0.151,8.88560173255814,27.38385,18.49824826744186,90.3,Back-on-Track 2022,2026-03-22,3.081822798748855,1,short
Basel SBB → Utrecht Centraal,Basel Sbb,Utrecht Centraal,day,Basel Sbb → Utrecht Centraal,DE,DE,535.38,DB,day,0.04899697674418605,0.151,26.232001409302327,80.84237999999999,54.610378590697664,90.3,Back-on-Track 2022,2026-03-22,3.0818227987488545,0,medium
IC51,Yverdon Les Bains,Basel Sbb,day,Yverdon les Bains → Basel Sbb,CH,CH,111.33,SBB (Schweizerische Bundesbahnen SBB),day,0.04899697674418605,0.151,5.454833420930233,16.81083,11.355996579069767,90.3,Back-on-Track 2022,2026-03-22,3.081822798748855,0,short
S6,Basel Sbb,Zell Wiesental,day,Basel Sbb → Zell Wiesental,CH,CH,26.23,SBB (SBB GmbH),day,0.04899697674418605,0.151,1.2851907000000002,3.96073,2.6755392999999996,90.2,Back-on-Track 2022,2026-03-22,3.0818227987488545,0,short
IR36,Basel Sbb,Zurich Flughafen,day,Basel Sbb → Zurich Flughafen,CH,CH,73.87,SBB (Schweizerische Bundesbahnen SBB),day,0.04899697674418605,0.151,3.6194066720930236,11.15437,7.5349633279069765,90.3,Back-on-Track 2022,2026-03-22,3.081822798748855,0,short
Basel SBB → Zürich HB,Basel Sbb,Zurich Hb,day,Basel Sbb → Zurich Hb,CH,CH,73.9,Unknown,day,0.04899697674418605,0.151,3.6208765813953496,11.158900000000001,7.538023418604651,90.3,Back-on-Track 2022,2026-03-22,3.0818227987488545,0,short
IR36,Zurich Oerlikon,Basel Sbb,day,Zurich Oerlikon → Basel Sbb,CH,CH,73.31,SBB (Schweizerische Bundesbahnen SBB),day,0.04899697674418605,0.151,3.5919683651162795,11.06981,7.4778416348837204,90.2,Back-on-Track 2022,2026-03-22,3.081822798748855,0,short
EXT,Zurich Hb,Basel St Jakob,day,Zurich Hb → Basel St Jakob,CH,CH,71.59,SBB (Schweizerische Bundesbahnen SBB),day,0.04899697674418605,0.151,3.5076935651162797,10.81009,7.302396434883721,90.3,Back-on-Track 2022,2026-03-22,3.0818227987488545,0,short
S8,Bern,Batterkinden,day,Bern → Batterkinden,CH,CH,21.4,RBS (Regionalverkehr Bern-Solothurn),day,0.04899697674418605,0.151,1.0485353023255815,3.2314,2.182864697674418,90.3,Back-on-Track 2022,2026-03-22,3.0818227987488545,0,short
S8,Zollikofen,Batterkinden,day,Zollikofen → Batterkinden,CH,CH,15.25,RBS (Regionalverkehr Bern-Solothurn),day,0.04899697674418605,0.151,0.7472038953488372,2.30275,1.555546104651163,90.5,Back-on-Track 2022,2026-03-22,3.081822798748855,0,short
S26,Bauma,Ruti Zh,day,Bauma → Ruti Zh,CH,CH,12.19,THURBO (THURBO),day,0.04899697674418605,0.151,0.5972731465116279,1.84069,1.243416853488372,90.3,Back-on-Track 2022,2026-03-22,3.081822798748855,0,short
S26,Winterthur,Bauma,day,Winterthur → Bauma,CH,CH,18.67,THURBO (THURBO),day,0.04899697674418605,0.151,0.9147735558139537,2.81917,1.9043964441860464,90.3,Back-on-Track 2022,2026-03-22,3.0818227987488545,0,short
S26,Bauma,Winterthur Gruze,day,Bauma → Winterthur Gruze,CH,CH,17.33,THURBO (THURBO),day,0.04899697674418605,0.151,0.8491176069767442,2.6168299999999998,1.7677123930232557,90.4,Back-on-Track 2022,2026-03-22,3.0818227987488545,0,short
D51,Bayonne,Biganos Facture,day,Bayonne → Biganos Facture,FR,FR,133.07,SNCF,day,0.04899697674418605,0.151,6.520027695348838,20.09357,13.573542304651163,90.3,Back-on-Track 2022,2026-03-22,3.0818227987488545,0,short
L51,Bayonne,Bordeaux Saint Jean,night,Bayonne → Bordeaux Saint Jean,FR,FR,164.78,SNCF,night,0.04899697674418605,0.151,8.073721827906978,24.88178,16.80805817209302,90.3,Back-on-Track 2022,2026-03-22,3.0818227987488545,0,short
F54,Bayonne,Cambo Les Bains,day,Bayonne → Cambo les Bains,FR,FR,15.77,SNCF,day,0.04899697674418605,0.151,0.772682323255814,2.3812699999999998,1.6085876767441858,90.3,Back-on-Track 2022,2026-03-22,3.0818227987488545,0,short
L53,Bayonne,Coarraze Nay,day,Bayonne → Coarraze Nay,FR,FR,105.36,SNCF,day,0.04899697674418605,0.151,5.162321469767442,15.90936,10.747038530232558,90.2,Back-on-Track 2022,2026-03-22,3.0818227987488545,0,short
D51,Bayonne,Dax,day,Bayonne → Dax,FR,FR,41.98,SNCF,day,0.04899697674418605,0.151,2.0568930837209303,6.338979999999999,4.282086916279069,90.2,Back-on-Track 2022,2026-03-22,3.0818227987488545,0,short
L53,Bayonne,Hendaye,day,Bayonne → Hendaye,FR,FR,29.79,SNCF,day,0.04899697674418605,0.151,1.4596199372093024,4.49829,3.0386700627906977,90.2,Back-on-Track 2022,2026-03-22,3.081822798748855,0,short
L54,Bayonne,Saint Jean Pied De Port,day,Bayonne → Saint Jean Pied de Port,FR,FR,41.15,SNCF,day,0.04899697674418605,0.151,2.0162255930232558,6.2136499999999995,4.197424406976744,90.2,Back-on-Track 2022,2026-03-22,3.081822798748855,0,short
L53,Pau,Bayonne,day,Pau → Bayonne,FR,FR,91.81,SNCF,day,0.04899697674418605,0.151,4.498412434883721,13.86331,9.36489756511628,90.2,Back-on-Track 2022,2026-03-22,3.081822798748855,0,short
L53,Puyoo,Bayonne,day,Puyoo → Bayonne,FR,FR,45.23,SNCF,day,0.04899697674418605,0.151,2.2161332581395348,6.82973,4.613596741860465,90.3,Back-on-Track 2022,2026-03-22,3.081822798748855,0,short
L53,Tarbes,Bayonne,day,Tarbes → Bayonne,FR,FR,127.7,SNCF,day,0.04899697674418605,0.151,6.2569139302325585,19.2827,13.02578606976744,90.3,Back-on-Track 2022,2026-03-22,3.0818227987488545,0,short
552A,Bayonne,Toulouse Matabiau,day,Bayonne → Toulouse Matabiau,FR,FR,235.96,SNCF,day,0.04899697674418605,0.151,11.56132663255814,35.62996,24.068633367441855,90.3,Back-on-Track 2022,2026-03-22,3.0818227987488545,0,short
P32,Beauvais,Creil,day,Beauvais → Creil,FR,FR,32.99,SNCF Voyageurs EA,day,0.04899697674418605,0.151,1.616410262790698,4.98149,3.365079737209302,90.3,Back-on-Track 2022,2026-03-22,3.0818227987488545,0,short
P30,Beauvais,Le Treport Mers Les Bains,day,Beauvais → le Treport Mers les Bains,FR,FR,87.32,SNCF Voyageurs EA,day,0.04899697674418605,0.151,4.278416009302326,13.185319999999999,8.906903990697673,90.3,Back-on-Track 2022,2026-03-22,3.0818227987488545,0,short
C17,Beauvais,Paris Gare Du Nord,day,Beauvais → Paris du Nord,FR,FR,63.77,SNCF,day,0.04899697674418605,0.151,3.1245372069767448,9.62927,6.504732793023255,90.3,Back-on-Track 2022,2026-03-22,3.0818227987488545,0,short
P9,Bedarieux,Beziers,day,Bedarieux → Beziers,FR,FR,30.8,SNCF,day,0.04899697674418605,0.151,1.5091068837209305,4.6508,3.14169311627907,90.3,Back-on-Track 2022,2026-03-22,3.0818227987488545,0,short
L55,Pau,Bedous,day,Pau → Bedous,FR,FR,38.0,SNCF,day,0.04899697674418605,0.151,1.86188511627907,5.7379999999999995,3.8761148837209296,90.3,Back-on-Track 2022,2026-03-22,3.0818227987488545,0,short
S9,Lenzburg,Beinwil Am See,day,Lenzburg → Beinwil am See,CH,CH,13.99,SBB (Schweizerische Bundesbahnen SBB),day,0.04899697674418605,0.151,0.6854677046511629,2.1124899999999998,1.427022295348837,90.0,Back-on-Track 2022,2026-03-22,3.081822798748854,0,short
S9,Beinwil Am See,Luzern,day,Beinwil am See → Luzern,CH,CH,25.48,SBB (Schweizerische Bundesbahnen SBB),day,0.04899697674418605,0.151,1.2484429674418607,3.84748,2.5990370325581393,90.2,Back-on-Track 2022,2026-03-22,3.0818227987488545,0,short
C13,Belfort Ville,Besancon Viotte,day,Belfort Ville → Besancon Viotte,FR,FR,75.9,SNCF,day,0.04899697674418605,0.151,3.7188705348837217,11.4609,7.742029465116278,90.3,Back-on-Track 2022,2026-03-22,3.0818227987488545,0,short
K13,Belfort Ville,Bourg En Bresse,day,Belfort Ville → Bourg En Bresse,FR,FR,202.21,SNCF,day,0.04899697674418605,0.151,9.907678667441862,30.53371,20.626031332558135,90.3,Back-on-Track 2022,2026-03-22,3.0818227987488545,0,short
C5,Delle,Belfort Ville,day,Delle → Belfort Ville,FR,FR,18.35,SNCF,day,0.04899697674418605,0.151,0.8990945232558141,2.7708500000000003,1.8717554767441862,90.2,Back-on-Track 2022,2026-03-22,3.081822798748855,0,short
P50,Belfort Ville,Epinal,day,Belfort Ville → Epinal,FR,FR,67.92,SNCF,day,0.04899697674418605,0.151,3.327874660465117,10.25592,6.928045339534883,90.3,Back-on-Track 2022,2026-03-22,3.0818227987488545,0,short
K13,Lons Le Saunier,Belfort Ville,night,Lons le Saunier → Belfort Ville,FR,FR,145.65,SNCF,night,0.04899697674418605,0.151,7.136409662790698,21.99315,14.856740337209303,90.3,Back-on-Track 2022,2026-03-22,3.0818227987488545,0,short
K13,Lyon Part Dieu,Belfort Ville,day,Lyon Part Dieu → Belfort Ville,FR,FR,257.86,SNCF,day,0.04899697674418605,0.151,12.634360423255815,38.93686,26.30249957674419,90.3,Back-on-Track 2022,2026-03-22,3.081822798748855,0,short
K13,Lyon Perrache,Belfort Ville,day,Lyon Perrache → Belfort Ville,FR,FR,260.47,SNCF,day,0.04899697674418605,0.151,12.762242532558142,39.33097,26.56872746744186,90.3,Back-on-Track 2022,2026-03-22,3.0818227987488545,0,short
C13,Belfort Ville,Montbeliard,day,Belfort Ville → Montbeliard,FR,FR,14.21,SNCF,day,0.04899697674418605,0.151,0.6962470395348839,2.1457100000000002,1.4494629604651164,90.2,Back-on-Track 2022,2026-03-22,3.0818227987488545,0,short
C13,Belfort Ville,Montreux Vieux,day,Belfort Ville → Montreux Vieux,FR,FR,12.96,SNCF,day,0.04899697674418605,0.151,0.6350008186046513,1.95696,1.3219591813953486,90.4,Back-on-Track 2022,2026-03-22,3.0818227987488545,0,short
C13,Mulhouse,Belfort Ville,day,Mulhouse → Belfort Ville,FR,FR,38.58,SNCF,day,0.04899697674418605,0.151,1.8903033627906978,5.8255799999999995,3.9352766372093018,90.3,Back-on-Track 2022,2026-03-22,3.0818227987488545,0,short
K4,Belfort Ville,Paris Est,night,Belfort Ville → Paris Est,FR,FR,360.34,SNCF,night,0.04899697674418605,0.151,17.6555706,54.411339999999996,36.75576939999999,90.3,Back-on-Track 2022,2026-03-22,3.0818227987488545,0,short
K4,Belfort Ville,Troyes,day,Belfort Ville → Troyes,FR,FR,220.31,SNCF,day,0.04899697674418605,0.151,10.794523946511628,33.26681,22.47228605348837,90.3,Back-on-Track 2022,2026-03-22,3.081822798748855,0,short
P45,Belfort Ville,Vesoul,day,Belfort Ville → Vesoul,FR,FR,52.65,SNCF,day,0.04899697674418605,0.151,2.5796908255813955,7.95015,5.370459174418604,90.2,Back-on-Track 2022,2026-03-22,3.081822798748855,0,short
TER,Besancon Viotte,Belfort,day,Besancon Viotte → Belfort,CH,CH,75.86,SNCF (Société Nationale des Chemins de fer Français),day,0.04899697674418605,0.151,3.7169106558139537,11.45486,7.737949344186046,90.3,Back-on-Track 2022,2026-03-22,3.081822798748855,0,short
TER,Belfort,Bourg En Bresse,day,Belfort → Bourg En Bresse,CH,CH,202.23,SNCF (Société Nationale des Chemins de fer Français),day,0.04899697674418605,0.151,9.908658606976745,30.53673,20.628071393023255,90.3,Back-on-Track 2022,2026-03-22,3.0818227987488545,0,short
TER,Delle,Belfort,day,Delle → Belfort,CH,CH,18.42,SNCF (Société Nationale des Chemins de fer Français),day,0.04899697674418605,0.151,0.9025243116279071,2.7814200000000002,1.878895688372093,90.2,Back-on-Track 2022,2026-03-22,3.0818227987488545,0,short
TER,Belfort,Epinal,day,Belfort → Epinal,CH,CH,67.91,SNCF (Société Nationale des Chemins de fer Français),day,0.04899697674418605,0.151,3.3273846906976745,10.25441,6.9270253093023255,90.3,Back-on-Track 2022,2026-03-22,3.081822798748855,0,short
TER,Lons Le Saunier,Belfort,day,Lons le Saunier → Belfort,CH,CH,145.63,SNCF (Société Nationale des Chemins de fer Français),day,0.04899697674418605,0.151,7.135429723255815,21.990129999999997,14.854700276744182,90.3,Back-on-Track 2022,2026-03-22,3.0818227987488545,0,short
TER,Lyon Part Dieu,Belfort,day,Lyon Part Dieu → Belfort,CH,CH,257.82,SNCF (Société Nationale des Chemins de fer Français),day,0.04899697674418605,0.151,12.632400544186048,38.93082,26.29841945581395,90.3,Back-on-Track 2022,2026-03-22,3.0818227987488545,0,short
TER,Lyon Perrache,Belfort,day,Lyon Perrache → Belfort,CH,CH,260.49,SNCF (Société Nationale des Chemins de fer Français),day,0.04899697674418605,0.151,12.763222472093025,39.33399,26.570767527906973,90.3,Back-on-Track 2022,2026-03-22,3.0818227987488545,0,short
TER,Belfort,Montbeliard,day,Belfort → Montbeliard,CH,CH,14.2,SNCF (Société Nationale des Chemins de fer Français),day,0.04899697674418605,0.151,0.6957570697674419,2.1441999999999997,1.4484429302325577,90.2,Back-on-Track 2022,2026-03-22,3.0818227987488545,0,short
TER,Belfort,Mulhouse,day,Belfort → Mulhouse,CH,CH,38.57,SNCF (Société Nationale des Chemins de fer Français),day,0.04899697674418605,0.151,1.889813393023256,5.82407,3.934256606976744,90.3,Back-on-Track 2022,2026-03-22,3.081822798748855,0,short
TER,Belfort,Paris Est,day,Belfort → Paris Est,CH,CH,360.27,SNCF (Société Nationale des Chemins de fer Français),day,0.04899697674418605,0.151,17.65214081162791,54.400769999999994,36.748629188372085,90.3,Back-on-Track 2022,2026-03-22,3.0818227987488545,0,short
TER,Belfort,Troyes,day,Belfort → Troyes,CH,CH,220.32,SNCF (Société Nationale des Chemins de fer Français),day,0.04899697674418605,0.151,10.79501391627907,33.268319999999996,22.473306083720928,90.3,Back-on-Track 2022,2026-03-22,3.0818227987488545,0,short
TER,Vesoul,Belfort,day,Vesoul → Belfort,CH,CH,52.61,SNCF (Société Nationale des Chemins de fer Français),day,0.04899697674418605,0.151,2.577730946511628,7.944109999999999,5.366379053488371,90.2,Back-on-Track 2022,2026-03-22,3.0818227987488545,0,short
TER,Chambery Challes Les Eaux,Bellegarde Sur Valserine,day,Chambery Challes les Eaux → Bellegarde Sur Valserine,CH,CH,60.42,SNCF (Société Nationale des Chemins de fer Français),day,0.04899697674418605,0.151,2.960397334883721,9.12342,6.163022665116278,90.2,Back-on-Track 2022,2026-03-22,3.0818227987488545,0,short
TER,Bellegarde Sur Valserine,Evian Les Bains,day,Bellegarde Sur Valserine → Evian les Bains,CH,CH,66.02,SNCF (Société Nationale des Chemins de fer Français),day,0.04899697674418605,0.151,3.234780404651163,9.969019999999999,6.734239595348836,90.3,Back-on-Track 2022,2026-03-22,3.0818227987488545,0,short
TER,Bellegarde Sur Valserine,Geneve,day,Bellegarde Sur Valserine → Geneve,CH,CH,26.76,SBB (Schweizerische Bundesbahnen SBB),day,0.04899697674418605,0.151,1.3111590976744187,4.04076,2.729600902325581,90.4,Back-on-Track 2022,2026-03-22,3.0818227987488545,0,short
TER,Grenoble,Bellegarde Sur Valserine,day,Grenoble → Bellegarde Sur Valserine,CH,CH,102.64,SNCF (Société Nationale des Chemins de fer Français),day,0.04899697674418605,0.151,5.029049693023256,15.49864,10.469590306976745,90.3,Back-on-Track 2022,2026-03-22,3.081822798748855,0,short
TGV,Bellegarde Sur Valserine,Lausanne,day,Bellegarde Sur Valserine → Lausanne,CH,CH,76.43,SBB (Schweizerische Bundesbahnen SBB),day,0.04899697674418605,0.151,3.74483893255814,11.540930000000001,7.796091067441861,90.3,Back-on-Track 2022,2026-03-22,3.081822798748855,0,short
TER,Lyon Part Dieu,Bellegarde Sur Valserine,day,Lyon Part Dieu → Bellegarde Sur Valserine,CH,CH,84.25,SNCF (Société Nationale des Chemins de fer Français),day,0.04899697674418605,0.151,4.127995290697675,12.72175,8.593754709302324,90.3,Back-on-Track 2022,2026-03-22,3.0818227987488545,0,short
TGV,Bellegarde Sur Valserine,Paris Gare De Lyon,day,Bellegarde Sur Valserine → Paris de Lyon,CH,CH,399.56,SNCF (Société Nationale des Chemins de fer Français),day,0.04899697674418605,0.151,19.57723202790698,60.33356,40.75632797209302,90.3,Back-on-Track 2022,2026-03-22,3.0818227987488545,0,short
TER,Pougny Chancy,Bellegarde Sur Valserine,day,Pougny Chancy → Bellegarde Sur Valserine,CH,CH,11.08,SNCF (Société Nationale des Chemins de fer Français),day,0.04899697674418605,0.151,0.5428865023255814,1.67308,1.1301934976744183,90.0,Back-on-Track 2022,2026-03-22,3.0818227987488545,0,short
TER,Bellegarde Sur Valserine,St Gervais Les Bains Le Fayet,day,Bellegarde Sur Valserine → St Gervais les Bains le Fayet,CH,CH,71.31,SNCF (Société Nationale des Chemins de fer Français),day,0.04899697674418605,0.151,3.4939744116279075,10.76781,7.273835588372093,90.3,Back-on-Track 2022,2026-03-22,3.081822798748855,0,short
TER,Valence,Bellegarde Sur Valserine,day,Valence → Bellegarde Sur Valserine,CH,CH,150.3,SNCF (Société Nationale des Chemins de fer Français),day,0.04899697674418605,0.151,7.364245604651164,22.6953,15.331054395348836,90.3,Back-on-Track 2022,2026-03-22,3.0818227987488545,0,short
C43,Bellegarde,Chamonix Mont Blanc,day,Bellegarde → Chamonix Mont Blanc,FR,FR,83.71,SNCF,day,0.04899697674418605,0.151,4.101536923255814,12.640209999999998,8.538673076744184,90.3,Back-on-Track 2022,2026-03-22,3.081822798748854,0,short
C33,Evian Les Bains,Bellegarde,day,Evian les Bains → Bellegarde,FR,FR,66.26,SNCF,day,0.04899697674418605,0.151,3.246539679069768,10.00526,6.758720320930232,90.3,Back-on-Track 2022,2026-03-22,3.0818227987488545,0,short
K1+,Bellegarde,Geneve Cornavin,day,Bellegarde → Geneve Cornavin,FR,FR,27.0,SNCF,day,0.04899697674418605,0.151,1.3229183720930233,4.077,2.7540816279069764,90.2,Back-on-Track 2022,2026-03-22,3.081822798748855,0,short
C43,Bellegarde,Saint Gervais Les Bains Le Fayet,day,Bellegarde → Saint Gervais les Bains le Fayet,FR,FR,71.46,SNCF,day,0.04899697674418605,0.151,3.501323958139535,10.79046,7.2891360418604645,90.3,Back-on-Track 2022,2026-03-22,3.081822798748855,0,short
L6,La Plaine Suisse,Bellegarde,day,la Plaine Suisse → Bellegarde,FR,FR,15.63,SNCF,day,0.04899697674418605,0.151,0.765822746511628,2.36013,1.5943072534883718,90.2,Back-on-Track 2022,2026-03-22,3.0818227987488545,0,short
C43,La Roche Sur Foron,Bellegarde,day,la Roche Sur Foron → Bellegarde,FR,FR,37.34,SNCF,day,0.04899697674418605,0.151,1.8295471116279074,5.63834,3.8087928883720927,90.3,Back-on-Track 2022,2026-03-22,3.0818227987488545,0,short
K1+,Bellegarde,Lyon Part Dieu,day,Bellegarde → Lyon Part Dieu,FR,FR,84.04,SNCF,day,0.04899697674418605,0.151,4.117705925581396,12.69004,8.572334074418603,90.2,Back-on-Track 2022,2026-03-22,3.081822798748854,0,short
K1+,Bellegarde,Lyon Part Dieu Gare Routiere,day,Bellegarde → Lyon Part Dieu,FR,FR,83.77,SNCF,day,0.04899697674418605,0.151,4.1044767418604655,12.64927,8.544793258139535,90.3,Back-on-Track 2022,2026-03-22,3.0818227987488545,0,short
S10,Biasca,Bellinzona,day,Biasca → Bellinzona,CH,CH,17.92,SBB (Schweizerische Bundesbahnen SBB),day,0.04899697674418605,0.151,0.8780258232558141,2.7059200000000003,1.827894176744186,90.3,Back-on-Track 2022,2026-03-22,3.081822798748855,0,short
EC,Bellinzona,Chiasso,day,Bellinzona → Chiasso,CH,CH,40.39,SBB (Schweizerische Bundesbahnen SBB),day,0.04899697674418605,0.151,1.9789878906976746,6.09889,4.119902109302325,90.2,Back-on-Track 2022,2026-03-22,3.081822798748855,0,short
EC,Bellinzona,Como S Giovanni,day,Bellinzona → Como S Giovanni,CH,CH,43.1,SBB (Schweizerische Bundesbahnen SBB),day,0.04899697674418605,0.151,2.111769697674419,6.5081,4.39633030232558,90.3,Back-on-Track 2022,2026-03-22,3.0818227987488545,0,short
S30,Bellinzona,Gallarate,day,Bellinzona → Gallarate,CH,CH,62.19,SBB (Schweizerische Bundesbahnen SBB),day,0.04899697674418605,0.151,3.0471219837209302,9.39069,6.343568016279069,90.3,Back-on-Track 2022,2026-03-22,3.081822798748855,0,short
RE,Lugano,Bellinzona,day,Lugano → Bellinzona,CH,CH,22.06,SBB (Schweizerische Bundesbahnen SBB),day,0.04899697674418605,0.151,1.0808733069767442,3.33106,2.250186693023256,90.3,Back-on-Track 2022,2026-03-22,3.081822798748855,0,short
RE,Bellinzona,Luino I,day,Bellinzona → Luino I,CH,CH,31.55,SBB (Schweizerische Bundesbahnen SBB),day,0.04899697674418605,0.151,1.5458546162790698,4.76405,3.2181953837209303,90.3,Back-on-Track 2022,2026-03-22,3.081822798748855,0,short
IR46,Luzern,Bellinzona,day,Luzern → Bellinzona,CH,CH,109.78,SOB-sob (Schweizerische Südostbahn (sob)),day,0.04899697674418605,0.151,5.378888106976745,16.57678,11.197891893023254,90.3,Back-on-Track 2022,2026-03-22,3.0818227987488545,0,short
S10,Bellinzona,Mendrisio,day,Bellinzona → Mendrisio,CH,CH,36.5,SBB (Schweizerische Bundesbahnen SBB),day,0.04899697674418605,0.151,1.7883896511627908,5.5115,3.723110348837209,90.3,Back-on-Track 2022,2026-03-22,3.0818227987488545,0,short
IR26,Olten,Bellinzona,day,Olten → Bellinzona,CH,CH,154.39,SOB-sob (Schweizerische Südostbahn (sob)),day,0.04899697674418605,0.151,7.564643239534884,23.312889999999996,15.748246760465111,90.3,Back-on-Track 2022,2026-03-22,3.0818227987488545,0,short
IR46,Bellinzona,Zurich Hb,day,Bellinzona → Zurich Hb,CH,CH,136.69,SOB-sob (Schweizerische Südostbahn (sob)),day,0.04899697674418605,0.151,6.697396751162791,20.64019,13.942793248837209,90.3,Back-on-Track 2022,2026-03-22,3.081822798748855,0,short
S3,Biel Bienne,Belp,day,Biel Bienne → Belp,CH,CH,33.35,BLS-bls (BLS AG (bls)),day,0.04899697674418605,0.151,1.6340491744186048,5.03585,3.401800825581395,90.2,Back-on-Track 2022,2026-03-22,3.081822798748855,0,short
S3,Belp,Lyss,day,Belp → Lyss,CH,CH,25.44,BLS-bls (BLS AG (bls)),day,0.04899697674418605,0.151,1.2464830883720932,3.84144,2.5949569116279068,90.2,Back-on-Track 2022,2026-03-22,3.0818227987488545,0,short
S31,Munchenbuchsee,Belp,day,Munchenbuchsee → Belp,CH,CH,15.15,BLS-bls (BLS AG (bls)),day,0.04899697674418605,0.151,0.7423041976744187,2.28765,1.5453458023255815,90.4,Back-on-Track 2022,2026-03-22,3.081822798748855,0,short
C33,Benfeld,Strasbourg,day,Benfeld → Strasbourg,FR,FR,25.94,SNCF,day,0.04899697674418605,0.151,1.2709815767441863,3.91694,2.6459584232558138,90.4,Back-on-Track 2022,2026-03-22,3.081822798748854,0,short
P53,Bening Les Saint Avold,Bitche Quartier Driant,day,Bening les Saint Avold → Bitche Quartier Driant,FR,FR,46.63,SNCF,day,0.04899697674418605,0.151,2.2847290255813957,7.04113,4.756400974418604,90.3,Back-on-Track 2022,2026-03-22,3.0818227987488545,0,short
C52,Metz,Bening Les Saint Avold,day,Metz → Bening les Saint Avold,FR,FR,47.51,SNCF,day,0.04899697674418605,0.151,2.327846365116279,7.174009999999999,4.84616363488372,90.2,Back-on-Track 2022,2026-03-22,3.0818227987488545,0,short
TER,Metz Ville,Bening Les Saint Avold,day,Metz Ville → Bening les Saint Avold,CH,CH,47.5,SNCF (Société Nationale des Chemins de fer Français),day,0.04899697674418605,0.151,2.327356395348837,7.172499999999999,4.845143604651162,90.4,Back-on-Track 2022,2026-03-22,3.081822798748855,0,short
C52,Bening Les Saint Avold,Sarrebruck,day,Bening les Saint Avold → Sarrebruck,FR,FR,16.45,SNCF,day,0.04899697674418605,0.151,0.8060002674418605,2.4839499999999997,1.6779497325581392,90.3,Back-on-Track 2022,2026-03-22,3.0818227987488545,0,short
C53,Bening Les Saint Avold,Sarreguemines,day,Bening les Saint Avold → Sarreguemines,FR,FR,17.8,SNCF,day,0.04899697674418605,0.151,0.8721461860465117,2.6878,1.8156538139534883,90.2,Back-on-Track 2022,2026-03-22,3.081822798748855,0,short
R,Bercher,Lausanne Flon,day,Bercher → Lausanne Flon,CH,CH,19.94,LEB (Lausanne-Echallens-Bercher),day,0.04899697674418605,0.151,0.9769997162790699,3.01094,2.03394028372093,90.2,Back-on-Track 2022,2026-03-22,3.081822798748855,0,short
Berchtesgaden Hbf → Dortmund Hbf,Berchtesgaden Hbf,Dortmund Hbf,day,Berchtesgaden → Dortmund,DE,DE,588.56,DB,day,0.04899697674418605,0.151,28.83766063255814,88.87256,60.03489936744185,90.3,Back-on-Track 2022,2026-03-22,3.0818227987488545,0,medium
Hamburg Hbf → Berchtesgaden Hbf,Hamburg Hbf,Berchtesgaden Hbf,day,Hamburg → Berchtesgaden,DE,DE,691.81,DB,day,0.04899697674418605,0.151,33.89659848139535,104.46330999999999,70.56671151860465,90.3,Back-on-Track 2022,2026-03-22,3.0818227987488545,0,medium
Berchtesgaden Hbf → Hamburg-Altona,Berchtesgaden Hbf,Hamburg Altona,day,Berchtesgaden → Hamburg Altona,DE,DE,693.36,DB,day,0.04899697674418605,0.151,33.97254379534884,104.69736,70.72481620465116,90.3,Back-on-Track 2022,2026-03-22,3.081822798748855,0,medium
Berchtesgaden Hbf → Hamburg-Harburg,Berchtesgaden Hbf,Hamburg Harburg,day,Berchtesgaden → Hamburg Harburg,DE,DE,681.97,DB,day,0.04899697674418605,0.151,33.414468230232565,102.97747,69.56300176976742,90.3,Back-on-Track 2022,2026-03-22,3.081822798748854,0,medium
Berchtesgaden Hbf → Köln Hbf,Berchtesgaden Hbf,Koln Hbf,day,Berchtesgaden → Koln,DE,DE,572.33,DB,day,0.04899697674418605,0.151,28.042439700000003,86.42183,58.3793903,90.3,Back-on-Track 2022,2026-03-22,3.0818227987488545,0,medium
Jena Paradies → Bergen auf Rügen,Jena Paradies,Bergen Auf Rugen,day,Jena Paradies → Bergen Auf Rugen,DE,DE,407.78,DB,day,0.04899697674418605,0.151,19.979987176744185,61.57478,41.594792823255816,90.3,Back-on-Track 2022,2026-03-22,3.081822798748855,0,short
Bergen auf Rügen → München Hbf,Bergen Auf Rugen,Munchen Hbf,day,Bergen Auf Rugen → Munchen,DE,DE,710.14,DB,day,0.04899697674418605,0.151,34.794713065116284,107.23114,72.43642693488371,90.3,Back-on-Track 2022,2026-03-22,3.0818227987488545,0,medium
D33,Bergerac,Bordeaux Saint Jean,day,Bergerac → Bordeaux Saint Jean,FR,FR,82.53,SNCF,day,0.04899697674418605,0.151,4.043720490697675,12.46203,8.418309509302325,90.2,Back-on-Track 2022,2026-03-22,3.0818227987488545,0,short
D33,Libourne,Bergerac,day,Libourne → Bergerac,FR,FR,57.53,SNCF,day,0.04899697674418605,0.151,2.8187960720930234,8.68703,5.868233927906976,90.2,Back-on-Track 2022,2026-03-22,3.081822798748855,0,short
D33,Bergerac,Sarlat,day,Bergerac → Sarlat,FR,FR,57.68,SNCF,day,0.04899697674418605,0.151,2.8261456186046514,8.70968,5.883534381395349,90.3,Back-on-Track 2022,2026-03-22,3.081822798748855,0,short
R,Bergun Bravuogn,Samedan,day,Bergun Bravuogn → Samedan,CH,CH,14.56,RhB (Rhätische Bahn),day,0.04899697674418605,0.151,0.7133959813953489,2.19856,1.4851640186046513,90.5,Back-on-Track 2022,2026-03-22,3.081822798748855,0,short
IR38,Bergun Bravuogn,St Moritz,day,Bergun Bravuogn → St Moritz,CH,CH,16.68,RhB (Rhätische Bahn),day,0.04899697674418605,0.151,0.8172695720930233,2.51868,1.7014104279069766,90.4,Back-on-Track 2022,2026-03-22,3.0818227987488545,0,short
Berlin-Charlottenburg → Budapest-Keleti,Berlin Charlottenburg,Budapest Keleti,day,Berlin Charlottenburg → Budapest Keleti,DE,DE,692.62,RE,day,0.04899697674418605,0.151,33.936286032558144,104.58561999999999,70.64933396744185,90.3,Back-on-Track 2022,2026-03-22,3.0818227987488545,0,medium
Berlin-Charlottenburg → Przemysl Gl.,Berlin Charlottenburg,Przemysl Gl,day,Berlin Charlottenburg → Przemysl Gl,DE,DE,726.08,RE,day,0.04899697674418605,0.151,35.57572487441861,109.63808,74.06235512558139,90.3,Back-on-Track 2022,2026-03-22,3.0818227987488545,0,medium
Wien Hbf → Berlin-Charlottenburg,Wien Hbf,Berlin Charlottenburg,night,Wien → Berlin Charlottenburg,DE,DE,527.36,ÖBB,night,0.04899697674418605,0.151,25.839045655813955,79.63136,53.792314344186046,90.3,Back-on-Track 2022,2026-03-22,3.081822798748855,0,medium
Bonn Hbf → Berlin Gesundbrunnen,Bonn Hbf,Berlin Gesundbrunnen,day,Bonn → Berlin Gesundbrunnen,DE,DE,478.64,DB,day,0.04899697674418605,0.151,23.45191294883721,72.27463999999999,48.82272705116278,90.3,Back-on-Track 2022,2026-03-22,3.0818227987488545,0,short
Berlin Gesundbrunnen → Bonn-Bad Godesberg,Berlin Gesundbrunnen,Bonn Bad Godesberg,day,Berlin Gesundbrunnen → Bonn Bad Godesberg,DE,DE,477.24,DB,day,0.04899697674418605,0.151,23.383317181395352,72.06324,48.67992281860464,90.3,Back-on-Track 2022,2026-03-22,3.0818227987488545,0,short
Berlin Gesundbrunnen → Budapest-Keleti,Berlin Gesundbrunnen,Budapest Keleti,day,Berlin Gesundbrunnen → Budapest Keleti,DE,DE,692.9,RE,day,0.04899697674418605,0.151,33.95000518604651,104.6279,70.67789481395349,90.3,Back-on-Track 2022,2026-03-22,3.081822798748855,0,medium
Darmstadt Hbf → Berlin Gesundbrunnen,Darmstadt Hbf,Berlin Gesundbrunnen,day,Darmstadt → Berlin Gesundbrunnen,DE,DE,445.32,DB,day,0.04899697674418605,0.151,21.81933368372093,67.24332,45.42398631627907,90.3,Back-on-Track 2022,2026-03-22,3.081822798748855,0,short
Dortmund Hbf → Berlin Gesundbrunnen,Dortmund Hbf,Berlin Gesundbrunnen,day,Dortmund → Berlin Gesundbrunnen,DE,DE,421.35,DB,day,0.04899697674418605,0.151,20.644876151162794,63.623850000000004,42.978973848837214,90.3,Back-on-Track 2022,2026-03-22,3.0818227987488545,0,short
Berlin Gesundbrunnen → Düsseldorf Hbf,Berlin Gesundbrunnen,Dusseldorf Hbf,night,Berlin Gesundbrunnen → Dusseldorf,DE,DE,475.9,DB,night,0.04899697674418605,0.151,23.31766123255814,71.8609,48.54323876744186,90.3,Back-on-Track 2022,2026-03-22,3.081822798748855,0,short
Eisenach → Berlin Gesundbrunnen,Eisenach,Berlin Gesundbrunnen,day,Eisenach → Berlin Gesundbrunnen,DE,DE,273.46,DB,day,0.04899697674418605,0.151,13.398713260465117,41.29246,27.893746739534883,90.3,Back-on-Track 2022,2026-03-22,3.0818227987488545,0,short
Berlin Gesundbrunnen → Essen Hbf,Berlin Gesundbrunnen,Essen Hbf,night,Berlin Gesundbrunnen → Essen,DE,DE,452.91,DB,night,0.04899697674418605,0.151,22.191220737209306,68.38941,46.19818926279069,90.3,Back-on-Track 2022,2026-03-22,3.0818227987488545,0,short
Berlin Gesundbrunnen → Frankfurt(M) Flughafen Fernbf,Berlin Gesundbrunnen,Frankfurt M Flughafen Fernbf,day,Berlin Gesundbrunnen → Frankfurt M Flughafen Fernbf,DE,DE,434.84,DB,day,0.04899697674418605,0.151,21.30584536744186,65.66084,44.35499463255813,90.3,Back-on-Track 2022,2026-03-22,3.0818227987488545,0,short
Berlin Gesundbrunnen → Frankfurt(Main)Hbf,Berlin Gesundbrunnen,Frankfurt Main Hbf,night,Berlin Gesundbrunnen → Frankfurt Main,DE,DE,425.86,DB,night,0.04899697674418605,0.151,20.865852516279073,64.30486,43.43900748372093,90.3,Back-on-Track 2022,2026-03-22,3.081822798748855,0,short
Berlin Gesundbrunnen → Frankfurt(Main)Süd,Berlin Gesundbrunnen,Frankfurt Main Sud,day,Berlin Gesundbrunnen → Frankfurt Main Sud,DE,DE,425.23,DB,day,0.04899697674418605,0.151,20.834984420930237,64.20973000000001,43.37474557906977,90.3,Back-on-Track 2022,2026-03-22,3.0818227987488545,0,short
Berlin Gesundbrunnen → Gdynia Glowna,Berlin Gesundbrunnen,Gdynia Glowna,day,Berlin Gesundbrunnen → Gdynia Glowna,DE,DE,404.21,PKP,day,0.04899697674418605,0.151,19.805067969767443,61.035709999999995,41.23064203023255,90.3,Back-on-Track 2022,2026-03-22,3.0818227987488545,0,short
Halle(Saale)Hbf → Berlin Gesundbrunnen,Halle Saale Hbf,Berlin Gesundbrunnen,day,Halle Saale → Berlin Gesundbrunnen,DE,DE,152.94,DB,day,0.04899697674418605,0.151,7.493597623255814,23.09394,15.600342376744186,90.3,Back-on-Track 2022,2026-03-22,3.081822798748855,0,short
Hamburg-Altona → Berlin Gesundbrunnen,Hamburg Altona,Berlin Gesundbrunnen,day,Hamburg Altona → Berlin Gesundbrunnen,DE,DE,256.35,DB,day,0.04899697674418605,0.151,12.560374988372095,38.708850000000005,26.14847501162791,90.3,Back-on-Track 2022,2026-03-22,3.081822798748855,0,short
Hannover Hbf → Berlin Gesundbrunnen,Hannover Hbf,Berlin Gesundbrunnen,night,Hannover → Berlin Gesundbrunnen,DE,DE,247.83,DB,night,0.04899697674418605,0.151,12.14292074651163,37.42233,25.279409253488375,90.3,Back-on-Track 2022,2026-03-22,3.081822798748855,0,short
Koblenz Hbf → Berlin Gesundbrunnen,Koblenz Hbf,Berlin Gesundbrunnen,night,Koblenz → Berlin Gesundbrunnen,DE,DE,470.2,DB,night,0.04899697674418605,0.151,23.03837846511628,71.00019999999999,47.96182153488371,90.3,Back-on-Track 2022,2026-03-22,3.0818227987488545,0,short
Berlin Gesundbrunnen → Köln Hbf,Berlin Gesundbrunnen,Koln Hbf,night,Berlin Gesundbrunnen → Koln,DE,DE,477.12,DB,night,0.04899697674418605,0.151,23.377437544186048,72.04512,48.667682455813946,90.3,Back-on-Track 2022,2026-03-22,3.0818227987488545,0,short
Köln/Bonn Flughafen → Berlin Gesundbrunnen,Koln Bonn Flughafen,Berlin Gesundbrunnen,day,Koln Bonn Flughafen → Berlin Gesundbrunnen,DE,DE,469.94,DB,day,0.04899697674418605,0.151,23.025639251162794,70.96094,47.9353007488372,90.3,Back-on-Track 2022,2026-03-22,3.0818227987488545,0,short
Berlin Gesundbrunnen → Mönchengladbach Hbf,Berlin Gesundbrunnen,Monchengladbach Hbf,day,Berlin Gesundbrunnen → Monchengladbach,DE,DE,499.54,DB,day,0.04899697674418605,0.151,24.4759497627907,75.43054000000001,50.9545902372093,90.3,Back-on-Track 2022,2026-03-22,3.081822798748855,0,short
München Hbf → Berlin Gesundbrunnen,Munchen Hbf,Berlin Gesundbrunnen,night,Munchen → Berlin Gesundbrunnen,DE,DE,507.09,DB,night,0.04899697674418605,0.151,24.845876937209304,76.57059,51.72471306279069,90.3,Back-on-Track 2022,2026-03-22,3.0818227987488545,0,medium
ICE 14,Munster Westf Hbf,Berlin Gesundbrunnen,day,Munster Westf → Berlin Gesundbrunnen,DE,DE,397.13,DB,day,0.04899697674418605,0.151,19.458169374418606,59.966629999999995,40.50846062558139,90.3,Back-on-Track 2022,2026-03-22,3.0818227987488545,0,short
Berlin Gesundbrunnen → Nürnberg Hbf,Berlin Gesundbrunnen,Nurnberg Hbf,night,Berlin Gesundbrunnen → Nurnberg,DE,DE,380.88,DB,night,0.04899697674418605,0.151,18.661968502325582,57.512879999999996,38.85091149767442,90.3,Back-on-Track 2022,2026-03-22,3.0818227987488545,0,short
Oldenburg(Oldb) → Berlin Gesundbrunnen,Oldenburg Oldb,Berlin Gesundbrunnen,night,Oldenburg Oldb → Berlin Gesundbrunnen,DE,DE,353.09,DB,night,0.04899697674418605,0.151,17.30034251860465,53.31659,36.01624748139535,90.3,Back-on-Track 2022,2026-03-22,3.081822798748855,0,short
651A,Berlin Gesundbrunnen,Paris Est,day,Berlin Gesundbrunnen → Paris Est,FR,FR,876.29,SNCF,day,0.04899697674418605,0.151,42.93556075116279,132.31978999999998,89.38422924883719,90.3,Back-on-Track 2022,2026-03-22,3.0818227987488545,0,medium
ICE 91,Passau Hbf,Berlin Gesundbrunnen,day,Passau → Berlin Gesundbrunnen,DE,DE,442.01,DB,day,0.04899697674418605,0.151,21.657153690697676,66.74351,45.086356309302325,90.3,Back-on-Track 2022,2026-03-22,3.081822798748855,0,short
Berlin Gesundbrunnen → Przemysl Gl.,Berlin Gesundbrunnen,Przemysl Gl,day,Berlin Gesundbrunnen → Przemysl Gl,DE,DE,722.48,RE,day,0.04899697674418605,0.151,35.399335758139536,109.09448,73.69514424186048,90.3,Back-on-Track 2022,2026-03-22,3.081822798748855,0,medium
Berlin Gesundbrunnen → Saarbrücken Hbf,Berlin Gesundbrunnen,Saarbrucken Hbf,day,Berlin Gesundbrunnen → Saarbrucken,DE,DE,579.81,DB,day,0.04899697674418605,0.151,28.40893708604651,87.55130999999999,59.14237291395348,90.3,Back-on-Track 2022,2026-03-22,3.0818227987488545,0,medium
Berlin Gesundbrunnen → Stralsund Hbf,Berlin Gesundbrunnen,Stralsund Hbf,day,Berlin Gesundbrunnen → Stralsund,DE,DE,196.75,DB,day,0.04899697674418605,0.151,9.640155174418606,29.70925,20.069094825581395,90.3,Back-on-Track 2022,2026-03-22,3.0818227987488545,0,short
ICE 82,Berlin Gesundbrunnen,Strasbourg,day,Berlin Gesundbrunnen → Strasbourg,DE,FR,594.48,DB,day,0.04899697674418605,0.151,29.127722734883726,89.76648,60.638757265116276,90.3,Back-on-Track 2022,2026-03-22,3.0818227987488545,1,medium
Berlin Gesundbrunnen → Stuttgart Hbf,Berlin Gesundbrunnen,Stuttgart Hbf,day,Berlin Gesundbrunnen → Stuttgart,DE,DE,512.81,DB,day,0.04899697674418605,0.151,25.126139644186047,77.43431,52.30817035581395,90.3,Back-on-Track 2022,2026-03-22,3.081822798748855,0,medium
Warszawa Wschodnia → Berlin Gesundbrunnen,Warszawa Wschodnia,Berlin Gesundbrunnen,night,Warszawa Wschodnia → Berlin Gesundbrunnen,DE,DE,520.75,DB,night,0.04899697674418605,0.151,25.515175639534885,78.63325,53.118074360465116,90.3,Back-on-Track 2022,2026-03-22,3.081822798748855,0,medium
Wien Hbf → Berlin Gesundbrunnen,Wien Hbf,Berlin Gesundbrunnen,night,Wien → Berlin Gesundbrunnen,DE,DE,529.39,ÖBB,night,0.04899697674418605,0.151,25.938509518604654,79.93789,53.99938048139534,90.3,Back-on-Track 2022,2026-03-22,3.0818227987488545,0,medium
Berlin Gesundbrunnen → Zürich HB,Berlin Gesundbrunnen,Zurich Hb,day,Berlin Gesundbrunnen → Zurich Hb,DE,DE,671.1,SBB,day,0.04899697674418605,0.151,32.88187109302326,101.3361,68.45422890697674,90.3,Back-on-Track 2022,2026-03-22,3.081822798748855,0,medium
Berlin-Lichtenberg → Moskva Belorusskaja,Berlin Lichtenberg,Moskva Belorusskaja,day,Berlin Lichtenberg → Moskva Belorusskaja,DE,DE,1601.3,DPN,day,0.04899697674418605,0.0946,78.45885886046513,151.48298,73.02412113953487,90.3,Back-on-Track 2022,2026-03-22,1.9307313692823949,0,long
EC 95,Rzepin,Berlin Lichtenberg,day,Rzepin → Berlin Lichtenberg,DE,DE,91.15,DB,day,0.04899697674418605,0.151,4.466074430232559,13.76365,9.297575569767442,90.3,Back-on-Track 2022,2026-03-22,3.0818227987488545,0,short
Bonn Hbf → Berlin Ostbahnhof,Bonn Hbf,Berlin Ostbahnhof,day,Bonn → Berlin Ostbahnhof,DE,DE,479.92,DB,day,0.04899697674418605,0.151,23.51462907906977,72.46792,48.953290920930236,90.3,Back-on-Track 2022,2026-03-22,3.081822798748855,0,short
Berlin Ostbahnhof → Bonn-Bad Godesberg,Berlin Ostbahnhof,Bonn Bad Godesberg,day,Berlin Ostbahnhof → Bonn Bad Godesberg,DE,DE,478.45,DB,day,0.04899697674418605,0.151,23.442603523255816,72.24595,48.80334647674418,90.3,Back-on-Track 2022,2026-03-22,3.0818227987488545,0,short
Berlin Ostbahnhof → Calais Ville,Berlin Ostbahnhof,Calais Ville,day,Berlin Ostbahnhof → Calais Ville,DE,DE,815.41,DB,day,0.04899697674418605,0.151,39.95262480697674,123.12691,83.17428519302325,90.3,Back-on-Track 2022,2026-03-22,3.081822798748855,0,medium
Berlin Ostbahnhof → Dortmund Hbf,Berlin Ostbahnhof,Dortmund Hbf,day,Berlin Ostbahnhof → Dortmund,DE,DE,423.43,DB,day,0.04899697674418605,0.151,20.7467898627907,63.93793,43.1911401372093,90.3,Back-on-Track 2022,2026-03-22,3.081822798748855,0,short
Berlin Ostbahnhof → Düsseldorf Hbf,Berlin Ostbahnhof,Dusseldorf Hbf,night,Berlin Ostbahnhof → Dusseldorf,DE,DE,477.8,DB,night,0.04899697674418605,0.151,23.410755488372097,72.1478,48.73704451162791,90.3,Back-on-Track 2022,2026-03-22,3.0818227987488545,0,short
Emden Hbf → Berlin Ostbahnhof,Emden Hbf,Berlin Ostbahnhof,day,Emden → Berlin Ostbahnhof,DE,DE,428.73,DB,day,0.04899697674418605,0.151,21.006473839534888,64.73823,43.73175616046511,90.3,Back-on-Track 2022,2026-03-22,3.0818227987488545,0,short
Emden Außenhafen → Berlin Ostbahnhof,Emden Auenhafen,Berlin Ostbahnhof,day,Emden Auenhafen → Berlin Ostbahnhof,DE,DE,428.84,DB,day,0.04899697674418605,0.151,21.011863506976745,64.75483999999999,43.74297649302324,90.3,Back-on-Track 2022,2026-03-22,3.081822798748854,0,short
Berlin Ostbahnhof → Essen Hbf,Berlin Ostbahnhof,Essen Hbf,night,Berlin Ostbahnhof → Essen,DE,DE,455.01,DB,night,0.04899697674418605,0.151,22.294114388372094,68.70651,46.4123956116279,90.3,Back-on-Track 2022,2026-03-22,3.0818227987488545,0,short
Berlin Ostbahnhof → Frankfurt(M) Flughafen Fernbf,Berlin Ostbahnhof,Frankfurt M Flughafen Fernbf,day,Berlin Ostbahnhof → Frankfurt M Flughafen Fernbf,DE,DE,434.73,DB,day,0.04899697674418605,0.151,21.300455700000004,65.64423000000001,44.34377430000001,90.3,Back-on-Track 2022,2026-03-22,3.081822798748855,0,short
Berlin Ostbahnhof → Frankfurt(Main)Hbf,Berlin Ostbahnhof,Frankfurt Main Hbf,day,Berlin Ostbahnhof → Frankfurt Main,DE,DE,425.75,DB,day,0.04899697674418605,0.151,20.860462848837212,64.28825,43.42778715116279,90.3,Back-on-Track 2022,2026-03-22,3.081822798748855,0,short
Berlin Ostbahnhof → Frankfurt(Main)Süd,Berlin Ostbahnhof,Frankfurt Main Sud,day,Berlin Ostbahnhof → Frankfurt Main Sud,DE,DE,425.09,DB,day,0.04899697674418605,0.151,20.828124844186046,64.18858999999999,43.36046515581394,90.3,Back-on-Track 2022,2026-03-22,3.0818227987488545,0,short
Berlin Ostbahnhof → Freiburg(Breisgau) Hbf,Berlin Ostbahnhof,Freiburg Breisgau Hbf,day,Berlin Ostbahnhof → Freiburg Breisgau,DE,DE,639.87,DB,day,0.04899697674418605,0.151,31.351695509302328,96.62037,65.26867449069766,90.3,Back-on-Track 2022,2026-03-22,3.0818227987488545,0,medium
ICE 23,Hamburg Hbf,Berlin Ostbahnhof,day,Hamburg → Berlin Ostbahnhof,DE,DE,256.82,DB,day,0.04899697674418605,0.151,12.583403567441861,38.77982,26.196416432558138,90.3,Back-on-Track 2022,2026-03-22,3.081822798748855,0,short
ICE 23,Hamburg Altona S,Berlin Ostbahnhof,day,Hamburg Altona S → Berlin Ostbahnhof,DE,DE,261.1,DB,day,0.04899697674418605,0.151,12.793110627906978,39.426100000000005,26.63298937209303,90.3,Back-on-Track 2022,2026-03-22,3.081822798748855,0,short
Hannover Hbf → Berlin Ostbahnhof,Hannover Hbf,Berlin Ostbahnhof,night,Hannover → Berlin Ostbahnhof,DE,DE,250.76,DB,night,0.04899697674418605,0.151,12.286481888372094,37.86476,25.578278111627903,90.3,Back-on-Track 2022,2026-03-22,3.0818227987488545,0,short
Berlin Ostbahnhof → Interlaken Ost,Berlin Ostbahnhof,Interlaken Ost,night,Berlin Ostbahnhof → Interlaken Ost,DE,DE,760.86,SBB,night,0.04899697674418605,0.151,37.2798397255814,114.88986,77.6100202744186,90.3,Back-on-Track 2022,2026-03-22,3.081822798748855,0,medium
Berlin Ostbahnhof → Karlsruhe Hbf,Berlin Ostbahnhof,Karlsruhe Hbf,night,Berlin Ostbahnhof → Karlsruhe,DE,DE,527.27,DB,night,0.04899697674418605,0.151,25.834635927906977,79.61777,53.78313407209302,90.3,Back-on-Track 2022,2026-03-22,3.081822798748855,0,medium
Koblenz Hbf → Berlin Ostbahnhof,Koblenz Hbf,Berlin Ostbahnhof,night,Koblenz → Berlin Ostbahnhof,DE,DE,470.89,DB,night,0.04899697674418605,0.151,23.07218637906977,71.10439,48.032203620930225,90.3,Back-on-Track 2022,2026-03-22,3.0818227987488545,0,short
Berlin Ostbahnhof → Köln Hbf,Berlin Ostbahnhof,Koln Hbf,night,Berlin Ostbahnhof → Koln,DE,DE,478.67,DB,night,0.04899697674418605,0.151,23.453382858139538,72.27917,48.82578714186046,90.3,Back-on-Track 2022,2026-03-22,3.0818227987488545,0,short
Köln/Bonn Flughafen → Berlin Ostbahnhof,Koln Bonn Flughafen,Berlin Ostbahnhof,day,Koln Bonn Flughafen → Berlin Ostbahnhof,DE,DE,471.37,DB,day,0.04899697674418605,0.151,23.09570492790698,71.17687,48.081165072093015,90.3,Back-on-Track 2022,2026-03-22,3.0818227987488545,0,short
Berlin Ostbahnhof → Köln Messe/Deutz Gl.11-12,Berlin Ostbahnhof,Koln Messe Deutz Gl 11 12,night,Berlin Ostbahnhof → Koln Messe Deutz Gl 11 12,DE,DE,477.74,DB,night,0.04899697674418605,0.151,23.407815669767444,72.13874,48.730924330232554,90.3,Back-on-Track 2022,2026-03-22,3.0818227987488545,0,short
Berlin Ostbahnhof → Leer(Ostfriesl),Berlin Ostbahnhof,Leer Ostfriesl,day,Berlin Ostbahnhof → Leer Ostfriesl,DE,DE,408.47,DB,day,0.04899697674418605,0.151,20.013795090697677,61.67897,41.66517490930232,90.3,Back-on-Track 2022,2026-03-22,3.0818227987488545,0,short
Berlin Ostbahnhof → Mönchengladbach Hbf,Berlin Ostbahnhof,Monchengladbach Hbf,day,Berlin Ostbahnhof → Monchengladbach,DE,DE,501.5,DB,day,0.04899697674418605,0.151,24.571983837209306,75.7265,51.1545161627907,90.3,Back-on-Track 2022,2026-03-22,3.0818227987488545,0,medium
Berlin Ostbahnhof → Moskva Belorusskaja,Berlin Ostbahnhof,Moskva Belorusskaja,day,Berlin Ostbahnhof → Moskva Belorusskaja,DE,DE,1605.16,DPN,day,0.04899697674418605,0.0946,78.64798719069769,151.848136,73.20014880930232,90.3,Back-on-Track 2022,2026-03-22,1.9307313692823949,0,long
Berlin Ostbahnhof → München Hbf,Berlin Ostbahnhof,Munchen Hbf,night,Berlin Ostbahnhof → Munchen,DE,DE,503.83,DB,night,0.04899697674418605,0.151,24.68614679302326,76.07833,51.39218320697674,90.3,Back-on-Track 2022,2026-03-22,3.0818227987488545,0,medium
Münster(Westf)Hbf → Berlin Ostbahnhof,Munster Westf Hbf,Berlin Ostbahnhof,night,Munster Westf → Berlin Ostbahnhof,DE,DE,399.58,DB,night,0.04899697674418605,0.151,19.578211967441863,60.33658,40.75836803255814,90.3,Back-on-Track 2022,2026-03-22,3.0818227987488545,0,short
Berlin Ostbahnhof → Norddeich Mole,Berlin Ostbahnhof,Norddeich Mole,day,Berlin Ostbahnhof → Norddeich Mole,DE,DE,437.06,DB,day,0.04899697674418605,0.151,21.414618655813957,65.99606,44.58144134418605,90.3,Back-on-Track 2022,2026-03-22,3.0818227987488545,0,short
Oldenburg(Oldb) → Berlin Ostbahnhof,Oldenburg Oldb,Berlin Ostbahnhof,night,Oldenburg Oldb → Berlin Ostbahnhof,DE,DE,357.11,DB,night,0.04899697674418605,0.151,17.49731036511628,53.923610000000004,36.42629963488372,90.3,Back-on-Track 2022,2026-03-22,3.081822798748855,0,short
Berlin Ostbahnhof → Osnabrück Hbf,Berlin Ostbahnhof,Osnabruck Hbf,day,Berlin Ostbahnhof → Osnabruck,DE,DE,365.46,DB,day,0.04899697674418605,0.151,17.906435120930233,55.184459999999994,37.27802487906976,90.3,Back-on-Track 2022,2026-03-22,3.0818227987488545,0,short
Berlin Ostbahnhof → Stuttgart Hbf,Berlin Ostbahnhof,Stuttgart Hbf,day,Berlin Ostbahnhof → Stuttgart,DE,DE,511.29,DB,day,0.04899697674418605,0.151,25.051664239534887,77.20479,52.153125760465116,90.3,Back-on-Track 2022,2026-03-22,3.0818227987488545,0,medium
Berlin Ostbahnhof → Tübingen Hbf,Berlin Ostbahnhof,Tubingen Hbf,day,Berlin Ostbahnhof → Tubingen,DE,DE,541.25,DB,day,0.04899697674418605,0.151,26.5196136627907,81.72874999999999,55.20913633720929,90.3,Back-on-Track 2022,2026-03-22,3.0818227987488545,0,medium
ICE 77,Utrecht Centraal,Berlin Ostbahnhof,day,Utrecht Centraal → Berlin Ostbahnhof,DE,DE,567.69,DB,day,0.04899697674418605,0.151,27.81509372790698,85.72119,57.90609627209302,90.3,Back-on-Track 2022,2026-03-22,3.081822798748855,0,medium
Berlin Ostbahnhof → Zürich HB,Berlin Ostbahnhof,Zurich Hb,day,Berlin Ostbahnhof → Zurich Hb,DE,DE,669.24,SBB,day,0.04899697674418605,0.151,32.79073671627907,101.05524,68.26450328372093,90.3,Back-on-Track 2022,2026-03-22,3.081822798748855,0,medium
Münster(Westf)Hbf → Berlin-Spandau,Munster Westf Hbf,Berlin Spandau,night,Munster Westf → Berlin Spandau,DE,DE,383.93,DB,night,0.04899697674418605,0.151,18.81140928139535,57.97343,39.16202071860465,90.3,Back-on-Track 2022,2026-03-22,3.081822798748855,0,short
ICE 19,Berlin Sudkreuz,Bonn Hbf,day,Berlin Sudkreuz → Bonn,DE,DE,474.15,DB,day,0.04899697674418605,0.151,23.231916523255816,71.59665,48.36473347674418,90.3,Back-on-Track 2022,2026-03-22,3.0818227987488545,0,short
ICE 16,Bremen Hbf,Berlin Sudkreuz,day,Bremen → Berlin Sudkreuz,DE,DE,313.44,DB,day,0.04899697674418605,0.151,15.357612390697676,47.32944,31.971827609302323,90.3,Back-on-Track 2022,2026-03-22,3.0818227987488545,0,short
ICE 3,Berlin Sudkreuz,Frankfurt M Flughafen Regionalbf,day,Berlin Sudkreuz → Frankfurt M Flughafen Regionalbf,DE,DE,428.73,DB,day,0.04899697674418605,0.151,21.006473839534888,64.73823,43.73175616046511,90.3,Back-on-Track 2022,2026-03-22,3.0818227987488545,0,short
Berlin Südkreuz → Frankfurt(Main)Hbf,Berlin Sudkreuz,Frankfurt Main Hbf,day,Berlin Sudkreuz → Frankfurt Main,DE,DE,419.63,DB,day,0.04899697674418605,0.151,20.56060135116279,63.364129999999996,42.8035286488372,90.3,Back-on-Track 2022,2026-03-22,3.0818227987488545,0,short
ICE 19,Berlin Sudkreuz,Hagen Hbf,day,Berlin Sudkreuz → Hagen,DE,DE,423.34,DB,day,0.04899697674418605,0.151,20.74238013488372,63.924339999999994,43.18195986511627,90.3,Back-on-Track 2022,2026-03-22,3.0818227987488545,0,short
Berlin Südkreuz → Hamburg Hbf,Berlin Sudkreuz,Hamburg Hbf,night,Berlin Sudkreuz → Hamburg,DE,DE,254.59,DB,night,0.04899697674418605,0.151,12.474140309302326,38.44309,25.96894969069767,90.3,Back-on-Track 2022,2026-03-22,3.0818227987488545,0,short
Berlin Südkreuz → Hamburg-Altona,Berlin Sudkreuz,Hamburg Altona,night,Berlin Sudkreuz → Hamburg Altona,DE,DE,258.83,DB,night,0.04899697674418605,0.151,12.681887490697674,39.08333,26.40144250930232,90.3,Back-on-Track 2022,2026-03-22,3.081822798748855,0,short
Berlin Südkreuz → Hamburg Dammtor,Berlin Sudkreuz,Hamburg Dammtor,day,Berlin Sudkreuz → Hamburg Dammtor,DE,DE,256.02,DB,day,0.04899697674418605,0.151,12.544205986046512,38.65902,26.114814013953485,90.3,Back-on-Track 2022,2026-03-22,3.081822798748855,0,short
ICE 16,Hannover Hbf,Berlin Sudkreuz,day,Hannover → Berlin Sudkreuz,DE,DE,245.97,DB,day,0.04899697674418605,0.151,12.051786369767443,37.14147,25.089683630232557,90.3,Back-on-Track 2022,2026-03-22,3.0818227987488545,0,short
ICE 77,Berlin Sudkreuz,Hengelo,day,Berlin Sudkreuz → Hengelo,DE,DE,446.66,DB,day,0.04899697674418605,0.151,21.884989632558142,67.44566,45.56067036744186,90.3,Back-on-Track 2022,2026-03-22,3.081822798748855,0,short
Berlin Südkreuz → Karlsruhe Hbf,Berlin Sudkreuz,Karlsruhe Hbf,day,Berlin Sudkreuz → Karlsruhe,DE,DE,521.17,DB,day,0.04899697674418605,0.151,25.535754369767442,78.69667,53.16091563023255,90.3,Back-on-Track 2022,2026-03-22,3.081822798748855,0,medium
ICE 19,Berlin Sudkreuz,Koblenz Hbf,day,Berlin Sudkreuz → Koblenz,DE,DE,464.92,DB,day,0.04899697674418605,0.151,22.77967442790698,70.20292,47.42324557209302,90.3,Back-on-Track 2022,2026-03-22,3.081822798748855,0,short
Berlin Südkreuz → Köln Hbf,Berlin Sudkreuz,Koln Hbf,day,Berlin Sudkreuz → Koln,DE,DE,472.96,DB,day,0.04899697674418605,0.151,23.173610120930235,71.41695999999999,48.243349879069754,90.3,Back-on-Track 2022,2026-03-22,3.081822798748854,0,short
ICE 11,Munchen Hbf,Berlin Sudkreuz,day,Munchen → Berlin Sudkreuz,DE,DE,498.83,DB,day,0.04899697674418605,0.151,24.441161909302327,75.32333,50.882168090697675,90.3,Back-on-Track 2022,2026-03-22,3.081822798748855,0,short
ICE 77,Berlin Sudkreuz,Munster Westf Hbf,day,Berlin Sudkreuz → Munster Westf,DE,DE,394.5,DB,day,0.04899697674418605,0.151,19.329307325581397,59.5695,40.2401926744186,90.3,Back-on-Track 2022,2026-03-22,3.0818227987488545,0,short
Berlin Südkreuz → Rostock Hbf,Berlin Sudkreuz,Rostock Hbf,day,Berlin Sudkreuz → Rostock,DE,DE,196.24,DB,day,0.04899697674418605,0.151,9.61516671627907,29.63224,20.01707328372093,90.3,Back-on-Track 2022,2026-03-22,3.081822798748855,0,short
Berlin Südkreuz → Stralsund Hbf,Berlin Sudkreuz,Stralsund Hbf,day,Berlin Sudkreuz → Stralsund,DE,DE,204.78,DB,day,0.04899697674418605,0.151,10.03360089767442,30.92178,20.88817910232558,90.3,Back-on-Track 2022,2026-03-22,3.0818227987488545,0,short
ICE 77,Berlin Sudkreuz,Utrecht Centraal,day,Berlin Sudkreuz → Utrecht Centraal,DE,DE,562.93,DB,day,0.04899697674418605,0.151,27.58186811860465,85.00242999999999,57.420561881395344,90.3,Back-on-Track 2022,2026-03-22,3.081822798748855,0,medium
Berlin Südkreuz → Westerland(Sylt),Berlin Sudkreuz,Westerland Sylt,day,Berlin Sudkreuz → Westerland Sylt,DE,DE,428.62,DB,day,0.04899697674418605,0.151,21.001084172093027,64.72162,43.72053582790697,90.3,Back-on-Track 2022,2026-03-22,3.0818227987488545,0,short
ICE 19,Berlin Sudkreuz,Wuppertal Hbf,day,Berlin Sudkreuz → Wuppertal,DE,DE,447.73,DB,day,0.04899697674418605,0.151,21.937416397674422,67.60723,45.669813602325576,90.3,Back-on-Track 2022,2026-03-22,3.0818227987488545,0,short
Dresden Hbf → Berlin Hbf (tief),Dresden Hbf,Berlin Hbf Tief,night,Dresden → Berlin,DE,DE,167.0,DB,night,0.04899697674418605,0.151,8.182495116279071,25.217,17.034504883720928,90.3,Back-on-Track 2022,2026-03-22,3.0818227987488545,0,short
Berlin Hbf (tief) → Dresden-Neustadt,Berlin Hbf Tief,Dresden Neustadt,day,Berlin → Dresden Neustadt,DE,DE,164.3,DB,day,0.04899697674418605,0.151,8.050203279069768,24.8093,16.75909672093023,90.3,Back-on-Track 2022,2026-03-22,3.081822798748855,0,short
Berlin Hbf (tief) → Düsseldorf Hbf,Berlin Hbf Tief,Dusseldorf Hbf,day,Berlin → Dusseldorf,DE,DE,473.98,DB,day,0.04899697674418605,0.151,23.223587037209306,71.57098,48.3473929627907,90.3,Back-on-Track 2022,2026-03-22,3.081822798748855,0,short
Emden Außenhafen → Berlin Hbf (tief),Emden Auenhafen,Berlin Hbf Tief,day,Emden Auenhafen → Berlin,DE,DE,424.15,DB,day,0.04899697674418605,0.151,20.782067686046513,64.04665,43.26458231395348,90.3,Back-on-Track 2022,2026-03-22,3.0818227987488545,0,short
Berlin Hbf (tief) → Essen Hbf,Berlin Hbf Tief,Essen Hbf,day,Berlin → Essen,DE,DE,451.08,DB,day,0.04899697674418605,0.151,22.101556269767443,68.11308,46.011523730232554,90.3,Back-on-Track 2022,2026-03-22,3.081822798748855,0,short
Frankfurt(M) Flughafen Fernbf → Berlin Hbf (tief),Frankfurt M Flughafen Fernbf,Berlin Hbf Tief,day,Frankfurt M Flughafen Fernbf → Berlin,DE,DE,432.24,DB,day,0.04899697674418605,0.151,21.178453227906978,65.26824,44.08978677209303,90.3,Back-on-Track 2022,2026-03-22,3.081822798748855,0,short
Berlin Hbf (tief) → Frankfurt(Main)Hbf,Berlin Hbf Tief,Frankfurt Main Hbf,night,Berlin → Frankfurt Main,DE,DE,423.26,DB,night,0.04899697674418605,0.151,20.738460376744186,63.912259999999996,43.17379962325581,90.3,Back-on-Track 2022,2026-03-22,3.081822798748855,0,short
Berlin Hbf (tief) → Hamburg-Altona,Berlin Hbf Tief,Hamburg Altona,day,Berlin → Hamburg Altona,DE,DE,256.41,DB,day,0.04899697674418605,0.151,12.563314806976747,38.71791,26.154595193023255,90.3,Back-on-Track 2022,2026-03-22,3.0818227987488545,0,short
Hamburg Dammtor → Berlin Hbf (tief),Hamburg Dammtor,Berlin Hbf Tief,day,Hamburg Dammtor → Berlin,DE,DE,253.55,DB,day,0.04899697674418605,0.151,12.423183453488374,38.28605,25.86286654651163,90.3,Back-on-Track 2022,2026-03-22,3.081822798748855,0,short
Hannover Hbf → Berlin Hbf (tief),Hannover Hbf,Berlin Hbf Tief,day,Hannover → Berlin,DE,DE,246.42,DB,day,0.04899697674418605,0.151,12.073835009302327,37.209419999999994,25.135584990697666,90.3,Back-on-Track 2022,2026-03-22,3.081822798748854,0,short
Interlaken Ost → Berlin Hbf (tief),Interlaken Ost,Berlin Hbf Tief,day,Interlaken Ost → Berlin,DE,DE,759.81,DB,day,0.04899697674418605,0.151,37.2283929,114.73131,77.50291709999999,90.3,Back-on-Track 2022,2026-03-22,3.0818227987488545,0,medium
Karlsruhe Hbf → Berlin Hbf (tief),Karlsruhe Hbf,Berlin Hbf Tief,night,Karlsruhe → Berlin,DE,DE,525.43,DB,night,0.04899697674418605,0.151,25.744481490697673,79.33993,53.59544850930232,90.3,Back-on-Track 2022,2026-03-22,3.081822798748855,0,medium
Berlin Hbf (tief) → Kassel-Wilhelmshöhe,Berlin Hbf Tief,Kassel Wilhelmshohe,day,Berlin → Kassel Wilhelmshohe,DE,DE,300.86,DB,day,0.04899697674418605,0.151,14.741230423255816,45.42986,30.688629576744184,90.3,Back-on-Track 2022,2026-03-22,3.0818227987488545,0,short
Kiel Hbf → Berlin Hbf (tief),Kiel Hbf,Berlin Hbf Tief,day,Kiel → Berlin,DE,DE,292.55,DB,day,0.04899697674418605,0.151,14.33406554651163,44.17505,29.840984453488367,90.3,Back-on-Track 2022,2026-03-22,3.0818227987488545,0,short
Köln Hbf → Berlin Hbf (tief),Koln Hbf,Berlin Hbf Tief,night,Koln → Berlin,DE,DE,475.05,DB,night,0.04899697674418605,0.151,23.276013802325583,71.73255,48.456536197674424,90.3,Back-on-Track 2022,2026-03-22,3.081822798748855,0,short
Leipzig Hbf → Berlin Hbf (tief),Leipzig Hbf,Berlin Hbf Tief,night,Leipzig → Berlin,DE,DE,147.65,DB,night,0.04899697674418605,0.151,7.234403616279071,22.29515,15.060746383720929,90.3,Back-on-Track 2022,2026-03-22,3.0818227987488545,0,short
Mannheim Hbf → Berlin Hbf (tief),Mannheim Hbf,Berlin Hbf Tief,day,Mannheim → Berlin,DE,DE,481.8,DB,day,0.04899697674418605,0.151,23.60674339534884,72.7518,49.14505660465116,90.3,Back-on-Track 2022,2026-03-22,3.081822798748855,0,short
Berlin Hbf (tief) → München Hbf,Berlin Hbf Tief,Munchen Hbf,night,Berlin → Munchen,DE,DE,504.25,DB,night,0.04899697674418605,0.151,24.706725523255816,76.14175,51.43502447674419,90.3,Back-on-Track 2022,2026-03-22,3.081822798748855,0,medium
Berlin Hbf (tief) → Norddeich Mole,Berlin Hbf Tief,Norddeich Mole,day,Berlin → Norddeich Mole,DE,DE,432.34,DB,day,0.04899697674418605,0.151,21.183352925581396,65.28334,44.0999870744186,90.3,Back-on-Track 2022,2026-03-22,3.0818227987488545,0,short
Berlin Hbf (tief) → Nürnberg Hbf,Berlin Hbf Tief,Nurnberg Hbf,night,Berlin → Nurnberg,DE,DE,377.98,DB,night,0.04899697674418605,0.151,18.519877269767445,57.074980000000004,38.55510273023256,90.3,Back-on-Track 2022,2026-03-22,3.0818227987488545,0,short
Berlin Hbf (tief) → Ostseebad Binz,Berlin Hbf Tief,Ostseebad Binz,day,Berlin → Ostseebad Binz,DE,DE,209.52,DB,day,0.04899697674418605,0.151,10.265846567441862,31.637520000000002,21.37167343255814,90.3,Back-on-Track 2022,2026-03-22,3.0818227987488545,0,short
Berlin Hbf (tief) → Praha hl.n.,Berlin Hbf Tief,Praha Hl N,day,Berlin → Praha Hl N,DE,DE,281.53,CD,day,0.04899697674418605,0.151,13.794118862790697,42.51103,28.7169111372093,90.3,Back-on-Track 2022,2026-03-22,3.081822798748855,0,short
Rostock Hbf → Berlin Hbf (tief),Rostock Hbf,Berlin Hbf Tief,day,Rostock → Berlin,DE,DE,191.25,DB,day,0.04899697674418605,0.151,9.370671802325582,28.87875,19.50807819767442,90.3,Back-on-Track 2022,2026-03-22,3.081822798748855,0,short
Saarbrücken Hbf → Berlin Hbf (tief),Saarbrucken Hbf,Berlin Hbf Tief,day,Saarbrucken → Berlin,DE,DE,577.23,DB,day,0.04899697674418605,0.151,28.282524886046517,87.16173,58.87920511395349,90.3,Back-on-Track 2022,2026-03-22,3.0818227987488545,0,medium
Berlin Hbf (tief) → Stralsund Hbf,Berlin Hbf Tief,Stralsund Hbf,day,Berlin → Stralsund,DE,DE,199.21,DB,day,0.04899697674418605,0.151,9.760687737209304,30.08071,20.320022262790694,90.3,Back-on-Track 2022,2026-03-22,3.0818227987488545,0,short
Berlin Hbf (tief) → Stuttgart Hbf,Berlin Hbf Tief,Stuttgart Hbf,night,Berlin → Stuttgart,DE,DE,509.96,DB,night,0.04899697674418605,0.151,24.98649826046512,77.00395999999999,52.01746173953487,90.3,Back-on-Track 2022,2026-03-22,3.0818227987488545,0,medium
Warnemünde → Berlin Hbf (tief),Warnemunde,Berlin Hbf Tief,day,Warnemunde → Berlin,DE,DE,202.26,DB,day,0.04899697674418605,0.151,9.91012851627907,30.541259999999998,20.631131483720928,90.3,Back-on-Track 2022,2026-03-22,3.081822798748855,0,short
Warszawa Wschodnia → Berlin Hbf (tief),Warszawa Wschodnia,Berlin Hbf Tief,day,Warszawa Wschodnia → Berlin,DE,DE,522.02,DB,day,0.04899697674418605,0.151,25.5774018,78.82502,53.24761819999999,90.3,Back-on-Track 2022,2026-03-22,3.081822798748855,0,medium
Westerland(Sylt) → Berlin Hbf (tief),Westerland Sylt,Berlin Hbf Tief,day,Westerland Sylt → Berlin,DE,DE,425.16,DB,day,0.04899697674418605,0.151,20.83155463255814,64.19916,43.36760536744187,90.3,Back-on-Track 2022,2026-03-22,3.081822798748855,0,short
Berlin Hbf (tief) → Wien Hbf,Berlin Hbf Tief,Wien Hbf,day,Berlin → Wien,DE,DE,527.57,ÖBB,day,0.04899697674418605,0.151,25.849335020930237,79.66307,53.813734979069764,90.3,Back-on-Track 2022,2026-03-22,3.0818227987488545,0,medium
Berlin Wannsee → Zürich HB,Berlin Wannsee,Zurich Hb,day,Berlin Wannsee → Zurich Hb,DE,DE,651.48,SBB,day,0.04899697674418605,0.151,31.92055040930233,98.37348,66.45292959069766,90.3,Back-on-Track 2022,2026-03-22,3.0818227987488545,0,medium
ICE 19,Bonn Hbf,Berlin Hbf,day,Bonn → Berlin,DE,DE,476.43,DB,day,0.04899697674418605,0.151,23.34362963023256,71.94093,48.59730036976744,90.3,Back-on-Track 2022,2026-03-22,3.0818227987488545,0,short
CZ3,Breclav,Berlin Hauptbahnhof,night,Breclav → Berlin,AT,AT,487.26,ÖBB,night,0.04899697674418605,0.151,23.874266888372095,73.57625999999999,49.7019931116279,90.3,Back-on-Track 2022,2026-03-22,3.0818227987488545,0,short
Dresden Hbf → Berlin Hbf,Dresden Hbf,Berlin Hbf,day,Dresden → Berlin,DE,DE,167.0,DB,day,0.04899697674418605,0.151,8.182495116279071,25.217,17.034504883720928,90.3,Back-on-Track 2022,2026-03-22,3.0818227987488545,0,short
ICE 10,Dusseldorf Hbf,Berlin Hbf,day,Dusseldorf → Berlin,DE,DE,473.92,DB,day,0.04899697674418605,0.151,23.220647218604654,71.56192,48.34127278139535,90.3,Back-on-Track 2022,2026-03-22,3.0818227987488545,0,short
ICE 10,Essen Hbf,Berlin Hbf,day,Essen → Berlin,DE,DE,451.02,DB,day,0.04899697674418605,0.151,22.09861645116279,68.10401999999999,46.0054035488372,90.3,Back-on-Track 2022,2026-03-22,3.0818227987488545,0,short
ICE 13,Frankfurt M Flughafen Fernbf,Berlin Hbf,day,Frankfurt M Flughafen Fernbf → Berlin,DE,DE,432.16,DB,day,0.04899697674418605,0.151,21.174533469767447,65.25616000000001,44.08162653023256,90.3,Back-on-Track 2022,2026-03-22,3.0818227987488545,0,short
ICE 3,Frankfurt M Flughafen Regionalbf,Berlin Hbf,day,Frankfurt M Flughafen Regionalbf → Berlin,DE,DE,432.27,DB,day,0.04899697674418605,0.151,21.179923137209304,65.27277,44.092846862790694,90.3,Back-on-Track 2022,2026-03-22,3.0818227987488545,0,short
ICE 11,Frankfurt Main Hbf,Berlin Hbf,day,Frankfurt Main → Berlin,DE,DE,423.31,DB,day,0.04899697674418605,0.151,20.7409102255814,63.91981,43.178899774418596,90.3,Back-on-Track 2022,2026-03-22,3.0818227987488545,0,short
Berlin Hbf → Gdynia Glowna,Berlin Hbf,Gdynia Glowna,day,Berlin → Gdynia Glowna,DE,DE,406.75,PKP,day,0.04899697674418605,0.151,19.929520290697678,61.41925,41.489729709302324,90.3,Back-on-Track 2022,2026-03-22,3.0818227987488545,0,short
ICE 23,Berlin Hbf,Hamburg Hbf,day,Berlin → Hamburg,DE,DE,252.17,DB,day,0.04899697674418605,0.151,12.355567625581395,38.07767,25.722102374418604,90.3,Back-on-Track 2022,2026-03-22,3.081822798748855,0,short
Berlin Hbf → Hamburg-Altona,Berlin Hbf,Hamburg Altona,night,Berlin → Hamburg Altona,DE,DE,256.41,DB,night,0.04899697674418605,0.151,12.563314806976747,38.71791,26.154595193023255,90.3,Back-on-Track 2022,2026-03-22,3.0818227987488545,0,short
ICE 23,Hamburg Dammtor,Berlin Hbf,day,Hamburg Dammtor → Berlin,DE,DE,253.56,DB,day,0.04899697674418605,0.151,12.423673423255815,38.28756,25.863886576744186,90.3,Back-on-Track 2022,2026-03-22,3.0818227987488545,0,short
ICE 19,Hannover Hbf,Berlin Hbf,day,Hannover → Berlin,DE,DE,246.39,DB,day,0.04899697674418605,0.151,12.0723651,37.20489,25.1325249,90.3,Back-on-Track 2022,2026-03-22,3.0818227987488545,0,short
ICE 17,Berlin Hbf,Jena Paradies,day,Berlin → Jena Paradies,DE,DE,216.1,DB,day,0.04899697674418605,0.151,10.588246674418606,32.631099999999996,22.04285332558139,90.3,Back-on-Track 2022,2026-03-22,3.081822798748854,0,short
Berlin Hbf → Karlsruhe Hbf,Berlin Hbf,Karlsruhe Hbf,day,Berlin → Karlsruhe,DE,DE,525.43,DB,day,0.04899697674418605,0.151,25.744481490697673,79.33993,53.59544850930232,90.3,Back-on-Track 2022,2026-03-22,3.081822798748855,0,medium
Berlin Hbf → Köln Hbf,Berlin Hbf,Koln Hbf,day,Berlin → Koln,DE,DE,475.05,DB,day,0.04899697674418605,0.151,23.276013802325583,71.73255,48.456536197674424,90.3,Back-on-Track 2022,2026-03-22,3.081822798748855,0,short
ICE 14,Monchengladbach Hbf,Berlin Hbf,day,Monchengladbach → Berlin,DE,DE,497.58,DB,day,0.04899697674418605,0.151,24.379915688372094,75.13458,50.754664311627906,90.3,Back-on-Track 2022,2026-03-22,3.081822798748855,0,short
ICE 11,Berlin Hbf,Munchen Hbf,day,Berlin → Munchen,DE,DE,504.19,DB,day,0.04899697674418605,0.151,24.703785704651164,76.13269,51.42890429534883,90.3,Back-on-Track 2022,2026-03-22,3.0818227987488545,0,medium
ICE 14,Berlin Hbf,Munster Westf Hbf,day,Berlin → Munster Westf,DE,DE,395.36,DB,day,0.04899697674418605,0.151,19.371444725581398,59.69936,40.3279152744186,90.3,Back-on-Track 2022,2026-03-22,3.0818227987488545,0,short
ICE 91,Berlin Hbf,Passau Hbf,day,Berlin → Passau,DE,DE,439.42,DB,day,0.04899697674418605,0.151,21.530251520930236,66.35242,44.82216847906976,90.3,Back-on-Track 2022,2026-03-22,3.0818227987488545,0,short
Praha hl.n. → Berlin Hbf,Praha Hl N,Berlin Hbf,day,Praha Hl N → Berlin,DE,DE,281.53,DB,day,0.04899697674418605,0.151,13.794118862790697,42.51103,28.7169111372093,90.3,Back-on-Track 2022,2026-03-22,3.081822798748855,0,short
ICE 82,Strasbourg,Berlin Hbf,day,Strasbourg → Berlin,DE,DE,591.57,DB,day,0.04899697674418605,0.151,28.985141532558146,89.32707,60.34192846744186,90.3,Back-on-Track 2022,2026-03-22,3.0818227987488545,0,medium
Berlin Hbf → Stuttgart Hbf,Berlin Hbf,Stuttgart Hbf,day,Berlin → Stuttgart,DE,DE,509.96,DB,day,0.04899697674418605,0.151,24.98649826046512,77.00395999999999,52.01746173953487,90.3,Back-on-Track 2022,2026-03-22,3.0818227987488545,0,medium
ICE 77,Utrecht Centraal,Berlin Hbf,day,Utrecht Centraal → Berlin,DE,DE,563.29,DB,day,0.04899697674418605,0.151,27.59950703023256,85.05678999999999,57.457282969767434,90.3,Back-on-Track 2022,2026-03-22,3.0818227987488545,0,medium
Warszawa Wschodnia → Berlin Hbf,Warszawa Wschodnia,Berlin Hbf,night,Warszawa Wschodnia → Berlin,DE,DE,522.02,DB,night,0.04899697674418605,0.151,25.5774018,78.82502,53.24761819999999,90.3,Back-on-Track 2022,2026-03-22,3.081822798748855,0,medium
Berlin Hbf → Zürich HB,Berlin Hbf,Zurich Hb,day,Berlin → Zurich Hb,DE,DE,668.23,SBB,day,0.04899697674418605,0.151,32.74124976976744,100.90273,68.16148023023257,90.3,Back-on-Track 2022,2026-03-22,3.081822798748855,0,medium
S5,Bern Brunnen Westside,Kerzers,day,Bern Brunnen Westside → Kerzers,CH,CH,14.27,BLS-bls (BLS AG (bls)),day,0.04899697674418605,0.151,0.699186858139535,2.15477,1.455583141860465,90.2,Back-on-Track 2022,2026-03-22,3.081822798748855,0,short
IR66,Bern Brunnen Westside,La Chaux De Fonds,day,Bern Brunnen Westside → la Chaux de Fonds,CH,CH,45.04,BLS-bls (BLS AG (bls)),day,0.04899697674418605,0.151,2.2068238325581397,6.8010399999999995,4.59421616744186,90.3,Back-on-Track 2022,2026-03-22,3.0818227987488545,0,short
EXT,Bern Wankdorf,Burgdorf,day,Bern Wankdorf → Burgdorf,CH,CH,15.71,BLS-bls (BLS AG (bls)),day,0.04899697674418605,0.151,0.7697425046511629,2.37221,1.602467495348837,90.3,Back-on-Track 2022,2026-03-22,3.0818227987488545,0,short
EXT,Bern Wankdorf,Lutzelfluh Goldbach,day,Bern Wankdorf → Lutzelfluh Goldbach,CH,CH,16.96,BLS-bls (BLS AG (bls)),day,0.04899697674418605,0.151,0.8309887255813955,2.56096,1.7299712744186047,90.2,Back-on-Track 2022,2026-03-22,3.0818227987488545,0,short
IR65,Biel Bienne,Bern,day,Biel Bienne → Bern,CH,CH,25.3,BLS-bls (BLS AG (bls)),day,0.04899697674418605,0.151,1.239623511627907,3.8203,2.580676488372093,90.4,Back-on-Track 2022,2026-03-22,3.081822798748855,0,short
IC,Bern,Brig,day,Bern → Brig,CH,CH,81.58,SBB (Schweizerische Bundesbahnen SBB),day,0.04899697674418605,0.151,3.997173362790698,12.318579999999999,8.3214066372093,90.3,Back-on-Track 2022,2026-03-22,3.0818227987488545,0,short
RE,Broc Chocolaterie,Bern,day,Broc Chocolaterie → Bern,CH,CH,45.7,TPF (Transports publics fribourgeois),day,0.04899697674418605,0.151,2.2391618372093025,6.9007000000000005,4.661538162790698,90.3,Back-on-Track 2022,2026-03-22,3.081822798748855,0,short
IR16,Brugg Ag,Bern,day,Brugg Ag → Bern,CH,CH,82.94,SBB (Schweizerische Bundesbahnen SBB),day,0.04899697674418605,0.151,4.063809251162791,12.52394,8.460130748837209,90.3,Back-on-Track 2022,2026-03-22,3.0818227987488545,0,short
EXT,Burgdorf,Bern,day,Burgdorf → Bern,CH,CH,18.61,BLS-bls (BLS AG (bls)),day,0.04899697674418605,0.151,0.9118337372093024,2.81011,1.8982762627906975,90.3,Back-on-Track 2022,2026-03-22,3.0818227987488545,0,short
IR35,Chur,Bern,day,Chur → Bern,CH,CH,159.13,SOB-sob (Schweizerische Südostbahn (sob)),day,0.04899697674418605,0.151,7.796888909302326,24.02863,16.231741090697675,90.3,Back-on-Track 2022,2026-03-22,3.081822798748855,0,short
IC,Bern,Domodossola I,day,Bern → Domodossola I,CH,CH,113.53,SBB (Schweizerische Bundesbahnen SBB),day,0.04899697674418605,0.151,5.5626267697674425,17.14303,11.580403230232557,90.3,Back-on-Track 2022,2026-03-22,3.0818227987488545,0,short
P38,Bern,Frasne,day,Bern → Frasne,FR,FR,97.87,SNCF,day,0.04899697674418605,0.151,4.795334113953489,14.77837,9.983035886046512,90.3,Back-on-Track 2022,2026-03-22,3.081822798748855,0,short
RE,Fraubrunnen,Bern,day,Fraubrunnen → Bern,CH,CH,16.56,RBS (Regionalverkehr Bern-Solothurn),day,0.04899697674418605,0.151,0.8113899348837209,2.5005599999999997,1.6891700651162789,90.3,Back-on-Track 2022,2026-03-22,3.0818227987488545,0,short
RE,Bern,Fribourg Freiburg,day,Bern → Fribourg Freiburg,CH,CH,27.24,TPF (Transports publics fribourgeois),day,0.04899697674418605,0.151,1.334677646511628,4.113239999999999,2.7785623534883714,90.3,Back-on-Track 2022,2026-03-22,3.0818227987488545,0,short
EXT,Bern,Frutigen,day,Bern → Frutigen,CH,CH,43.16,BLS-bls (BLS AG (bls)),day,0.04899697674418605,0.151,2.1147095162790697,6.51716,4.40245048372093,90.4,Back-on-Track 2022,2026-03-22,3.081822798748855,0,short
IC1,Bern,Geneve Aeroport,day,Bern → Geneve Aeroport,CH,CH,128.95,SBB (Schweizerische Bundesbahnen SBB),day,0.04899697674418605,0.151,6.3181601511627905,19.471449999999997,13.153289848837208,90.3,Back-on-Track 2022,2026-03-22,3.0818227987488545,0,short
EXT,Interlaken Ost,Bern,day,Interlaken Ost → Bern,CH,CH,43.53,SBB (Schweizerische Bundesbahnen SBB),day,0.04899697674418605,0.151,2.1328383976744187,6.57303,4.440191602325582,90.3,Back-on-Track 2022,2026-03-22,3.081822798748855,0,short
S8,Bern,Jegenstorf,day,Bern → Jegenstorf,CH,CH,12.15,RBS (Regionalverkehr Bern-Solothurn),day,0.04899697674418605,0.151,0.5953132674418605,1.83465,1.2393367325581393,90.3,Back-on-Track 2022,2026-03-22,3.0818227987488545,0,short
S5,Bern,Kerzers,day,Bern → Kerzers,CH,CH,18.92,BLS-bls (BLS AG (bls)),day,0.04899697674418605,0.151,0.9270228000000001,2.85692,1.9298972,90.4,Back-on-Track 2022,2026-03-22,3.0818227987488545,0,short
IR66,La Chaux De Fonds,Bern,day,la Chaux de Fonds → Bern,CH,CH,49.36,BLS-bls (BLS AG (bls)),day,0.04899697674418605,0.151,2.4184907720930235,7.45336,5.034869227906976,90.3,Back-on-Track 2022,2026-03-22,3.0818227987488545,0,short
RE,Langnau I E,Bern,day,Langnau I E → Bern,CH,CH,26.22,BLS-bls (BLS AG (bls)),day,0.04899697674418605,0.151,1.2847007302325582,3.9592199999999997,2.6745192697674414,90.2,Back-on-Track 2022,2026-03-22,3.081822798748855,0,short
IR15,Bern,Lausanne,day,Bern → Lausanne,CH,CH,78.22,SBB (Schweizerische Bundesbahnen SBB),day,0.04899697674418605,0.151,3.832543520930233,11.811219999999999,7.978676479069765,90.2,Back-on-Track 2022,2026-03-22,3.0818227987488545,0,short
EXT,Lutzelfluh Goldbach,Bern,day,Lutzelfluh Goldbach → Bern,CH,CH,19.48,BLS-bls (BLS AG (bls)),day,0.04899697674418605,0.151,0.9544611069767442,2.94148,1.9870188930232557,90.4,Back-on-Track 2022,2026-03-22,3.0818227987488545,0,short
RE,Luzern,Bern,day,Luzern → Bern,CH,CH,67.01,BLS-bls (BLS AG (bls)),day,0.04899697674418605,0.151,3.2832874116279074,10.11851,6.835222588372093,90.3,Back-on-Track 2022,2026-03-22,3.081822798748855,0,short
IR66,Neuchatel,Bern,day,Neuchatel → Bern,CH,CH,38.57,BLS-bls (BLS AG (bls)),day,0.04899697674418605,0.151,1.889813393023256,5.82407,3.934256606976744,90.3,Back-on-Track 2022,2026-03-22,3.081822798748855,0,short
IR,Olten,Bern,day,Olten → Bern,CH,CH,57.14,SOB-sob (Schweizerische Südostbahn (sob)),day,0.04899697674418605,0.151,2.799687251162791,8.62814,5.8284527488372095,90.3,Back-on-Track 2022,2026-03-22,3.0818227987488545,0,short
RE,Bern,Pontarlier,day,Bern → Pontarlier,CH,CH,82.63,SBB (Schweizerische Bundesbahnen SBB),day,0.04899697674418605,0.151,4.048620188372094,12.477129999999999,8.428509811627904,90.3,Back-on-Track 2022,2026-03-22,3.0818227987488545,0,short
IC8,Bern,Romanshorn,day,Bern → Romanshorn,CH,CH,161.68,SBB (Schweizerische Bundesbahnen SBB),day,0.04899697674418605,0.151,7.921831200000001,24.41368,16.4918488,90.3,Back-on-Track 2022,2026-03-22,3.0818227987488545,0,short
RE,Schupfheim,Bern,day,Schupfheim → Bern,CH,CH,43.72,BLS-bls (BLS AG (bls)),day,0.04899697674418605,0.151,2.142147823255814,6.601719999999999,4.459572176744185,90.3,Back-on-Track 2022,2026-03-22,3.0818227987488545,0,short
S6,Bern,Schwarzenburg,day,Bern → Schwarzenburg,CH,CH,16.18,BLS-bls (BLS AG (bls)),day,0.04899697674418605,0.151,0.7927710837209303,2.44318,1.6504089162790696,90.1,Back-on-Track 2022,2026-03-22,3.0818227987488545,0,short
RE,Solothurn,Bern,day,Solothurn → Bern,CH,CH,29.46,RBS (Regionalverkehr Bern-Solothurn),day,0.04899697674418605,0.151,1.443450934883721,4.44846,3.005009065116279,90.3,Back-on-Track 2022,2026-03-22,3.081822798748855,0,short
EXT,Spiez,Bern,day,Spiez → Bern,CH,CH,34.46,BLS-bls (BLS AG (bls)),day,0.04899697674418605,0.151,1.6884358186046513,5.20346,3.5150241813953484,90.3,Back-on-Track 2022,2026-03-22,3.0818227987488545,0,short
IC1,St Gallen,Bern,day,St Gallen → Bern,CH,CH,155.14,SBB (Schweizerische Bundesbahnen SBB),day,0.04899697674418605,0.151,7.601390972093023,23.426139999999997,15.824749027906973,90.3,Back-on-Track 2022,2026-03-22,3.0818227987488545,0,short
S3,Suberg Grossaffoltern,Bern,day,Suberg Grossaffoltern → Bern,CH,CH,14.39,BLS-bls (BLS AG (bls)),day,0.04899697674418605,0.151,0.7050664953488373,2.17289,1.467823504651163,90.3,Back-on-Track 2022,2026-03-22,3.081822798748855,0,short
S1,Thun,Bern,day,Thun → Bern,CH,CH,25.98,BLS-bls (BLS AG (bls)),day,0.04899697674418605,0.151,1.2729414558139536,3.92298,2.6500385441860463,90.4,Back-on-Track 2022,2026-03-22,3.0818227987488545,0,short
RE,Wolhusen,Bern,day,Wolhusen → Bern,CH,CH,50.01,BLS-bls (BLS AG (bls)),day,0.04899697674418605,0.151,2.4503388069767444,7.5515099999999995,5.101171193023255,90.3,Back-on-Track 2022,2026-03-22,3.0818227987488545,0,short
IC,Zurich Hb,Bern,day,Zurich Hb → Bern,CH,CH,95.96,SBB (Schweizerische Bundesbahnen SBB),day,0.04899697674418605,0.151,4.701749888372093,14.489959999999998,9.788210111627905,90.3,Back-on-Track 2022,2026-03-22,3.081822798748855,0,short
EXT,Bern,Zweisimmen,day,Bern → Zweisimmen,CH,CH,44.23,BLS-bls (BLS AG (bls)),day,0.04899697674418605,0.151,2.167136281395349,6.678729999999999,4.51159371860465,90.3,Back-on-Track 2022,2026-03-22,3.0818227987488545,0,short
REX1,Wiener Neustadt Hauptbahnhof,Bernhardsthal Bahnhof,night,Wiener Neustadt → Bernhardsthal,AT,AT,108.67,ÖBB,night,0.04899697674418605,0.151,5.324501462790698,16.40917,11.084668537209302,90.3,Back-on-Track 2022,2026-03-22,3.081822798748855,0,short
P33,Besancon Viotte,Bourg En Bresse,day,Besancon Viotte → Bourg En Bresse,FR,FR,131.66,SNCF,day,0.04899697674418605,0.151,6.450941958139535,19.88066,13.429718041860465,90.3,Back-on-Track 2022,2026-03-22,3.0818227987488545,0,short
P8,Besancon Viotte,Saint Claude,day,Besancon Viotte → Saint Claude,FR,FR,96.09,SNCF,day,0.04899697674418605,0.151,4.7081194953488374,14.50959,9.801470504651162,90.2,Back-on-Track 2022,2026-03-22,3.0818227987488545,0,short
C1,Besancon Viotte,Dijon,day,Besancon Viotte → Dijon,FR,FR,75.51,SNCF,day,0.04899697674418605,0.151,3.699761713953489,11.40201,7.702248286046512,90.2,Back-on-Track 2022,2026-03-22,3.081822798748855,0,short
P29,La Chaux De Fonds,Besancon Viotte,day,la Chaux de Fonds → Besancon Viotte,FR,FR,62.98,SNCF,day,0.04899697674418605,0.151,3.0858295953488373,9.509979999999999,6.4241504046511615,90.3,Back-on-Track 2022,2026-03-22,3.0818227987488545,0,short
P29,Le Locle,Besancon Viotte,day,le Locle → Besancon Viotte,FR,FR,58.67,SNCF,day,0.04899697674418605,0.151,2.874652625581396,8.85917,5.984517374418605,90.3,Back-on-Track 2022,2026-03-22,3.081822798748855,0,short
P29,Le Valdahon,Besancon Viotte,day,le Valdahon → Besancon Viotte,FR,FR,26.51,SNCF,day,0.04899697674418605,0.151,1.2989098534883723,4.00301,2.7041001465116272,90.3,Back-on-Track 2022,2026-03-22,3.0818227987488545,0,short
P33,Lons Le Saunier,Besancon Viotte,day,Lons le Saunier → Besancon Viotte,FR,FR,73.58,SNCF,day,0.04899697674418605,0.151,3.6051975488372094,11.110579999999999,7.50538245116279,90.3,Back-on-Track 2022,2026-03-22,3.0818227987488545,0,short
K13,Besancon Viotte,Lyon Part Dieu,day,Besancon Viotte → Lyon Part Dieu,FR,FR,187.71,SNCF,day,0.04899697674418605,0.151,9.197222504651164,28.34421,19.14698749534884,90.3,Back-on-Track 2022,2026-03-22,3.081822798748855,0,short
K13,Lyon Perrache,Besancon Viotte,day,Lyon Perrache → Besancon Viotte,FR,FR,190.12,SNCF,day,0.04899697674418605,0.151,9.315305218604653,28.70812,19.392814781395348,90.3,Back-on-Track 2022,2026-03-22,3.0818227987488545,0,short
P29,Morteau,Besancon Viotte,day,Morteau → Besancon Viotte,FR,FR,49.04,SNCF,day,0.04899697674418605,0.151,2.402811739534884,7.40504,5.002228260465116,90.2,Back-on-Track 2022,2026-03-22,3.0818227987488545,0,short
P33,Mouchard,Besancon Viotte,day,Mouchard → Besancon Viotte,FR,FR,34.43,SNCF,day,0.04899697674418605,0.151,1.6869659093023257,5.19893,3.511964090697674,90.3,Back-on-Track 2022,2026-03-22,3.0818227987488545,0,short
TGV,Paris Gare De Lyon,Besancon Viotte,day,Paris de Lyon → Besancon Viotte,CH,CH,324.12,SNCF (Société Nationale des Chemins de fer Français),day,0.04899697674418605,0.151,15.880900102325583,48.942119999999996,33.06121989767441,90.3,Back-on-Track 2022,2026-03-22,3.0818227987488545,0,short
611A,Besancon Viotte,Paris Gare De Lyon Hall 1 2,night,Besancon Viotte → Paris de Lyon Hall 1 2,FR,FR,324.18,SNCF,night,0.04899697674418605,0.151,15.883839920930233,48.95118,33.067340079069766,90.3,Back-on-Track 2022,2026-03-22,3.081822798748855,0,short
611A,Besancon Viotte,Paris Montparnasse Hall 1 2,day,Besancon Viotte → Paris Montparnasse Hall 1 2,FR,FR,327.26,SNCF,day,0.04899697674418605,0.151,16.034750609302325,49.416259999999994,33.38150939069767,90.3,Back-on-Track 2022,2026-03-22,3.081822798748855,0,short
P51,Bethune,Etaples Le Touquet,day,Bethune → Etaples le Touquet,FR,FR,70.56,SNCF,day,0.04899697674418605,0.151,3.457226679069768,10.65456,7.197333320930232,90.3,Back-on-Track 2022,2026-03-22,3.0818227987488545,0,short
C50,Lille Flandres,Bethune,day,Lille Flandres → Bethune,FR,FR,32.91,SNCF,day,0.04899697674418605,0.151,1.6124905046511628,4.969409999999999,3.356919495348836,90.3,Back-on-Track 2022,2026-03-22,3.081822798748854,0,short
C50,Saint Pol Sur Ternoise,Bethune,day,Saint Pol Sur Ternoise → Bethune,FR,FR,26.55,SNCF,day,0.04899697674418605,0.151,1.3008697325581398,4.00905,2.7081802674418602,90.3,Back-on-Track 2022,2026-03-22,3.0818227987488545,0,short
C40+,Metz,Bettembourg,day,Metz → Bettembourg,FR,FR,45.55,SNCF,day,0.04899697674418605,0.151,2.2318122906976745,6.878049999999999,4.646237709302325,90.2,Back-on-Track 2022,2026-03-22,3.0818227987488545,0,short
C40+,Nancy,Bettembourg,day,Nancy → Bettembourg,FR,FR,92.03,SNCF,day,0.04899697674418605,0.151,4.509191769767442,13.89653,9.387338230232558,90.3,Back-on-Track 2022,2026-03-22,3.081822798748855,0,short
C50,Thionville,Bettembourg,day,Thionville → Bettembourg,FR,FR,18.68,SNCF,day,0.04899697674418605,0.151,0.9152635255813955,2.82068,1.9054164744186044,90.3,Back-on-Track 2022,2026-03-22,3.0818227987488545,0,short
R,Bex,Grandson,day,Bex → Grandson,CH,CH,67.52,SBB (Schweizerische Bundesbahnen SBB),day,0.04899697674418605,0.151,3.308275869767442,10.195519999999998,6.887244130232556,90.2,Back-on-Track 2022,2026-03-22,3.081822798748854,0,short
180A,Bordeaux Saint Jean,Beziers,day,Bordeaux Saint Jean → Beziers,FR,FR,344.02,SNCF,day,0.04899697674418605,0.151,16.855939939534885,51.947019999999995,35.09108006046511,90.3,Back-on-Track 2022,2026-03-22,3.0818227987488545,0,short
P9,Beziers,Saint Chely D Apcher,day,Beziers → Saint Chely d Apcher,FR,FR,163.01,SNCF,day,0.04899697674418605,0.151,7.986997179069768,24.61451,16.62751282093023,90.3,Back-on-Track 2022,2026-03-22,3.081822798748855,0,short
723A,Beziers,Clermont Ferrand,day,Beziers → Clermont Ferrand,FR,FR,271.77,SNCF,day,0.04899697674418605,0.151,13.315908369767442,41.03727,27.721361630232558,90.3,Back-on-Track 2022,2026-03-22,3.081822798748855,0,short
K9,Beziers,Marseille Saint Charles,night,Beziers → Marseille Saint Charles,FR,FR,174.9,SNCF,night,0.04899697674418605,0.151,8.56957123255814,26.4099,17.84032876744186,90.3,Back-on-Track 2022,2026-03-22,3.081822798748855,0,short
P9,Beziers,Millau,day,Beziers → Millau,FR,FR,85.97,SNCF,day,0.04899697674418605,0.151,4.212270090697674,12.98147,8.769199909302326,90.3,Back-on-Track 2022,2026-03-22,3.081822798748855,0,short
P9,Montpellier Saint Roch,Beziers,day,Montpellier Saint Roch → Beziers,FR,FR,61.18,SNCF,day,0.04899697674418605,0.151,2.9976350372093026,9.23818,6.240544962790697,90.2,Back-on-Track 2022,2026-03-22,3.0818227987488545,0,short
723A,Beziers,Neussargues,day,Beziers → Neussargues,FR,FR,199.86,SNCF,day,0.04899697674418605,0.151,9.792535772093025,30.17886,20.386324227906975,90.3,Back-on-Track 2022,2026-03-22,3.0818227987488545,0,short
180A,Beziers,Nimes Centre,night,Beziers → Nimes Centre,FR,FR,107.59,SNCF,night,0.04899697674418605,0.151,5.271584727906977,16.24609,10.974505272093023,90.3,Back-on-Track 2022,2026-03-22,3.0818227987488545,0,short
IR46,Biasca,Cadenazzo,day,Biasca → Cadenazzo,CH,CH,22.31,SOB-sob (Schweizerische Südostbahn (sob)),day,0.04899697674418605,0.151,1.0931225511627907,3.36881,2.275687448837209,90.3,Back-on-Track 2022,2026-03-22,3.081822798748855,0,short
S10,Biasca,Chiasso,day,Biasca → Chiasso,CH,CH,57.97,SBB (Schweizerische Bundesbahnen SBB),day,0.04899697674418605,0.151,2.840354741860465,8.75347,5.913115258139535,90.3,Back-on-Track 2022,2026-03-22,3.081822798748855,0,short
S10,Como Camerlata,Biasca,day,Como Camerlata → Biasca,CH,CH,63.62,SBB (Schweizerische Bundesbahnen SBB),day,0.04899697674418605,0.151,3.1171876604651163,9.60662,6.489432339534883,90.3,Back-on-Track 2022,2026-03-22,3.081822798748855,0,short
IR46,Biasca,Locarno,day,Biasca → Locarno,CH,CH,23.98,SOB-sob (Schweizerische Südostbahn (sob)),day,0.04899697674418605,0.151,1.1749475023255815,3.62098,2.4460324976744183,90.1,Back-on-Track 2022,2026-03-22,3.0818227987488545,0,short
S10,Mendrisio,Biasca,day,Mendrisio → Biasca,CH,CH,53.69,SBB (Schweizerische Bundesbahnen SBB),day,0.04899697674418605,0.151,2.6306476813953488,8.10719,5.4765423186046505,90.3,Back-on-Track 2022,2026-03-22,3.081822798748855,0,short
IR,Biberbrugg,Luzern,day,Biberbrugg → Luzern,CH,CH,33.38,SOB-sob (Schweizerische Südostbahn (sob)),day,0.04899697674418605,0.151,1.6355190837209306,5.04038,3.4048609162790693,90.2,Back-on-Track 2022,2026-03-22,3.081822798748854,0,short
IR,St Gallen,Biberbrugg,day,St Gallen → Biberbrugg,CH,CH,57.12,SOB-sob (Schweizerische Südostbahn (sob)),day,0.04899697674418605,0.151,2.7987073116279073,8.625119999999999,5.826412688372091,90.3,Back-on-Track 2022,2026-03-22,3.081822798748854,0,short
L55,Pau,Bidos,day,Pau → Bidos,FR,FR,22.95,SNCF,day,0.04899697674418605,0.151,1.12448061627907,3.4654499999999997,2.34096938372093,90.3,Back-on-Track 2022,2026-03-22,3.0818227987488545,0,short
RE,Biel Bienne,Brig,day,Biel Bienne → Brig,CH,CH,106.81,BLS-bls (BLS AG (bls)),day,0.04899697674418605,0.151,5.2333670860465125,16.12831,10.894942913953486,90.2,Back-on-Track 2022,2026-03-22,3.0818227987488545,0,short
RE,Biel Bienne,Delemont,day,Biel Bienne → Delemont,CH,CH,26.73,SBB (Schweizerische Bundesbahnen SBB),day,0.04899697674418605,0.151,1.3096891883720931,4.03623,2.7265408116279066,90.4,Back-on-Track 2022,2026-03-22,3.0818227987488545,0,short
S20,Grenchen Sud,Biel Bienne,day,Grenchen Sud → Biel Bienne,CH,CH,13.28,SBB (Schweizerische Bundesbahnen SBB),day,0.04899697674418605,0.151,0.6506798511627907,2.00528,1.3546001488372093,90.1,Back-on-Track 2022,2026-03-22,3.081822798748855,0,short
S37,Biel Bienne,Ins,day,Biel Bienne → Ins,CH,CH,18.35,SBB,day,0.04899697674418605,0.151,0.8990945232558141,2.7708500000000003,1.8717554767441862,90.2,Back-on-Track 2022,2026-03-22,3.081822798748855,0,short
R,Biel Bienne,La Chaux De Fonds,day,Biel Bienne → la Chaux de Fonds,CH,CH,31.78,SBB (Schweizerische Bundesbahnen SBB),day,0.04899697674418605,0.151,1.5571239209302328,4.79878,3.241656079069767,90.4,Back-on-Track 2022,2026-03-22,3.0818227987488545,0,short
IC5,Biel Bienne,Lausanne,day,Biel Bienne → Lausanne,CH,CH,82.91,SBB (Schweizerische Bundesbahnen SBB),day,0.04899697674418605,0.151,4.062339341860465,12.519409999999999,8.457070658139534,90.3,Back-on-Track 2022,2026-03-22,3.081822798748855,0,short
S20,Luterbach Attisholz,Biel Bienne,day,Luterbach Attisholz → Biel Bienne,CH,CH,27.4,SBB (Schweizerische Bundesbahnen SBB),day,0.04899697674418605,0.151,1.3425171627906978,4.1373999999999995,2.7948828372093018,90.4,Back-on-Track 2022,2026-03-22,3.0818227987488545,0,short
R,Biel Bienne,Moutier,day,Biel Bienne → Moutier,CH,CH,19.47,SBB (Schweizerische Bundesbahnen SBB),day,0.04899697674418605,0.151,0.9539711372093024,2.9399699999999998,1.9859988627906975,90.4,Back-on-Track 2022,2026-03-22,3.0818227987488545,0,short
IR56,Biel Bienne,Munchenstein,day,Biel Bienne → Munchenstein,CH,CH,50.87,BLS-bls (BLS AG (bls)),day,0.04899697674418605,0.151,2.492476206976744,7.681369999999999,5.188893793023255,90.3,Back-on-Track 2022,2026-03-22,3.081822798748855,0,short
R,Biel Bienne,Neuchatel,day,Biel Bienne → Neuchatel,CH,CH,27.76,SBB (Schweizerische Bundesbahnen SBB),day,0.04899697674418605,0.151,1.3601560744186048,4.19176,2.831603925581396,90.2,Back-on-Track 2022,2026-03-22,3.081822798748855,0,short
EXT,Biel Bienne,Oensingen,day,Biel Bienne → Oensingen,CH,CH,39.12,SBB (Schweizerische Bundesbahnen SBB),day,0.04899697674418605,0.151,1.9167617302325581,5.907119999999999,3.990358269767441,90.2,Back-on-Track 2022,2026-03-22,3.0818227987488545,0,short
IR55,Olten,Biel Bienne,day,Olten → Biel Bienne,CH,CH,55.78,SBB (Schweizerische Bundesbahnen SBB),day,0.04899697674418605,0.151,2.733051362790698,8.42278,5.689728637209301,90.3,Back-on-Track 2022,2026-03-22,3.0818227987488545,0,short
S37,Biel Bienne,Siselen Finsterhennen,day,Biel Bienne → Siselen Finsterhennen,CH,CH,12.26,SBB,day,0.04899697674418605,0.151,0.600702934883721,1.85126,1.250557065116279,90.4,Back-on-Track 2022,2026-03-22,3.0818227987488545,0,short
S20,Solothurn,Biel Bienne,day,Solothurn → Biel Bienne,CH,CH,24.01,SBB (Schweizerische Bundesbahnen SBB),day,0.04899697674418605,0.151,1.1764174116279071,3.6255100000000002,2.449092588372093,90.2,Back-on-Track 2022,2026-03-22,3.081822798748855,0,short
R,St Imier,Biel Bienne,day,St Imier → Biel Bienne,CH,CH,18.4,SBB (Schweizerische Bundesbahnen SBB),day,0.04899697674418605,0.151,0.9015443720930233,2.7783999999999995,1.8768556279069761,90.2,Back-on-Track 2022,2026-03-22,3.0818227987488545,0,short
S31,Biel Bienne,Wabern Bei Bern,day,Biel Bienne → Wabern Bei Bern,CH,CH,27.43,BLS-bls (BLS AG (bls)),day,0.04899697674418605,0.151,1.3439870720930234,4.1419299999999994,2.797942927906976,90.4,Back-on-Track 2022,2026-03-22,3.0818227987488545,0,short
R,Biel Bienne,Yverdon Les Bains,day,Biel Bienne → Yverdon les Bains,CH,CH,60.11,SBB (Schweizerische Bundesbahnen SBB),day,0.04899697674418605,0.151,2.9452082720930233,9.07661,6.131401727906978,90.3,Back-on-Track 2022,2026-03-22,3.081822798748855,0,short
S3,Biel Bienne,Zollikofen,day,Biel Bienne → Zollikofen,CH,CH,22.14,BLS-bls (BLS AG (bls)),day,0.04899697674418605,0.151,1.0847930651162792,3.34314,2.258346934883721,90.3,Back-on-Track 2022,2026-03-22,3.081822798748855,0,short
IR55,Zurich Hb,Biel Bienne,day,Zurich Hb → Biel Bienne,CH,CH,101.64,SBB (Schweizerische Bundesbahnen SBB),day,0.04899697674418605,0.151,4.98005271627907,15.34764,10.36758728372093,90.3,Back-on-Track 2022,2026-03-22,3.0818227987488545,0,short
IR56,Biel Bienne,Zwingen,day,Biel Bienne → Zwingen,CH,CH,39.87,BLS-bls (BLS AG (bls)),day,0.04899697674418605,0.151,1.9535094627906977,6.02037,4.066860537209302,90.2,Back-on-Track 2022,2026-03-22,3.081822798748855,0,short
Bielefeld Hbf → Dresden Hbf,Bielefeld Hbf,Dresden Hbf,night,Bielefeld → Dresden,DE,DE,375.96,DB,night,0.04899697674418605,0.151,18.420903376744185,56.76996,38.34905662325581,90.3,Back-on-Track 2022,2026-03-22,3.081822798748855,0,short
R,Morges,Biere,day,Morges → Biere,CH,CH,12.37,MBC (Transports de la région Morges-Bière-Cossonay),day,0.04899697674418605,0.151,0.6060926023255814,1.86787,1.2617773976744187,90.4,Back-on-Track 2022,2026-03-22,3.081822798748855,0,short
F41+,Biganos Facture,Coutras,day,Biganos Facture → Coutras,FR,FR,79.4,SNCF,day,0.04899697674418605,0.151,3.890359953488373,11.9894,8.099040046511627,90.3,Back-on-Track 2022,2026-03-22,3.0818227987488545,0,short
D51,Biganos Facture,Hendaye,day,Biganos Facture → Hendaye,FR,FR,157.0,SNCF,day,0.04899697674418605,0.151,7.69252534883721,23.707,16.014474651162793,90.3,Back-on-Track 2022,2026-03-22,3.081822798748855,0,short
F41+,Libourne,Biganos Facture,day,Libourne → Biganos Facture,FR,FR,65.41,SNCF,day,0.04899697674418605,0.151,3.2048922488372096,9.876909999999999,6.672017751162789,90.2,Back-on-Track 2022,2026-03-22,3.0818227987488545,0,short
L45,Biganos Facture,Mont De Marsan,day,Biganos Facture → Mont de Marsan,FR,FR,91.39,SNCF,day,0.04899697674418605,0.151,4.477833704651164,13.79989,9.322056295348837,90.3,Back-on-Track 2022,2026-03-22,3.0818227987488545,0,short
R9,St Michael Bahnhof,Bischofshofen Bahnhof,night,St Michael → Bischofshofen,AT,AT,134.94,ÖBB,night,0.04899697674418605,0.151,6.611652041860466,20.37594,13.764287958139533,90.3,Back-on-Track 2022,2026-03-22,3.081822798748855,0,short
A85,Tarvisio Citta Boscoverde,Bischofshofen Bahnhof,night,Tarvisio Citta Boscoverde → Bischofshofen,AT,AT,105.51,ÖBB,night,0.04899697674418605,0.151,5.169671016279071,15.93201,10.76233898372093,90.3,Back-on-Track 2022,2026-03-22,3.0818227987488545,0,short
S5,Bischofszell Stadt,Weinfelden,day,Bischofszell Stadt → Weinfelden,CH,CH,13.07,THURBO (THURBO),day,0.04899697674418605,0.151,0.6403904860465117,1.97357,1.3331795139534883,90.4,Back-on-Track 2022,2026-03-22,3.0818227987488545,0,short
P817,Haguenau,Bitche Ancienne Gare,day,Haguenau → Bitche Ancienne,FR,FR,36.61,SNCF,day,0.04899697674418605,0.151,1.7937793186046513,5.52811,3.7343306813953485,90.3,Back-on-Track 2022,2026-03-22,3.0818227987488545,0,short
P817,Niederbronn Les Bains,Bitche Ancienne Gare,day,Niederbronn les Bains → Bitche Ancienne,FR,FR,18.21,SNCF,day,0.04899697674418605,0.151,0.892234946511628,2.74971,1.857475053488372,90.5,Back-on-Track 2022,2026-03-22,3.0818227987488545,0,short
P838,Bitche Ancienne Gare,Sarreguemines,day,Bitche Ancienne → Sarreguemines,FR,FR,27.27,SNCF,day,0.04899697674418605,0.151,1.3361475558139535,4.11777,2.7816224441860466,90.3,Back-on-Track 2022,2026-03-22,3.081822798748855,0,short
P817,Haguenau,Bitche Camp,day,Haguenau → Bitche Camp,FR,FR,34.46,SNCF,day,0.04899697674418605,0.151,1.6884358186046513,5.20346,3.5150241813953484,90.3,Back-on-Track 2022,2026-03-22,3.0818227987488545,0,short
P817,Bitche Camp,Niederbronn Les Bains,day,Bitche Camp → Niederbronn les Bains,FR,FR,15.75,SNCF,day,0.04899697674418605,0.151,0.7717023837209303,2.37825,1.6065476162790697,90.3,Back-on-Track 2022,2026-03-22,3.081822798748855,0,short
P817,Bitche Quartier Driant,Niederbronn Les Bains,day,Bitche Quartier Driant → Niederbronn les Bains,FR,FR,17.27,SNCF,day,0.04899697674418605,0.151,0.8461777883720931,2.60777,1.7615922116279068,90.4,Back-on-Track 2022,2026-03-22,3.0818227987488545,0,short
P838,Bitche Quartier Driant,Sarreguemines,day,Bitche Quartier Driant → Sarreguemines,FR,FR,28.83,SNCF,day,0.04899697674418605,0.151,1.4125828395348838,4.35333,2.940747160465116,90.4,Back-on-Track 2022,2026-03-22,3.0818227987488545,0,short
P17,Blere La Croix,Saint Pierre Des Corps,day,Blere la Croix → Saint Pierre des Corps,FR,FR,20.61,SNCF,day,0.04899697674418605,0.151,1.0098276906976744,3.11211,2.1022823093023257,90.2,Back-on-Track 2022,2026-03-22,3.081822798748855,0,short
P17,Blere La Croix,Tours,day,Blere la Croix → Tours,FR,FR,22.96,SNCF,day,0.04899697674418605,0.151,1.1249705860465118,3.46696,2.3419894139534883,90.3,Back-on-Track 2022,2026-03-22,3.0818227987488545,0,short
P16,Orleans,Blois Chambord,day,Orleans → Blois Chambord,FR,FR,56.3,SNCF,day,0.04899697674418605,0.151,2.7585297906976747,8.501299999999999,5.742770209302324,90.3,Back-on-Track 2022,2026-03-22,3.081822798748854,0,short
P6,Tours,Blois Chambord,day,Tours → Blois Chambord,FR,FR,52.16,SNCF,day,0.04899697674418605,0.151,2.555682306976744,7.87616,5.320477693023255,90.3,Back-on-Track 2022,2026-03-22,3.081822798748855,0,short
A18,Bludenz Bahnhof,Innsbruck Hauptbahnhof,night,Bludenz → Innsbruck,AT,AT,120.45,ÖBB,night,0.04899697674418605,0.151,5.90168584883721,18.18795,12.28626415116279,90.3,Back-on-Track 2022,2026-03-22,3.081822798748855,0,short
S2,Bludenz,Schaan Vaduz,day,Bludenz → Schaan Vaduz,CH,CH,23.24,ÖBB (Österreichische Bundesbahnen),day,0.04899697674418605,0.151,1.1386897395348838,3.5092399999999997,2.370550260465116,90.1,Back-on-Track 2022,2026-03-22,3.0818227987488545,0,short
RB,Dettenhausen,Boblingen,day,Dettenhausen → Boblingen,CH,CH,11.15,VHB (FPLAN VHB SBP),day,0.04899697674418605,0.151,0.5463162906976745,1.68365,1.1373337093023257,90.1,Back-on-Track 2022,2026-03-22,3.0818227987488545,0,short
Böblingen → Konstanz,Boblingen,Konstanz,day,Boblingen → Konstanz,DE,DE,115.14,DB,day,0.04899697674418605,0.151,5.641511902325582,17.38614,11.744628097674418,90.3,Back-on-Track 2022,2026-03-22,3.081822798748855,0,short
Böblingen → Singen(Hohentwiel),Boblingen,Singen Hohentwiel,day,Boblingen → Singen Hohentwiel,DE,DE,104.05,DB,day,0.04899697674418605,0.151,5.098135430232558,15.711549999999999,10.613414569767441,90.3,Back-on-Track 2022,2026-03-22,3.081822798748855,0,short
C20,Saint Etienne Chateaucreux,Boen,day,Saint Etienne Chateaucreux → Boen,FR,FR,45.18,SNCF,day,0.04899697674418605,0.151,2.213683409302326,6.8221799999999995,4.608496590697674,90.3,Back-on-Track 2022,2026-03-22,3.0818227987488545,0,short
P70,Boen,St Etienne Chatcrx G Routiere,day,Boen → St Etienne Chatcrx G,FR,FR,45.31,SNCF,day,0.04899697674418605,0.151,2.22005301627907,6.84181,4.62175698372093,90.3,Back-on-Track 2022,2026-03-22,3.0818227987488545,0,short
P72,Bois D Oingt,Lozanne,day,Bois d Oingt → Lozanne,FR,FR,10.57,SNCF,day,0.04899697674418605,0.151,0.5178980441860466,1.59607,1.0781719558139535,90.1,Back-on-Track 2022,2026-03-22,3.081822798748855,0,short
Bologna Centrale → München Hbf,Bologna Centrale,Munchen Hbf,day,Bologna → Munchen,DE,DE,404.43,DB,day,0.04899697674418605,0.151,19.815847304651165,61.06893,41.25308269534884,90.3,Back-on-Track 2022,2026-03-22,3.081822798748855,0,short
München Hbf Gl.5-10 → Bologna Centrale,Munchen Hbf Gl 5 10,Bologna Centrale,day,Munchen Gl 5 10 → Bologna,DE,DE,404.4,DB,day,0.04899697674418605,0.151,19.81437739534884,61.06439999999999,41.25002260465115,90.3,Back-on-Track 2022,2026-03-22,3.0818227987488545,0,short
R,Delemont,Bonfol,day,Delemont → Bonfol,CH,CH,19.28,SBB (Schweizerische Bundesbahnen SBB),day,0.04899697674418605,0.151,0.9446617116279071,2.91128,1.9666182883720928,90.3,Back-on-Track 2022,2026-03-22,3.0818227987488545,0,short
Bonn-Bad Godesberg → Emden Hbf,Bonn Bad Godesberg,Emden Hbf,day,Bonn Bad Godesberg → Emden,DE,DE,298.58,DB,day,0.04899697674418605,0.151,14.62951731627907,45.08557999999999,30.456062683720923,90.3,Back-on-Track 2022,2026-03-22,3.0818227987488545,0,short
Bonn-Bad Godesberg → Leer(Ostfriesl),Bonn Bad Godesberg,Leer Ostfriesl,day,Bonn Bad Godesberg → Leer Ostfriesl,DE,DE,284.07,DB,day,0.04899697674418605,0.151,13.918571183720932,42.894569999999995,28.975998816279063,90.3,Back-on-Track 2022,2026-03-22,3.081822798748854,0,short
Bonn-Bad Godesberg → Münster(Westf)Hbf,Bonn Bad Godesberg,Munster Westf Hbf,day,Bonn Bad Godesberg → Munster Westf,DE,DE,145.33,DB,day,0.04899697674418605,0.151,7.1207306302325595,21.94483,14.82409936976744,90.3,Back-on-Track 2022,2026-03-22,3.0818227987488545,0,short
Norddeich Mole → Bonn-Bad Godesberg,Norddeich Mole,Bonn Bad Godesberg,day,Norddeich Mole → Bonn Bad Godesberg,DE,DE,326.96,DB,day,0.04899697674418605,0.151,16.02005151627907,49.37096,33.35090848372093,90.3,Back-on-Track 2022,2026-03-22,3.0818227987488545,0,short
ICE 19,Bonn Hbf,Hannover Hbf,day,Bonn → Hannover,DE,DE,258.56,DB,day,0.04899697674418605,0.151,12.668658306976745,39.04256,26.373901693023257,90.3,Back-on-Track 2022,2026-03-22,3.081822798748855,0,short
P77,Seurre,Saint Bonnet En Bresse,day,Seurre → Saint Bonnet En Bresse,FR,FR,15.78,SNCF,day,0.04899697674418605,0.151,0.7731722930232559,2.38278,1.609607706976744,90.3,Back-on-Track 2022,2026-03-22,3.0818227987488545,0,short
E12,Bonneville,Chambery Challes Les Eaux,day,Bonneville → Chambery Challes les Eaux,FR,FR,68.22,SNCF,day,0.04899697674418605,0.151,3.3425737534883724,10.301219999999999,6.958646246511627,90.2,Back-on-Track 2022,2026-03-22,3.0818227987488545,0,short
E04,Bonneville,Lyon Part Dieu Gare Routiere,day,Bonneville → Lyon Part Dieu,FR,FR,125.22,SNCF,day,0.04899697674418605,0.151,6.135401427906977,18.90822,12.772818572093023,90.3,Back-on-Track 2022,2026-03-22,3.0818227987488545,0,short
S5,Pfaffikon Sz,Bonstetten Wettswil,day,Pfaffikon Sz → Bonstetten Wettswil,CH,CH,27.09,SBB (Schweizerische Bundesbahnen SBB),day,0.04899697674418605,0.151,1.3273281000000001,4.09059,2.7632619,90.3,Back-on-Track 2022,2026-03-22,3.0818227987488545,0,short
S5,Bonstetten Wettswil,Rapperswil Sg,day,Bonstetten Wettswil → Rapperswil Sg,CH,CH,28.59,SBB (Schweizerische Bundesbahnen SBB),day,0.04899697674418605,0.151,1.4008235651162793,4.317089999999999,2.9162664348837204,90.3,Back-on-Track 2022,2026-03-22,3.081822798748854,0,short
S5,Bonstetten Wettswil,Zug,day,Bonstetten Wettswil → Zug,CH,CH,17.29,SBB (Schweizerische Bundesbahnen SBB),day,0.04899697674418605,0.151,0.8471577279069767,2.6107899999999997,1.763632272093023,90.4,Back-on-Track 2022,2026-03-22,3.0818227987488545,0,short
L32,Brive La Gaillarde,Bordeaux Saint Jean,night,Brive la Gaillarde → Bordeaux Saint Jean,FR,FR,167.96,SNCF,night,0.04899697674418605,0.151,8.22953221395349,25.36196,17.13242778604651,90.3,Back-on-Track 2022,2026-03-22,3.081822798748854,0,short
F41+,Coutras,Bordeaux Saint Jean,day,Coutras → Bordeaux Saint Jean,FR,FR,40.87,SNCF,day,0.04899697674418605,0.151,2.002506439534884,6.17137,4.168863560465116,90.3,Back-on-Track 2022,2026-03-22,3.0818227987488545,0,short
L51,Hendaye,Bordeaux Saint Jean,night,Hendaye → Bordeaux Saint Jean,FR,FR,190.76,SNCF,night,0.04899697674418605,0.151,9.34666328372093,28.804759999999998,19.458096716279066,90.3,Back-on-Track 2022,2026-03-22,3.0818227987488545,0,short
D15,La Rochelle,Bordeaux Saint Jean,night,la Rochelle → Bordeaux Saint Jean,FR,FR,154.52,SNCF,night,0.04899697674418605,0.151,7.571012846511629,23.332520000000002,15.761507153488374,90.3,Back-on-Track 2022,2026-03-22,3.081822798748855,0,short
D15,La Rochelle Porte Dauphine,Bordeaux Saint Jean,day,la Rochelle Porte Dauphine → Bordeaux Saint Jean,FR,FR,156.24,SNCF,day,0.04899697674418605,0.151,7.655287646511629,23.59224,15.936952353488373,90.3,Back-on-Track 2022,2026-03-22,3.081822798748855,0,short
D44,Langon,Bordeaux Saint Jean,day,Langon → Bordeaux Saint Jean,FR,FR,38.36,SNCF,day,0.04899697674418605,0.151,1.879524027906977,5.7923599999999995,3.9128359720930224,90.2,Back-on-Track 2022,2026-03-22,3.0818227987488545,0,short
L42,Bordeaux Saint Jean,Le Verdon,day,Bordeaux Saint Jean → le Verdon,FR,FR,89.76,SNCF,day,0.04899697674418605,0.151,4.39796863255814,13.55376,9.15579136744186,90.3,Back-on-Track 2022,2026-03-22,3.081822798748855,0,short
L42,Lesparre,Bordeaux Saint Jean,day,Lesparre → Bordeaux Saint Jean,FR,FR,61.27,SNCF,day,0.04899697674418605,0.151,3.0020447651162794,9.25177,6.249725234883721,90.2,Back-on-Track 2022,2026-03-22,3.081822798748855,0,short
F41+,Libourne,Bordeaux Saint Jean,day,Libourne → Bordeaux Saint Jean,FR,FR,27.16,SNCF,day,0.04899697674418605,0.151,1.3307578883720932,4.10116,2.7704021116279067,90.3,Back-on-Track 2022,2026-03-22,3.0818227987488545,0,short
003A,Bordeaux Saint Jean,Lille Europe,day,Bordeaux Saint Jean → Lille Europe,FR,FR,700.98,SNCF,day,0.04899697674418605,0.151,34.345900758139535,105.84797999999999,71.50207924186046,90.3,Back-on-Track 2022,2026-03-22,3.0818227987488545,0,medium
003A,Bordeaux Saint Jean,Lille Flandres,night,Bordeaux Saint Jean → Lille Flandres,FR,FR,700.52,SNCF,night,0.04899697674418605,0.151,34.32336214883721,105.77852,71.4551578511628,90.3,Back-on-Track 2022,2026-03-22,3.081822798748855,0,medium
L31,Limoges Benedictins,Bordeaux Saint Jean,night,Limoges Benedictins → Bordeaux Saint Jean,FR,FR,181.52,SNCF,night,0.04899697674418605,0.151,8.893931218604653,27.40952,18.515588781395348,90.3,Back-on-Track 2022,2026-03-22,3.0818227987488545,0,short
D52,Lourdes,Bordeaux Saint Jean,day,Lourdes → Bordeaux Saint Jean,FR,FR,196.23,SNCF,day,0.04899697674418605,0.151,9.614676746511629,29.630729999999996,20.016053253488366,90.3,Back-on-Track 2022,2026-03-22,3.0818227987488545,0,short
F42,Macau,Bordeaux Saint Jean,day,Macau → Bordeaux Saint Jean,FR,FR,20.44,SNCF,day,0.04899697674418605,0.151,1.001498204651163,3.08644,2.084941795348837,90.1,Back-on-Track 2022,2026-03-22,3.0818227987488545,0,short
F43,Saint Mariens Saint Yzan,Bordeaux Saint Jean,day,Saint Mariens Saint Yzan → Bordeaux Saint Jean,FR,FR,37.16,SNCF,day,0.04899697674418605,0.151,1.8207276558139536,5.611159999999999,3.7904323441860455,90.3,Back-on-Track 2022,2026-03-22,3.0818227987488545,0,short
F44,Bordeaux Saint Jean,Marmande,day,Bordeaux Saint Jean → Marmande,FR,FR,67.63,SNCF,day,0.04899697674418605,0.151,3.3136655372093022,10.212129999999998,6.898464462790696,90.2,Back-on-Track 2022,2026-03-22,3.0818227987488545,0,short
180A,Bordeaux Saint Jean,Marseille Saint Charles,day,Bordeaux Saint Jean → Marseille Saint Charles,FR,FR,503.56,SNCF,day,0.04899697674418605,0.151,24.672917609302328,76.03756,51.36464239069767,90.3,Back-on-Track 2022,2026-03-22,3.0818227987488545,0,medium
D45,Mont De Marsan,Bordeaux Saint Jean,night,Mont de Marsan → Bordeaux Saint Jean,FR,FR,104.71,SNCF,night,0.04899697674418605,0.151,5.130473434883721,15.811209999999999,10.680736565116277,90.3,Back-on-Track 2022,2026-03-22,3.0818227987488545,0,short
591A,Nantes,Bordeaux Saint Jean,day,Nantes → Bordeaux Saint Jean,FR,FR,276.6,SNCF,day,0.04899697674418605,0.151,13.552563767441862,41.766600000000004,28.214036232558144,90.3,Back-on-Track 2022,2026-03-22,3.081822798748855,0,short
180A,Nimes Centre,Bordeaux Saint Jean,day,Nimes Centre → Bordeaux Saint Jean,FR,FR,406.76,SNCF,day,0.04899697674418605,0.151,19.930010260465117,61.420759999999994,41.49074973953488,90.3,Back-on-Track 2022,2026-03-22,3.0818227987488545,0,short
INCONNU,Paris Austerlitz,Bordeaux Saint Jean,day,Paris Austerlitz → Bordeaux Saint Jean,FR,FR,498.75,OCEdefault,day,0.04899697674418605,0.151,24.437242151162792,75.31125,50.87400784883721,90.3,Back-on-Track 2022,2026-03-22,3.081822798748855,0,short
INCONNU,Paris Bercy Bourg Pays D Auv,Bordeaux Saint Jean,day,Paris Bercy Bourg Pays d Auv → Bordeaux Saint Jean,FR,FR,499.06,OCEdefault,day,0.04899697674418605,0.151,24.452431213953492,75.35806,50.905628786046506,90.3,Back-on-Track 2022,2026-03-22,3.0818227987488545,0,short
INCONNU,Bordeaux Saint Jean,Paris Montparnasse Hall 1 2,night,Bordeaux Saint Jean → Paris Montparnasse Hall 1 2,FR,FR,497.15,OCEdefault,night,0.04899697674418605,0.151,24.358846988372093,75.06965,50.7108030116279,90.3,Back-on-Track 2022,2026-03-22,3.081822798748855,0,short
L52,Pau,Bordeaux Saint Jean,night,Pau → Bordeaux Saint Jean,FR,FR,171.24,SNCF,night,0.04899697674418605,0.151,8.390242297674419,25.85724,17.466997702325582,90.3,Back-on-Track 2022,2026-03-22,3.081822798748855,0,short
L42,Bordeaux Saint Jean,Pauillac,day,Bordeaux Saint Jean → Pauillac,FR,FR,44.82,SNCF,day,0.04899697674418605,0.151,2.1960444976744187,6.7678199999999995,4.571775502325581,90.2,Back-on-Track 2022,2026-03-22,3.0818227987488545,0,short
L31,Perigueux,Bordeaux Saint Jean,night,Perigueux → Bordeaux Saint Jean,FR,FR,107.24,SNCF,night,0.04899697674418605,0.151,5.254435786046511,16.19324,10.938804213953489,90.3,Back-on-Track 2022,2026-03-22,3.081822798748855,0,short
L16,Royan,Bordeaux Saint Jean,day,Royan → Bordeaux Saint Jean,FR,FR,95.97,SNCF,day,0.04899697674418605,0.151,4.702239858139535,14.49147,9.789230141860465,90.3,Back-on-Track 2022,2026-03-22,3.081822798748855,0,short
L15,Bordeaux Saint Jean,Saintes,night,Bordeaux Saint Jean → Saintes,FR,FR,102.73,SNCF,night,0.04899697674418605,0.151,5.0334594209302335,15.51223,10.478770579069767,90.3,Back-on-Track 2022,2026-03-22,3.0818227987488545,0,short
D33,Bordeaux Saint Jean,Sarlat,day,Bordeaux Saint Jean → Sarlat,FR,FR,140.21,SNCF,day,0.04899697674418605,0.151,6.869866109302326,21.17171,14.301843890697675,90.3,Back-on-Track 2022,2026-03-22,3.081822798748855,0,short
061C,Bordeaux Saint Jean,Strasbourg,day,Bordeaux Saint Jean → Strasbourg,FR,FR,757.21,SNCF,day,0.04899697674418605,0.151,37.10100076046512,114.33871,77.2377092395349,90.3,Back-on-Track 2022,2026-03-22,3.081822798748855,0,medium
L52,Tarbes,Bordeaux Saint Jean,night,Tarbes → Bordeaux Saint Jean,FR,FR,183.32,SNCF,night,0.04899697674418605,0.151,8.982125776744187,27.68132,18.699194223255812,90.3,Back-on-Track 2022,2026-03-22,3.0818227987488545,0,short
180A,Bordeaux Saint Jean,Toulouse Matabiau,day,Bordeaux Saint Jean → Toulouse Matabiau,FR,FR,209.53,SNCF,day,0.04899697674418605,0.151,10.266336537209304,31.639029999999998,21.372693462790693,90.3,Back-on-Track 2022,2026-03-22,3.0818227987488545,0,short
533B,Tourcoing,Bordeaux Saint Jean,night,Tourcoing → Bordeaux Saint Jean,FR,FR,711.5,SNCF,night,0.04899697674418605,0.151,34.861348953488374,107.4365,72.57515104651162,90.3,Back-on-Track 2022,2026-03-22,3.0818227987488545,0,medium
L32,Bordeaux Saint Jean,Tulle,day,Bordeaux Saint Jean → Tulle,FR,FR,188.0,SNCF,day,0.04899697674418605,0.151,9.211431627906977,28.387999999999998,19.176568372093023,90.3,Back-on-Track 2022,2026-03-22,3.0818227987488545,0,short
TGV,Bordeaux St Jean,Strasbourg,day,Bordeaux St Jean → Strasbourg,CH,CH,757.2,SNCF (Société Nationale des Chemins de fer Français),day,0.04899697674418605,0.151,37.10051079069768,114.33720000000001,77.23668920930233,90.3,Back-on-Track 2022,2026-03-22,3.0818227987488545,0,medium
INCONNU,Bort Les Orgues,Ussel,day,Bort les Orgues → Ussel,FR,FR,22.29,OCEdefault,day,0.04899697674418605,0.151,1.092142611627907,3.3657899999999996,2.2736473883720927,90.3,Back-on-Track 2022,2026-03-22,3.081822798748855,0,short
K21,Calais Ville,Boulogne Sur Mer,day,Calais Ville → Boulogne Sur Mer,FR,FR,31.41,SNCF,day,0.04899697674418605,0.151,1.538995039534884,4.74291,3.2039149604651165,90.3,Back-on-Track 2022,2026-03-22,3.0818227987488545,0,short
K94+,Boulogne Sur Mer,Lille Europe,night,Boulogne Sur Mer → Lille Europe,FR,FR,103.64,SNCF,night,0.04899697674418605,0.151,5.078046669767442,15.64964,10.571593330232558,90.3,Back-on-Track 2022,2026-03-22,3.081822798748855,0,short
261E,Boulogne Sur Mer,Paris Gare Du Nord,day,Boulogne Sur Mer → Paris du Nord,FR,FR,210.98,SNCF,day,0.04899697674418605,0.151,10.337382153488372,31.857979999999998,21.520597846511627,90.3,Back-on-Track 2022,2026-03-22,3.081822798748855,0,short
E16,Bourg En Bresse Gare Routiere,Chambery Challes Les Eaux,day,Bourg En Bresse → Chambery Challes les Eaux,FR,FR,88.6,SNCF,day,0.04899697674418605,0.151,4.341132139534884,13.378599999999999,9.037467860465114,90.3,Back-on-Track 2022,2026-03-22,3.0818227987488545,0,short
C23,Bourg En Bresse Gare Routiere,Lyon Part Dieu Gare Routiere,day,Bourg En Bresse → Lyon Part Dieu,FR,FR,55.84,SNCF,day,0.04899697674418605,0.151,2.7359911813953492,8.431840000000001,5.695848818604652,90.3,Back-on-Track 2022,2026-03-22,3.081822798748855,0,short
P13,Bourg En Bresse Gare Routiere,Macon,day,Bourg En Bresse → Macon,FR,FR,32.14,SNCF,day,0.04899697674418605,0.151,1.5747628325581398,4.85314,3.2783771674418603,90.3,Back-on-Track 2022,2026-03-22,3.0818227987488545,0,short
P7,Bourg En Bresse,Dijon,night,Bourg En Bresse → Dijon,FR,FR,125.72,SNCF,night,0.04899697674418605,0.151,6.159899916279071,18.983719999999998,12.823820083720928,90.3,Back-on-Track 2022,2026-03-22,3.081822798748854,0,short
P33,Lons Le Saunier,Bourg En Bresse,day,Lons le Saunier → Bourg En Bresse,FR,FR,58.11,SNCF,day,0.04899697674418605,0.151,2.8472143186046512,8.77461,5.927395681395348,90.3,Back-on-Track 2022,2026-03-22,3.0818227987488545,0,short
C23,Bourg En Bresse,Lyon Part Dieu,day,Bourg En Bresse → Lyon Part Dieu,FR,FR,56.07,SNCF,day,0.04899697674418605,0.151,2.7472604860465117,8.466569999999999,5.719309513953487,90.3,Back-on-Track 2022,2026-03-22,3.0818227987488545,0,short
C23,Lyon Perrache,Bourg En Bresse,day,Lyon Perrache → Bourg En Bresse,FR,FR,58.54,SNCF,day,0.04899697674418605,0.151,2.8682830186046515,8.83954,5.9712569813953476,90.3,Back-on-Track 2022,2026-03-22,3.0818227987488545,0,short
TER,Bourg En Bresse,Lyon Vaise,day,Bourg En Bresse → Lyon Vaise,CH,CH,56.45,SNCF (Société Nationale des Chemins de fer Français),day,0.04899697674418605,0.151,2.7658793372093027,8.523950000000001,5.758070662790699,90.3,Back-on-Track 2022,2026-03-22,3.081822798748855,0,short
P13,Bourg En Bresse,Macon,day,Bourg En Bresse → Macon,FR,FR,32.09,SNCF,day,0.04899697674418605,0.151,1.5723129837209304,4.8455900000000005,3.27327701627907,90.3,Back-on-Track 2022,2026-03-22,3.081822798748855,0,short
P55,Bourg En Bresse,Oyonnax,day,Bourg En Bresse → Oyonnax,FR,FR,34.36,SNCF,day,0.04899697674418605,0.151,1.6835361209302326,5.188359999999999,3.504823879069767,90.3,Back-on-Track 2022,2026-03-22,3.0818227987488545,0,short
P77,Bourg En Bresse,Seurre,day,Bourg En Bresse → Seurre,FR,FR,88.68,SNCF,day,0.04899697674418605,0.151,4.345051897674419,13.390680000000001,9.045628102325583,90.3,Back-on-Track 2022,2026-03-22,3.081822798748855,0,short
081G,Brest,Bourg Saint Maurice,day,Brest → Bourg Saint Maurice,FR,FR,906.01,SNCF,day,0.04899697674418605,0.151,44.391750900000005,136.80751,92.4157591,90.3,Back-on-Track 2022,2026-03-22,3.081822798748855,0,medium
K41,Chambery Challes Les Eaux,Bourg Saint Maurice,day,Chambery Challes les Eaux → Bourg Saint Maurice,FR,FR,66.48,SNCF,day,0.04899697674418605,0.151,3.257319013953489,10.03848,6.781160986046511,90.3,Back-on-Track 2022,2026-03-22,3.0818227987488545,0,short
E09,Bourg Saint Maurice,Grenoble,day,Bourg Saint Maurice → Grenoble,FR,FR,95.16,SNCF,day,0.04899697674418605,0.151,4.662552306976744,14.369159999999999,9.706607693023255,90.3,Back-on-Track 2022,2026-03-22,3.0818227987488545,0,short
081G,Le Havre,Bourg Saint Maurice,day,le Havre → Bourg Saint Maurice,FR,FR,658.57,SNCF,day,0.04899697674418605,0.151,32.26793897441861,99.44407000000001,67.1761310255814,90.3,Back-on-Track 2022,2026-03-22,3.0818227987488545,0,medium
001G,Lille Flandres,Bourg Saint Maurice,night,Lille Flandres → Bourg Saint Maurice,FR,FR,621.7,SNCF,night,0.04899697674418605,0.151,30.46142044186047,93.8767,63.41527955813953,90.3,Back-on-Track 2022,2026-03-22,3.0818227987488545,0,medium
K41,Bourg Saint Maurice,Lyon Part Dieu,night,Bourg Saint Maurice → Lyon Part Dieu,FR,FR,149.33,SNCF,night,0.04899697674418605,0.151,7.3167185372093035,22.548830000000002,15.232111462790698,90.3,Back-on-Track 2022,2026-03-22,3.081822798748855,0,short
P41,Bourg Saint Maurice,Moutiers Salins Brides Les B,day,Bourg Saint Maurice → Moutiers Salins Brides les B,FR,FR,23.79,SNCF,day,0.04899697674418605,0.151,1.165638076744186,3.5922899999999998,2.4266519232558137,90.4,Back-on-Track 2022,2026-03-22,3.0818227987488545,0,short
081G,Nantes,Bourg Saint Maurice,night,Nantes → Bourg Saint Maurice,FR,FR,661.23,SNCF,night,0.04899697674418605,0.151,32.39827093255814,99.84573,67.44745906744186,90.3,Back-on-Track 2022,2026-03-22,3.081822798748855,0,medium
TGV,Bourg Saint Maurice,Paris Gare De Lyon,day,Bourg Saint Maurice → Paris de Lyon,CH,CH,488.64,SNCF (Société Nationale des Chemins de fer Français),day,0.04899697674418605,0.151,23.94188271627907,73.78464,49.84275728372093,90.3,Back-on-Track 2022,2026-03-22,3.0818227987488545,0,short
621F,Paris Gare De Lyon Hall 1 2,Bourg Saint Maurice,night,Paris de Lyon Hall 1 2 → Bourg Saint Maurice,FR,FR,488.64,SNCF,night,0.04899697674418605,0.151,23.94188271627907,73.78464,49.84275728372093,90.3,Back-on-Track 2022,2026-03-22,3.0818227987488545,0,short
081G,Bourg Saint Maurice,Quimper,day,Bourg Saint Maurice → Quimper,FR,FR,867.09,SNCF,day,0.04899697674418605,0.151,42.48478856511628,130.93059,88.44580143488372,90.3,Back-on-Track 2022,2026-03-22,3.0818227987488545,0,medium
081G,Rennes,Bourg Saint Maurice,day,Rennes → Bourg Saint Maurice,FR,FR,698.44,SNCF,day,0.04899697674418605,0.151,34.22144843720931,105.46444000000001,71.2429915627907,90.3,Back-on-Track 2022,2026-03-22,3.0818227987488545,0,medium
P32,Commentry,Bourges,day,Commentry → Bourges,FR,FR,92.68,SNCF,day,0.04899697674418605,0.151,4.541039804651163,13.99468,9.453640195348838,90.3,Back-on-Track 2022,2026-03-22,3.081822798748855,0,short
P132,Montlucon,Bourges,day,Montlucon → Bourges,FR,FR,85.46,SNCF,day,0.04899697674418605,0.151,4.18728163255814,12.904459999999998,8.717178367441859,90.3,Back-on-Track 2022,2026-03-22,3.0818227987488545,0,short
TER,Bourges,Nevers,day,Bourges → Nevers,CH,CH,58.49,SNCF (Société Nationale des Chemins de fer Français),day,0.04899697674418605,0.151,2.865833169767442,8.83199,5.966156830232557,90.3,Back-on-Track 2022,2026-03-22,3.0818227987488545,0,short
K5+,Bourges,Orleans,day,Bourges → Orleans,FR,FR,97.69,SNCF,day,0.04899697674418605,0.151,4.786514658139535,14.75119,9.964675341860463,90.3,Back-on-Track 2022,2026-03-22,3.0818227987488545,0,short
K5+,Bourges,Paris Austerlitz,day,Bourges → Paris Austerlitz,FR,FR,194.4,SNCF,day,0.04899697674418605,0.151,9.525012279069768,29.3544,19.829387720930228,90.3,Back-on-Track 2022,2026-03-22,3.0818227987488545,0,short
K5+,Bourges,Paris Bercy Bourg Pays D Auv,day,Bourges → Paris Bercy Bourg Pays d Auv,FR,FR,194.05,SNCF,day,0.04899697674418605,0.151,9.507863337209304,29.301550000000002,19.793686662790698,90.3,Back-on-Track 2022,2026-03-22,3.0818227987488545,0,short
P7,Bourges,Tours,night,Bourges → Tours,FR,FR,132.58,SNCF,night,0.04899697674418605,0.151,6.496019176744187,20.01958,13.523560823255814,90.3,Back-on-Track 2022,2026-03-22,3.081822798748855,0,short
P14,Vierzon,Bourges,day,Vierzon → Bourges,FR,FR,29.25,SNCF,day,0.04899697674418605,0.151,1.433161569767442,4.4167499999999995,2.9835884302325573,90.3,Back-on-Track 2022,2026-03-22,3.0818227987488545,0,short
K3,Bourgoin Jallieu,Chambery Challes Les Eaux,day,Bourgoin Jallieu → Chambery Challes les Eaux,FR,FR,50.31,SNCF,day,0.04899697674418605,0.151,2.4650379000000004,7.5968100000000005,5.1317721,90.3,Back-on-Track 2022,2026-03-22,3.0818227987488545,0,short
K6,Grenoble,Bourgoin Jallieu,day,Grenoble → Bourgoin Jallieu,FR,FR,55.49,SNCF,day,0.04899697674418605,0.151,2.718842239534884,8.37899,5.660147760465116,90.2,Back-on-Track 2022,2026-03-22,3.081822798748855,0,short
K6,Bourgoin Jallieu,Grenoble Europole,day,Bourgoin Jallieu → Grenoble Europole,FR,FR,55.55,SNCF,day,0.04899697674418605,0.151,2.721782058139535,8.38805,5.666267941860465,90.2,Back-on-Track 2022,2026-03-22,3.0818227987488545,0,short
K5,Lourdes,Boussens,day,Lourdes → Boussens,FR,FR,82.8,SNCF,day,0.04899697674418605,0.151,4.056949674418605,12.502799999999999,8.445850325581393,90.3,Back-on-Track 2022,2026-03-22,3.0818227987488545,0,short
K5,Luchon,Boussens,day,Luchon → Boussens,FR,FR,52.36,SNCF,day,0.04899697674418605,0.151,2.5654817023255814,7.906359999999999,5.3408782976744185,90.3,Back-on-Track 2022,2026-03-22,3.081822798748855,0,short
C5,Boussens,Muret,day,Boussens → Muret,FR,FR,42.62,SNCF,day,0.04899697674418605,0.151,2.0882511488372093,6.435619999999999,4.3473688511627895,90.2,Back-on-Track 2022,2026-03-22,3.0818227987488545,0,short
K5,Boussens,Pau,day,Boussens → Pau,FR,FR,109.44,SNCF,day,0.04899697674418605,0.151,5.362229134883721,16.52544,11.163210865116278,90.3,Back-on-Track 2022,2026-03-22,3.081822798748855,0,short
K5,Boussens,Tarbes,day,Boussens → Tarbes,FR,FR,73.5,SNCF,day,0.04899697674418605,0.151,3.6012777906976745,11.0985,7.4972222093023255,90.3,Back-on-Track 2022,2026-03-22,3.081822798748855,0,short
C5,Toulouse Matabiau,Boussens,day,Toulouse Matabiau → Boussens,FR,FR,61.76,SNCF,day,0.04899697674418605,0.151,3.0260532837209304,9.325759999999999,6.2997067162790685,90.3,Back-on-Track 2022,2026-03-22,3.0818227987488545,0,short
P831,Bouzonville Institut Providenc,Thionville,day,Bouzonville Institut Providenc → Thionville,FR,FR,27.18,SNCF,day,0.04899697674418605,0.151,1.331737827906977,4.1041799999999995,2.7724421720930224,90.3,Back-on-Track 2022,2026-03-22,3.081822798748854,0,short
P831,Bouzonville,Thionville,day,Bouzonville → Thionville,FR,FR,27.1,SNCF,day,0.04899697674418605,0.151,1.327818069767442,4.0921,2.764281930232558,90.3,Back-on-Track 2022,2026-03-22,3.081822798748855,0,short
A13,Kosice,Bratislava Hlavna Stanica,night,Kosice → Bratislava Hlavna Stanica,AT,AT,313.34,ÖBB,night,0.04899697674418605,0.151,15.352712693023255,47.314339999999994,31.961627306976737,90.3,Back-on-Track 2022,2026-03-22,3.081822798748855,0,short
A92,Sentilj Zelezniska Postaja,Bratislava Hlavna Stanica,night,Sentilj Zelezniska Postaja → Bratislava Hlavna Stanica,AT,AT,197.77,ÖBB,night,0.04899697674418605,0.151,9.690132090697675,29.86327,20.173137909302326,90.3,Back-on-Track 2022,2026-03-22,3.0818227987488545,0,short
P14,Breaute Beuzeville,Fecamp,day,Breaute Beuzeville → Fecamp,FR,FR,17.6,SNCF,day,0.04899697674418605,0.151,0.8623467906976746,2.6576,1.7952532093023255,90.1,Back-on-Track 2022,2026-03-22,3.081822798748854,0,short
CZ3,Breclav,Decin Hlavni Nadrazi,night,Breclav → Decin Hlavni Nadrazi,AT,AT,296.3,ÖBB,night,0.04899697674418605,0.151,14.517804209302327,44.7413,30.223495790697676,90.3,Back-on-Track 2022,2026-03-22,3.081822798748855,0,short
A1,Breclav,Freilassing Bahnhof,night,Breclav → Freilassing,AT,AT,307.11,ÖBB,night,0.04899697674418605,0.151,15.047461527906979,46.37361,31.32614847209302,90.3,Back-on-Track 2022,2026-03-22,3.0818227987488545,0,short
A12,Breclav,Graz Hbf 1B E,night,Breclav → Graz 1b E,AT,AT,216.94,ÖBB,night,0.04899697674418605,0.151,10.629404134883721,32.75794,22.128535865116277,90.3,Back-on-Track 2022,2026-03-22,3.0818227987488545,0,short
A12-1,Graz Hbf 2,Breclav,night,Graz 2 → Breclav,AT,AT,216.92,ÖBB,night,0.04899697674418605,0.151,10.628424195348838,32.75492,22.12649580465116,90.3,Back-on-Track 2022,2026-03-22,3.0818227987488545,0,short
A12,Breclav,Graz Hbf 6,night,Breclav → Graz 6,AT,AT,216.95,ÖBB,night,0.04899697674418605,0.151,10.629894104651163,32.759449999999994,22.12955589534883,90.3,Back-on-Track 2022,2026-03-22,3.0818227987488545,0,short
A14,Linz Donau Hauptbahnhof 8,Breclav,night,Linz Donau 8 → Breclav,AT,AT,198.36,ÖBB,night,0.04899697674418605,0.151,9.719040306976746,29.952360000000002,20.233319693023255,90.3,Back-on-Track 2022,2026-03-22,3.0818227987488545,0,short
A14,Breclav,Salzburg Hauptbahnhof,night,Breclav → Salzburg,AT,AT,303.24,ÖBB,night,0.04899697674418605,0.151,14.857843227906978,45.78924,30.931396772093024,90.3,Back-on-Track 2022,2026-03-22,3.081822798748855,0,short
RJ,Wien Hbf,Breclav,day,Wien → Breclav,DE,DE,73.81,ÖBB,day,0.04899697674418605,0.151,3.6164668534883724,11.14531,7.528843146511628,90.3,Back-on-Track 2022,2026-03-22,3.081822798748855,0,short
REX1,Wiener Neustadt Hauptbahnhof,Breclav,night,Wiener Neustadt → Breclav,AT,AT,115.71,ÖBB,night,0.04899697674418605,0.151,5.669440179069768,17.472209999999997,11.80276982093023,90.3,Back-on-Track 2022,2026-03-22,3.0818227987488545,0,short
A3,Bregenz Bahnhof,Flughafen Wien Bahnhof,night,Bregenz → Flughafen Wien,AT,AT,513.95,ÖBB,night,0.04899697674418605,0.151,25.181996197674422,77.60645000000001,52.42445380232559,90.3,Back-on-Track 2022,2026-03-22,3.081822798748855,0,medium
A3,Hegyeshalom Palyaudvar,Bregenz Bahnhof,night,Hegyeshalom Palyaudvar → Bregenz,AT,AT,555.78,ÖBB,night,0.04899697674418605,0.151,27.23153973488372,83.92277999999999,56.691240265116264,90.3,Back-on-Track 2022,2026-03-22,3.0818227987488545,0,medium
A3,Bregenz Bahnhof,Innsbruck Hauptbahnhof,night,Bregenz → Innsbruck,AT,AT,127.79,ÖBB,night,0.04899697674418605,0.151,6.261323658139536,19.29629,13.034966341860464,90.3,Back-on-Track 2022,2026-03-22,3.0818227987488545,0,short
A3,Linz Donau Hauptbahnhof 9,Bregenz Bahnhof,night,Linz Donau 9 → Bregenz,AT,AT,350.34,ÖBB,night,0.04899697674418605,0.151,17.16560083255814,52.90134,35.73573916744186,90.3,Back-on-Track 2022,2026-03-22,3.0818227987488545,0,short
S7,Bregenz,Romanshorn,day,Bregenz → Romanshorn,CH,CH,27.92,THURBO (THURBO),day,0.04899697674418605,0.151,1.3679955906976746,4.215920000000001,2.847924409302326,90.3,Back-on-Track 2022,2026-03-22,3.081822798748855,0,short
CH2,Salzburg Hauptbahnhof,Bregenz Bahnhof,night,Salzburg → Bregenz,AT,AT,249.88,ÖBB,night,0.04899697674418605,0.151,12.24336454883721,37.73188,25.488515451162787,90.3,Back-on-Track 2022,2026-03-22,3.0818227987488545,0,short
A3,Wien Hauptbahnhof,Bregenz Bahnhof,night,Wien → Bregenz,AT,AT,500.94,ÖBB,night,0.04899697674418605,0.151,24.54454553023256,75.64193999999999,51.09739446976743,90.3,Back-on-Track 2022,2026-03-22,3.081822798748854,0,medium
A3,Wien Hauptbahnhof Autoreisezug,Bregenz Bahnhof,night,Wien Autoreisezug → Bregenz,AT,AT,501.79,ÖBB,night,0.04899697674418605,0.151,24.58619296046512,75.77029,51.18409703953488,90.3,Back-on-Track 2022,2026-03-22,3.0818227987488545,0,medium
Bregenz → Zürich HB,Bregenz,Zurich Hb,day,Bregenz → Zurich Hb,DE,DE,91.27,SBB,day,0.04899697674418605,0.151,4.47195406744186,13.78177,9.30981593255814,90.3,Back-on-Track 2022,2026-03-22,3.081822798748855,0,short
P1,Breil Sur Roya,Nice Ville,day,Breil Sur Roya → Nice Ville,FR,FR,33.56,SNCF Voyageurs SA,day,0.04899697674418605,0.151,1.644338539534884,5.06756,3.4232214604651166,90.3,Back-on-Track 2022,2026-03-22,3.0818227987488545,0,short
P1,Tende,Breil Sur Roya,day,Tende → Breil Sur Roya,FR,FR,16.13,SNCF Voyageurs SA,day,0.04899697674418605,0.151,0.790321234883721,2.4356299999999997,1.6453087651162788,90.1,Back-on-Track 2022,2026-03-22,3.0818227987488545,0,short
Bremen Hbf → Emden Hbf,Bremen Hbf,Emden Hbf,day,Bremen → Emden,DE,DE,112.33,DB,day,0.04899697674418605,0.151,5.503830397674419,16.96183,11.457999602325579,90.3,Back-on-Track 2022,2026-03-22,3.0818227987488545,0,short
ICE 26,Bremen Hbf,Frankfurt Main Hbf,day,Bremen → Frankfurt Main,DE,DE,331.15,DB,day,0.04899697674418605,0.151,16.22534884883721,50.00364999999999,33.77830115116278,90.3,Back-on-Track 2022,2026-03-22,3.0818227987488545,0,short
Bremen Hbf → Hamburg-Altona,Bremen Hbf,Hamburg Altona,day,Bremen → Hamburg Altona,DE,DE,90.94,DB,day,0.04899697674418605,0.151,4.455785065116279,13.73194,9.27615493488372,90.3,Back-on-Track 2022,2026-03-22,3.081822798748855,0,short
Bremen Hbf → Hamburg-Harburg,Bremen Hbf,Hamburg Harburg,day,Bremen → Hamburg Harburg,DE,DE,88.6,DB,day,0.04899697674418605,0.151,4.341132139534884,13.378599999999999,9.037467860465114,90.3,Back-on-Track 2022,2026-03-22,3.0818227987488545,0,short
Bremen Hbf → Hannover Hbf,Bremen Hbf,Hannover Hbf,day,Bremen → Hannover,DE,DE,100.36,DB,day,0.04899697674418605,0.151,4.917336586046512,15.154359999999999,10.237023413953487,90.2,Back-on-Track 2022,2026-03-22,3.081822798748854,0,short
ICE 26,Karlsruhe Hbf,Bremen Hbf,day,Karlsruhe → Bremen,DE,DE,455.67,DB,day,0.04899697674418605,0.151,22.32645239302326,68.80617,46.479717606976735,90.3,Back-on-Track 2022,2026-03-22,3.081822798748854,0,short
Bremen Hbf → Leer(Ostfriesl),Bremen Hbf,Leer Ostfriesl,day,Bremen → Leer Ostfriesl,DE,DE,91.41,DB,day,0.04899697674418605,0.151,4.478813644186046,13.802909999999999,9.324096355813953,90.3,Back-on-Track 2022,2026-03-22,3.081822798748855,0,short
Bremen Hbf → Leipzig Hbf,Bremen Hbf,Leipzig Hbf,day,Bremen → Leipzig,DE,DE,310.5,DB,day,0.04899697674418605,0.151,15.213561279069769,46.8855,31.671938720930232,90.3,Back-on-Track 2022,2026-03-22,3.081822798748855,0,short
München Hbf → Bremen Hbf,Munchen Hbf,Bremen Hbf,night,Munchen → Bremen,DE,DE,582.67,DB,night,0.04899697674418605,0.151,28.549068439534885,87.98316999999999,59.4341015604651,90.3,Back-on-Track 2022,2026-03-22,3.0818227987488545,0,medium
Bremen Hbf → Norddeich Mole,Bremen Hbf,Norddeich Mole,night,Bremen → Norddeich Mole,DE,DE,125.22,DB,night,0.04899697674418605,0.151,6.135401427906977,18.90822,12.772818572093023,90.3,Back-on-Track 2022,2026-03-22,3.0818227987488545,0,short
Bremen Hbf → Nürnberg Hbf,Bremen Hbf,Nurnberg Hbf,day,Bremen → Nurnberg,DE,DE,434.17,DB,day,0.04899697674418605,0.151,21.27301739302326,65.55967,44.28665260697674,90.3,Back-on-Track 2022,2026-03-22,3.0818227987488545,0,short
P65,Saumur,Bressuire,day,Saumur → Bressuire,FR,FR,57.69,SNCF,day,0.04899697674418605,0.151,2.8266355883720933,8.71119,5.8845544116279065,90.3,Back-on-Track 2022,2026-03-22,3.081822798748855,0,short
P65,Thouars,Bressuire,day,Thouars → Bressuire,FR,FR,27.17,SNCF,day,0.04899697674418605,0.151,1.331247858139535,4.10267,2.771422141860465,90.3,Back-on-Track 2022,2026-03-22,3.0818227987488545,0,short
P65,Bressuire,Tours,night,Bressuire → Tours,FR,FR,108.88,SNCF,night,0.04899697674418605,0.151,5.334790827906977,16.44088,11.106089172093023,90.3,Back-on-Track 2022,2026-03-22,3.081822798748855,0,short
K1,Saint Brieuc,Brest,day,Saint Brieuc → Brest,FR,FR,127.21,SNCF,day,0.04899697674418605,0.151,6.2329054116279075,19.20871,12.975804588372092,90.3,Back-on-Track 2022,2026-03-22,3.081822798748855,0,short
C1,Brest,Landerneau,day,Brest → Landerneau,FR,FR,18.07,SNCF,day,0.04899697674418605,0.151,0.8853753697674419,2.72857,1.8431946302325581,90.4,Back-on-Track 2022,2026-03-22,3.081822798748855,0,short
P9,Lannion,Brest,day,Lannion → Brest,FR,FR,84.05,SNCF,day,0.04899697674418605,0.151,4.118195895348838,12.69155,8.573354104651163,90.2,Back-on-Track 2022,2026-03-22,3.0818227987488545,0,short
TGV,Brest F,Modane,day,Brest F → Modane,CH,CH,918.28,SNCF (Société Nationale des Chemins de fer Français),day,0.04899697674418605,0.151,44.99294380465116,138.66028,93.66733619534884,90.3,Back-on-Track 2022,2026-03-22,3.081822798748855,0,medium
P1,Morlaix,Brest,day,Morlaix → Brest,FR,FR,52.23,SNCF,day,0.04899697674418605,0.151,2.559112095348837,7.886729999999999,5.327617904651162,90.3,Back-on-Track 2022,2026-03-22,3.081822798748855,0,short
K12,Brest,Nantes,day,Brest → Nantes,FR,FR,255.1,SNCF,day,0.04899697674418605,0.151,12.499128767441862,38.5201,26.02097123255814,90.3,Back-on-Track 2022,2026-03-22,3.0818227987488545,0,short
401A,Brest,Paris Montparnasse Hall 1 2,night,Brest → Paris Montparnasse Hall 1 2,FR,FR,502.32,SNCF,night,0.04899697674418605,0.151,24.612161358139538,75.85032,51.23815864186046,90.3,Back-on-Track 2022,2026-03-22,3.0818227987488545,0,medium
K12,Brest,Quimper,day,Brest → Quimper,FR,FR,52.34,SNCF,day,0.04899697674418605,0.151,2.564501762790698,7.90334,5.338838237209302,90.3,Back-on-Track 2022,2026-03-22,3.0818227987488545,0,short
K1,Brest,Rennes,night,Brest → Rennes,FR,FR,210.27,SNCF,night,0.04899697674418605,0.151,10.3025943,31.75077,21.4481757,90.3,Back-on-Track 2022,2026-03-22,3.0818227987488545,0,short
INCONNU,Gap,Briancon,day,Gap → Briancon,FR,FR,56.43,OCEdefault,day,0.04899697674418605,0.151,2.764899397674419,8.52093,5.7560306023255805,90.3,Back-on-Track 2022,2026-03-22,3.0818227987488545,0,short
K2,Marseille Saint Charles,Briancon,day,Marseille Saint Charles → Briancon,FR,FR,202.85,SNCF,day,0.04899697674418605,0.151,9.93903673255814,30.63035,20.69131326744186,90.3,Back-on-Track 2022,2026-03-22,3.081822798748855,0,short
770A,Paris Austerlitz,Briancon,day,Paris Austerlitz → Briancon,FR,FR,546.1,SNCF,day,0.04899697674418605,0.151,26.757249000000005,82.4611,55.703851,90.3,Back-on-Track 2022,2026-03-22,3.0818227987488545,0,medium
IC,Paris Bercy,Briancon,day,Paris Bercy → Briancon,CH,CH,544.99,SNCF (Société Nationale des Chemins de fer Français),day,0.04899697674418605,0.151,26.702862355813956,82.29349,55.59062764418605,90.3,Back-on-Track 2022,2026-03-22,3.081822798748855,0,medium
770A,Briancon,Paris Bercy Bourg Pays D Auv,day,Briancon → Paris Bercy Bourg Pays d Auv,FR,FR,545.03,SNCF,day,0.04899697674418605,0.151,26.70482223488372,82.29952999999999,55.59470776511627,90.3,Back-on-Track 2022,2026-03-22,3.0818227987488545,0,medium
P4,Briancon,Romans Bourg De Peage,night,Briancon → Romans Bourg de Peage,FR,FR,125.81,SNCF,night,0.04899697674418605,0.151,6.164309644186047,18.99731,12.833000355813951,90.3,Back-on-Track 2022,2026-03-22,3.0818227987488545,0,short
TER,Valence,Briancon,day,Valence → Briancon,CH,CH,137.04,SNCF (Société Nationale des Chemins de fer Français),day,0.04899697674418605,0.151,6.714545693023256,20.69304,13.978494306976744,90.3,Back-on-Track 2022,2026-03-22,3.081822798748855,0,short
P4,Valence Ville,Briancon,day,Valence Ville → Briancon,FR,FR,137.07,SNCF,day,0.04899697674418605,0.151,6.716015602325582,20.69757,13.981554397674417,90.3,Back-on-Track 2022,2026-03-22,3.0818227987488545,0,short
P13,Saint Brieuc,Dinan,day,Saint Brieuc → Dinan,FR,FR,52.75,SNCF,day,0.04899697674418605,0.151,2.584590523255814,7.96525,5.380659476744186,90.3,Back-on-Track 2022,2026-03-22,3.081822798748855,0,short
P10,Lannion,Saint Brieuc,day,Lannion → Saint Brieuc,FR,FR,56.67,SNCF,day,0.04899697674418605,0.151,2.7766586720930237,8.55717,5.780511327906975,90.3,Back-on-Track 2022,2026-03-22,3.081822798748854,0,short
401A,Saint Brieuc,Paris Montparnasse Hall 1 2,night,Saint Brieuc → Paris Montparnasse Hall 1 2,FR,FR,375.18,SNCF,night,0.04899697674418605,0.151,18.382685734883722,56.65218,38.26949426511628,90.3,Back-on-Track 2022,2026-03-22,3.081822798748855,0,short
P3,Saint Brieuc,Rennes,day,Saint Brieuc → Rennes,FR,FR,92.44,SNCF,day,0.04899697674418605,0.151,4.529280530232558,13.95844,9.429159469767441,90.3,Back-on-Track 2022,2026-03-22,3.081822798748855,0,short
PE,Disentis Muster,Brig Bahnhofplatz,day,Disentis Muster → Brig Bahnhofplatz,CH,CH,79.14,MGB-fo (Matterhorn Gotthard Bahn (fo)),day,0.04899697674418605,0.151,3.8776207395348843,11.95014,8.072519260465114,90.3,Back-on-Track 2022,2026-03-22,3.0818227987488545,0,short
R,Brig Bahnhofplatz,Fiesch,day,Brig Bahnhofplatz → Fiesch,CH,CH,14.93,MGB-bvz (Matterhorn Gotthard Bahn (bvz)),day,0.04899697674418605,0.151,0.7315248627906977,2.2544299999999997,1.5229051372093019,90.2,Back-on-Track 2022,2026-03-22,3.0818227987488545,0,short
EXT,Ulrichen,Brig Bahnhofplatz,day,Ulrichen → Brig Bahnhofplatz,CH,CH,32.23,MGB-fo (Matterhorn Gotthard Bahn (fo)),day,0.04899697674418605,0.151,1.5791725604651163,4.86673,3.287557439534883,90.3,Back-on-Track 2022,2026-03-22,3.0818227987488545,0,short
R,Zermatt,Brig Bahnhofplatz,day,Zermatt → Brig Bahnhofplatz,CH,CH,37.6,MGB-bvz (Matterhorn Gotthard Bahn (bvz)),day,0.04899697674418605,0.151,1.8422863255813955,5.6776,3.8353136744186047,90.2,Back-on-Track 2022,2026-03-22,3.081822798748855,0,short
EC,Domodossola I,Brig,day,Domodossola I → Brig,CH,CH,32.82,SBB (Schweizerische Bundesbahnen SBB),day,0.04899697674418605,0.151,1.6080807767441863,4.95582,3.3477392232558136,90.3,Back-on-Track 2022,2026-03-22,3.0818227987488545,0,short
EC,Brig,Geneve,day,Brig → Geneve,CH,CH,142.39,SBB (Schweizerische Bundesbahnen SBB),day,0.04899697674418605,0.151,6.9766795186046515,21.50089,14.524210481395347,90.3,Back-on-Track 2022,2026-03-22,3.0818227987488545,0,short
IR90,Brig,Geneve Aeroport,day,Brig → Geneve Aeroport,CH,CH,144.51,SBB (Schweizerische Bundesbahnen SBB),day,0.04899697674418605,0.151,7.0805531093023255,21.821009999999998,14.740456890697672,90.3,Back-on-Track 2022,2026-03-22,3.0818227987488545,0,short
RE,Brig,Iselle Di Trasquera,day,Brig → Iselle Di Trasquera,CH,CH,20.96,BLS-bls (BLS AG (bls)),day,0.04899697674418605,0.151,1.0269766325581398,3.16496,2.1379833674418602,90.4,Back-on-Track 2022,2026-03-22,3.0818227987488545,0,short
IR90,Brig,Lausanne,day,Brig → Lausanne,CH,CH,106.46,SBB (Schweizerische Bundesbahnen SBB),day,0.04899697674418605,0.151,5.216218144186047,16.07546,10.859241855813952,90.3,Back-on-Track 2022,2026-03-22,3.081822798748855,0,short
R,Monthey,Brig,day,Monthey → Brig,CH,CH,79.68,RA (Regionalps),day,0.04899697674418605,0.151,3.9040791069767447,12.031680000000001,8.127600893023256,90.2,Back-on-Track 2022,2026-03-22,3.081822798748855,0,short
IR95,Nyon,Brig,day,Nyon → Brig,CH,CH,134.67,SBB (Schweizerische Bundesbahnen SBB),day,0.04899697674418605,0.151,6.598422858139535,20.335169999999998,13.736747141860462,90.3,Back-on-Track 2022,2026-03-22,3.081822798748855,0,short
IR95,Brig,Renens Vd,day,Brig → Renens Vd,CH,CH,110.68,SBB (Schweizerische Bundesbahnen SBB),day,0.04899697674418605,0.151,5.422985386046513,16.71268,11.289694613953486,90.3,Back-on-Track 2022,2026-03-22,3.081822798748854,0,short
IC8,Romanshorn,Brig,day,Romanshorn → Brig,CH,CH,174.22,SBB (Schweizerische Bundesbahnen SBB),day,0.04899697674418605,0.151,8.536253288372095,26.307219999999997,17.770966711627903,90.3,Back-on-Track 2022,2026-03-22,3.081822798748854,0,short
R,Brig,Sion,day,Brig → Sion,CH,CH,49.4,RA (Regionalps),day,0.04899697674418605,0.151,2.420450651162791,7.4594,5.038949348837209,90.3,Back-on-Track 2022,2026-03-22,3.0818227987488545,0,short
RE,Spiez,Brig,day,Spiez → Brig,CH,CH,47.12,BLS-bls (BLS AG (bls)),day,0.04899697674418605,0.151,2.3087375441860467,7.115119999999999,4.806382455813953,90.3,Back-on-Track 2022,2026-03-22,3.0818227987488545,0,short
R,St Gingolph Suisse,Brig,day,St Gingolph Suisse → Brig,CH,CH,91.08,RA (Regionalps),day,0.04899697674418605,0.151,4.462644641860465,13.753079999999999,9.290435358139533,90.2,Back-on-Track 2022,2026-03-22,3.0818227987488545,0,short
R,Brig,St Maurice,day,Brig → St Maurice,CH,CH,76.66,RA (Regionalps),day,0.04899697674418605,0.151,3.7561082372093026,11.57566,7.819551762790697,90.3,Back-on-Track 2022,2026-03-22,3.0818227987488545,0,short
IC,Brig,Zurich Hb,day,Brig → Zurich Hb,CH,CH,124.99,SBB (Schweizerische Bundesbahnen SBB),day,0.04899697674418605,0.151,6.124132123255814,18.87349,12.749357876744186,90.3,Back-on-Track 2022,2026-03-22,3.081822798748855,0,short
C9,Brignais,Lyon Saint Paul,day,Brignais → Lyon Saint Paul,FR,FR,11.41,SNCF,day,0.04899697674418605,0.151,0.5590555046511628,1.72291,1.1638544953488372,90.2,Back-on-Track 2022,2026-03-22,3.0818227987488545,0,short
C9,Brignais,Lyon Saint Paul La Feuillee,day,Brignais → Lyon Saint Paul la Feuillee,FR,FR,11.41,SNCF,day,0.04899697674418605,0.151,0.5590555046511628,1.72291,1.1638544953488372,90.2,Back-on-Track 2022,2026-03-22,3.0818227987488545,0,short
C9,Lyon Saint Paul Quai De Bondy,Brignais,day,Lyon Saint Paul Quai de Bondy → Brignais,FR,FR,11.5,SNCF,day,0.04899697674418605,0.151,0.5634652325581396,1.7365,1.1730347674418602,90.4,Back-on-Track 2022,2026-03-22,3.0818227987488545,0,short
C7,Clermont Ferrand,Brioude,day,Clermont Ferrand → Brioude,FR,FR,57.43,SNCF,day,0.04899697674418605,0.151,2.8138963744186047,8.67193,5.858033625581395,90.3,Back-on-Track 2022,2026-03-22,3.081822798748855,0,short
C71,Brioude,Gannat,day,Brioude → Gannat,FR,FR,89.65,SNCF,day,0.04899697674418605,0.151,4.39257896511628,13.53715,9.144571034883722,90.2,Back-on-Track 2022,2026-03-22,3.0818227987488545,0,short
TER,Saint Germain Des Fosses,Brioude,day,Saint Germain des Fosses → Brioude,CH,CH,101.11,SNCF (Société Nationale des Chemins de fer Français),day,0.04899697674418605,0.151,4.954084318604652,15.26761,10.313525681395348,90.2,Back-on-Track 2022,2026-03-22,3.0818227987488545,0,short
C7,Brioude,Issoire,day,Brioude → Issoire,FR,FR,28.76,SNCF,day,0.04899697674418605,0.151,1.409153051162791,4.34276,2.933606948837209,90.3,Back-on-Track 2022,2026-03-22,3.0818227987488545,0,short
P17,Langeac,Brioude,day,Langeac → Brioude,FR,FR,23.84,SNCF,day,0.04899697674418605,0.151,1.1680879255813954,3.59984,2.4317520744186045,90.4,Back-on-Track 2022,2026-03-22,3.081822798748855,0,short
P37,Brioude,Le Puy En Velay,day,Brioude → le Puy En Velay,FR,FR,49.43,SNCF,day,0.04899697674418605,0.151,2.4219205604651166,7.4639299999999995,5.042009439534883,90.3,Back-on-Track 2022,2026-03-22,3.0818227987488545,0,short
C71,Moulins Sur Allier,Brioude,day,Moulins Sur Allier → Brioude,FR,FR,140.23,SNCF,day,0.04899697674418605,0.151,6.870846048837209,21.174729999999997,14.303883951162788,90.3,Back-on-Track 2022,2026-03-22,3.0818227987488545,0,short
K1,Brive La Gaillarde,Cahors,day,Brive la Gaillarde → Cahors,FR,FR,78.57,SNCF,day,0.04899697674418605,0.151,3.849692462790698,11.864069999999998,8.0143775372093,90.3,Back-on-Track 2022,2026-03-22,3.0818227987488545,0,short
P12,Capdenac,Brive La Gaillarde,day,Capdenac → Brive la Gaillarde,FR,FR,77.16,SNCF,day,0.04899697674418605,0.151,3.7806067255813955,11.651159999999999,7.8705532744186035,90.3,Back-on-Track 2022,2026-03-22,3.0818227987488545,0,short
L32,Brive La Gaillarde,Libourne,day,Brive la Gaillarde → Libourne,FR,FR,141.16,SNCF,day,0.04899697674418605,0.151,6.916413237209302,21.31516,14.398746762790697,90.3,Back-on-Track 2022,2026-03-22,3.081822798748855,0,short
D22,Brive La Gaillarde,Limoges Benedictins,day,Brive la Gaillarde → Limoges Benedictins,FR,FR,78.69,SNCF,day,0.04899697674418605,0.151,3.8555721000000003,11.88219,8.0266179,90.3,Back-on-Track 2022,2026-03-22,3.0818227987488545,0,short
L27,Brive La Gaillarde,Meymac,day,Brive la Gaillarde → Meymac,FR,FR,65.03,SNCF,day,0.04899697674418605,0.151,3.186273397674419,9.81953,6.633256602325581,90.3,Back-on-Track 2022,2026-03-22,3.0818227987488545,0,short
K1,Brive La Gaillarde,Montauban Ville Bourbon,day,Brive la Gaillarde → Montauban Ville Bourbon,FR,FR,127.42,SNCF,day,0.04899697674418605,0.151,6.243194776744187,19.24042,12.997225223255814,90.3,Back-on-Track 2022,2026-03-22,3.0818227987488545,0,short
P57,Neussargues,Brive La Gaillarde,day,Neussargues → Brive la Gaillarde,FR,FR,113.81,SNCF,day,0.04899697674418605,0.151,5.576345923255815,17.18531,11.608964076744186,90.3,Back-on-Track 2022,2026-03-22,3.081822798748855,0,short
L23,Objat,Brive La Gaillarde,day,Objat → Brive la Gaillarde,FR,FR,15.69,SNCF,day,0.04899697674418605,0.151,0.7687625651162792,2.3691899999999997,1.6004274348837204,90.3,Back-on-Track 2022,2026-03-22,3.081822798748854,0,short
560A,Brive La Gaillarde,Paris Austerlitz,night,Brive la Gaillarde → Paris Austerlitz,FR,FR,415.14,SNCF,night,0.04899697674418605,0.151,20.340604925581395,62.686139999999995,42.3455350744186,90.3,Back-on-Track 2022,2026-03-22,3.0818227987488545,0,short
560A,Brive La Gaillarde,Paris Bercy Bourg Pays D Auv,night,Brive la Gaillarde → Paris Bercy Bourg Pays D Auv,FR,FR,415.01,SNCF,night,0.04899697674418605,0.151,20.33423531860465,62.666509999999995,42.33227468139535,90.3,Back-on-Track 2022,2026-03-22,3.0818227987488545,0,short
L32,Perigueux,Brive La Gaillarde,day,Perigueux → Brive la Gaillarde,FR,FR,64.46,SNCF,day,0.04899697674418605,0.151,3.1583451209302327,9.73346,6.575114879069766,90.3,Back-on-Track 2022,2026-03-22,3.0818227987488545,0,short
P12,Brive La Gaillarde,Rodez,night,Brive la Gaillarde → Rodez,FR,FR,120.89,SNCF,night,0.04899697674418605,0.151,5.923244518604652,18.25439,12.33114548139535,90.3,Back-on-Track 2022,2026-03-22,3.0818227987488545,0,short
K1,Toulouse Matabiau,Brive La Gaillarde,night,Toulouse Matabiau → Brive la Gaillarde,FR,FR,171.5,SNCF,night,0.04899697674418605,0.151,8.402981511627909,25.8965,17.49351848837209,90.3,Back-on-Track 2022,2026-03-22,3.0818227987488545,0,short
F27,Brive La Gaillarde,Tulle,day,Brive la Gaillarde → Tulle,FR,FR,21.4,SNCF,day,0.04899697674418605,0.151,1.0485353023255815,3.2314,2.182864697674418,90.3,Back-on-Track 2022,2026-03-22,3.0818227987488545,0,short
L27,Brive La Gaillarde,Ussel,day,Brive la Gaillarde → Ussel,FR,FR,76.13,SNCF,day,0.04899697674418605,0.151,3.7301398395348837,11.495629999999998,7.765490160465115,90.2,Back-on-Track 2022,2026-03-22,3.0818227987488545,0,short
RE,Fribourg Freiburg,Broc Chocolaterie,day,Fribourg Freiburg → Broc Chocolaterie,CH,CH,22.22,TPF (Transports publics fribourgeois),day,0.04899697674418605,0.151,1.088712823255814,3.3552199999999996,2.2665071767441853,90.3,Back-on-Track 2022,2026-03-22,3.081822798748854,0,short
RE,Broc Chocolaterie,Romont Fr,day,Broc Chocolaterie → Romont Fr,CH,CH,17.98,TPF (Transports publics fribourgeois),day,0.04899697674418605,0.151,0.8809656418604652,2.71498,1.834014358139535,90.3,Back-on-Track 2022,2026-03-22,3.081822798748855,0,short
RE,Broc Chocolaterie,Schmitten Fr,day,Broc Chocolaterie → Schmitten Fr,CH,CH,30.68,TPF (Transports publics fribourgeois),day,0.04899697674418605,0.151,1.503227246511628,4.63268,3.129452753488372,90.3,Back-on-Track 2022,2026-03-22,3.0818227987488545,0,short
P12,Brou,Chartres,day,Brou → Chartres,FR,FR,35.1,SNCF,day,0.04899697674418605,0.151,1.7197938837209303,5.3001000000000005,3.58030611627907,90.3,Back-on-Track 2022,2026-03-22,3.081822798748855,0,short
A3,Bruck Leitha Bahnhof,Salzburg Hauptbahnhof,night,Bruck Leitha → Salzburg,AT,AT,279.31,ÖBB,night,0.04899697674418605,0.151,13.685345574418607,42.17581,28.490464425581393,90.3,Back-on-Track 2022,2026-03-22,3.0818227987488545,0,short
A4,Bruck Mur Bahnhof 4,Klagenfurt Hauptbahnhof,night,Bruck Mur 4 → Klagenfurt,AT,AT,114.91,ÖBB,night,0.04899697674418605,0.151,5.630242597674419,17.351409999999998,11.721167402325579,90.3,Back-on-Track 2022,2026-03-22,3.081822798748854,0,short
S12,Brugg Ag,Dachsen,day,Brugg Ag → Dachsen,CH,CH,36.77,SBB (Schweizerische Bundesbahnen SBB),day,0.04899697674418605,0.151,1.8016188348837212,5.55227,3.750651165116279,90.4,Back-on-Track 2022,2026-03-22,3.0818227987488545,0,short
S25,Brugg Ag,Dottikon Dintikon,day,Brugg Ag → Dottikon Dintikon,CH,CH,12.08,SBB (Schweizerische Bundesbahnen SBB),day,0.04899697674418605,0.151,0.5918834790697675,1.82408,1.2321965209302324,90.2,Back-on-Track 2022,2026-03-22,3.081822798748855,0,short
S23,Brugg Ag,Hendschiken,day,Brugg Ag → Hendschiken,CH,CH,10.17,SBB (Schweizerische Bundesbahnen SBB),day,0.04899697674418605,0.151,0.4982992534883721,1.5356699999999999,1.0373707465116278,90.4,Back-on-Track 2022,2026-03-22,3.0818227987488545,0,short
S23,Langenthal,Brugg Ag,day,Langenthal → Brugg Ag,CH,CH,43.36,SBB (Schweizerische Bundesbahnen SBB),day,0.04899697674418605,0.151,2.124508911627907,6.547359999999999,4.422851088372092,90.2,Back-on-Track 2022,2026-03-22,3.0818227987488545,0,short
S23,Brugg Ag,Lenzburg,day,Brugg Ag → Lenzburg,CH,CH,10.38,SBB (Schweizerische Bundesbahnen SBB),day,0.04899697674418605,0.151,0.5085886186046512,1.56738,1.058791381395349,89.9,Back-on-Track 2022,2026-03-22,3.0818227987488545,0,short
S25,Muri Ag,Brugg Ag,day,Muri Ag → Brugg Ag,CH,CH,24.75,SBB (Schweizerische Bundesbahnen SBB),day,0.04899697674418605,0.151,1.2126751744186048,3.73725,2.524574825581395,90.2,Back-on-Track 2022,2026-03-22,3.0818227987488545,0,short
IR16,Olten,Brugg Ag,day,Olten → Brugg Ag,CH,CH,26.81,SBB (Schweizerische Bundesbahnen SBB),day,0.04899697674418605,0.151,1.3136089465116279,4.04831,2.7347010534883722,90.2,Back-on-Track 2022,2026-03-22,3.081822798748855,0,short
S12,Brugg Ag,Schaffhausen,day,Brugg Ag → Schaffhausen,CH,CH,39.94,SBB (Schweizerische Bundesbahnen SBB),day,0.04899697674418605,0.151,1.9569392511627908,6.030939999999999,4.074000748837209,90.3,Back-on-Track 2022,2026-03-22,3.0818227987488545,0,short
S12,Brugg Ag,Wil Sg,day,Brugg Ag → Wil Sg,CH,CH,62.58,SBB (Schweizerische Bundesbahnen SBB),day,0.04899697674418605,0.151,3.066230804651163,9.44958,6.383349195348837,90.2,Back-on-Track 2022,2026-03-22,3.0818227987488545,0,short
S12,Brugg Ag,Winterthur,day,Brugg Ag → Winterthur,CH,CH,38.75,SBB (Schweizerische Bundesbahnen SBB),day,0.04899697674418605,0.151,1.8986328488372095,5.851249999999999,3.95261715116279,90.3,Back-on-Track 2022,2026-03-22,3.0818227987488545,0,short
S25,Brugg Ag,Wohlen Ag,day,Brugg Ag → Wohlen Ag,CH,CH,15.42,SBB (Schweizerische Bundesbahnen SBB),day,0.04899697674418605,0.151,0.7555333813953489,2.32842,1.572886618604651,90.1,Back-on-Track 2022,2026-03-22,3.081822798748855,0,short
IR36,Brugg Ag,Zurich Hb,day,Brugg Ag → Zurich Hb,CH,CH,27.42,SBB (Schweizerische Bundesbahnen SBB),day,0.04899697674418605,0.151,1.3434971023255815,4.14042,2.7969228976744183,90.4,Back-on-Track 2022,2026-03-22,3.0818227987488545,0,short
S3,Brunnen,Kussnacht Am Rigi,day,Brunnen → Kussnacht am Rigi,CH,CH,16.34,SBB (Schweizerische Bundesbahnen SBB),day,0.04899697674418605,0.151,0.8006106000000001,2.46734,1.6667294,90.2,Back-on-Track 2022,2026-03-22,3.081822798748855,0,short
S3,Brunnen,Luzern,day,Brunnen → Luzern,CH,CH,23.43,SBB (Schweizerische Bundesbahnen SBB),day,0.04899697674418605,0.151,1.147999165116279,3.53793,2.389930834883721,90.2,Back-on-Track 2022,2026-03-22,3.081822798748855,0,short
ICE 79,Bruxelles Midi,Frankfurt M Flughafen Fernbf,day,Bruxelles Midi → Frankfurt M Flughafen Fernbf,BE,DE,312.16,DB,day,0.04899697674418605,0.151,15.29489626046512,47.136160000000004,31.841263739534885,90.3,Back-on-Track 2022,2026-03-22,3.0818227987488545,1,short
Bruxelles Midi → Frankfurt(Main)Hbf,Bruxelles Midi,Frankfurt Main Hbf,day,Bruxelles Midi → Frankfurt Main,DE,DE,316.78,DB,day,0.04899697674418605,0.151,15.521262293023256,47.83378,32.31251770697674,90.3,Back-on-Track 2022,2026-03-22,3.081822798748855,0,short
Bruxelles Midi → Köln Hbf,Bruxelles Midi,Koln Hbf,day,Bruxelles Midi → Koln,DE,DE,184.37,DB,day,0.04899697674418605,0.151,9.033572602325583,27.83987,18.80629739767442,90.3,Back-on-Track 2022,2026-03-22,3.0818227987488545,0,short
001A,Lille Europe,Bruxelles Midi,day,Lille Europe → Bruxelles Midi,FR,FR,91.34,SNCF,day,0.04899697674418605,0.151,4.475383855813954,13.79234,9.316956144186046,90.3,Back-on-Track 2022,2026-03-22,3.0818227987488545,0,short
001A,Lyon Part Dieu,Bruxelles Midi,night,Lyon Part Dieu → Bruxelles Midi,FR,FR,565.68,SNCF,night,0.04899697674418605,0.151,27.716609804651164,85.41767999999999,57.70107019534883,90.3,Back-on-Track 2022,2026-03-22,3.0818227987488545,0,medium
001A,Lyon Perrache,Bruxelles Midi,night,Lyon Perrache → Bruxelles Midi,FR,FR,566.86,SNCF,night,0.04899697674418605,0.151,27.774426237209305,85.59586,57.8214337627907,90.3,Back-on-Track 2022,2026-03-22,3.081822798748855,0,medium
BEBMI -> FRMLV,Bruxelles Midi,Marne La Vallee Chessy,day,Bruxelles Midi → Marne la Vallee Chessy,BE,FR,245.21,Eurostar,day,0.04899697674418605,0.151,12.014548667441861,37.02671,25.01216133255814,90.3,Back-on-Track 2022,2026-03-22,3.081822798748855,1,short
001B,Bruxelles Midi,Marseille Saint Charles,day,Bruxelles Midi → Marseille Saint Charles,FR,FR,841.37,SNCF,day,0.04899697674418605,0.151,41.22458632325582,127.04687,85.82228367674418,90.3,Back-on-Track 2022,2026-03-22,3.0818227987488545,0,medium
001B,Bruxelles Midi,Montpellier Saint Roch,day,Bruxelles Midi → Montpellier Saint Roch,FR,FR,804.81,SNCF,day,0.04899697674418605,0.151,39.43325685348837,121.52630999999998,82.09305314651161,90.3,Back-on-Track 2022,2026-03-22,3.0818227987488545,0,medium
001B,Bruxelles Midi,Montpellier Sud De France,day,Bruxelles Midi → Montpellier Sud de France,FR,FR,805.74,SNCF,day,0.04899697674418605,0.151,39.47882404186047,121.66674,82.18791595813954,90.3,Back-on-Track 2022,2026-03-22,3.0818227987488545,0,medium
003B,Nantes,Bruxelles Midi,night,Nantes → Bruxelles Midi,FR,FR,587.52,SNCF,night,0.04899697674418605,0.151,28.786703776744186,88.71552,59.92881622325581,90.3,Back-on-Track 2022,2026-03-22,3.081822798748855,0,medium
361A,Bruxelles Midi,Paris Gare Du Nord,day,Bruxelles Midi → Paris du Nord,FR,FR,259.72,SNCF,day,0.04899697674418605,0.151,12.725494800000002,39.21772,26.4922252,90.3,Back-on-Track 2022,2026-03-22,3.0818227987488545,0,short
BEBMI -> FRPNO,Bruxelles Midi,Paris Nord,day,Bruxelles Midi → Paris Nord,BE,FR,259.56,Eurostar,day,0.04899697674418605,0.151,12.717655283720932,39.19356,26.475904716279068,90.3,Back-on-Track 2022,2026-03-22,3.0818227987488545,1,short
001B,Bruxelles Midi,Perpignan,day,Bruxelles Midi → Perpignan,FR,FR,911.84,SNCF,day,0.04899697674418605,0.151,44.67740327441861,137.68784,93.01043672558139,90.3,Back-on-Track 2022,2026-03-22,3.0818227987488545,0,medium
003C,Bruxelles Midi,Rennes,day,Bruxelles Midi → Rennes,FR,FR,529.68,SNCF,day,0.04899697674418605,0.151,25.952718641860464,79.98167999999998,54.02896135813952,90.3,Back-on-Track 2022,2026-03-22,3.0818227987488545,0,medium
BEBMI -> GBSPX,Bruxelles Midi,St Pancras International,day,Bruxelles Midi → St Pancras International,BE,GB,320.42,Eurostar,day,0.04899697674418605,0.151,15.699611288372095,48.38342,32.683808711627904,90.3,Back-on-Track 2022,2026-03-22,3.0818227987488545,1,short
005D,Strasbourg,Bruxelles Midi,night,Strasbourg → Bruxelles Midi,FR,FR,349.7,SNCF,night,0.04899697674418605,0.151,17.13424276744186,52.8047,35.670457232558135,90.3,Back-on-Track 2022,2026-03-22,3.0818227987488545,0,short
C24+,Bruyeres,Saint Die Des Vosges,day,Bruyeres → Saint Die des Vosges,FR,FR,19.04,SNCF,day,0.04899697674418605,0.151,0.9329024372093023,2.87504,1.9421375627906974,90.1,Back-on-Track 2022,2026-03-22,3.081822798748855,0,short
C24+,Bruyeres,Epinal,day,Bruyeres → Epinal,FR,FR,20.76,SNCF,day,0.04899697674418605,0.151,1.0171772372093024,3.13476,2.117582762790698,90.3,Back-on-Track 2022,2026-03-22,3.0818227987488545,0,short
IR13,Buchs Sg,Chur,day,Buchs Sg → Chur,CH,CH,35.27,SOB-sob (Schweizerische Südostbahn (sob)),day,0.04899697674418605,0.151,1.728123369767442,5.32577,3.5976466302325583,90.4,Back-on-Track 2022,2026-03-22,3.081822798748855,0,short
IR13,Sargans,Buchs Sg,day,Sargans → Buchs Sg,CH,CH,13.96,SBB (Schweizerische Bundesbahnen SBB),day,0.04899697674418605,0.151,0.6839977953488373,2.1079600000000003,1.423962204651163,90.0,Back-on-Track 2022,2026-03-22,3.081822798748855,0,short
A15-A,Buchs Bahnhof,Graz Hbf 2,night,Buchs → Graz 2,AT,AT,449.31,ÖBB,night,0.04899697674418605,0.151,22.014831620930234,67.84581,45.83097837906976,90.3,Back-on-Track 2022,2026-03-22,3.081822798748855,0,short
A15-A,Buchs Bahnhof,Graz Hbf 4,night,Buchs → Graz 4,AT,AT,449.29,ÖBB,night,0.04899697674418605,0.151,22.01385168139535,67.84279000000001,45.828938318604656,90.3,Back-on-Track 2022,2026-03-22,3.081822798748855,0,short
A88,Jesenice Si Zelezniska Posta,Buchs Bahnhof,night,Jesenice Si Zelezniska Posta → Buchs,AT,AT,357.64,ÖBB,night,0.04899697674418605,0.151,17.5232787627907,54.00364,36.480361237209294,90.3,Back-on-Track 2022,2026-03-22,3.0818227987488545,0,short
A94,Buchs Bahnhof,Linz Donau Hauptbahnhof 6,night,Buchs → Linz Donau 6,AT,AT,380.9,ÖBB,night,0.04899697674418605,0.151,18.662948441860465,57.515899999999995,38.85295155813953,90.3,Back-on-Track 2022,2026-03-22,3.081822798748855,0,short
A94,Buchs Bahnhof,Linz Donau Hauptbahnhof 7,night,Buchs → Linz Donau 7,AT,AT,380.91,ÖBB,night,0.04899697674418605,0.151,18.66343841162791,57.517410000000005,38.85397158837209,90.3,Back-on-Track 2022,2026-03-22,3.0818227987488545,0,short
A15-A,Buchs Bahnhof,Villach Hauptbahnhof,night,Buchs → Villach,AT,AT,337.57,ÖBB,night,0.04899697674418605,0.151,16.539909439534885,50.97307,34.43316056046511,90.3,Back-on-Track 2022,2026-03-22,3.081822798748855,0,short
A11,Wien Hauptbahnhof,Buchs Bahnhof,night,Wien → Buchs,AT,AT,528.6,ÖBB,night,0.04899697674418605,0.151,25.899801906976748,79.8186,53.918798093023256,90.3,Back-on-Track 2022,2026-03-22,3.0818227987488545,0,medium
Budapest-Keleti → Frankfurt(Oder),Budapest Keleti,Frankfurt Oder,day,Budapest Keleti → Frankfurt Oder,DE,DE,628.01,RE,day,0.04899697674418605,0.151,30.77059136511628,94.82951,64.05891863488372,90.3,Back-on-Track 2022,2026-03-22,3.0818227987488545,0,medium
München Hbf → Budapest-Keleti,Munchen Hbf,Budapest Keleti,night,Munchen → Budapest Keleti,DE,DE,566.22,MAV,night,0.04899697674418605,0.151,27.743068172093025,85.49922000000001,57.75615182790698,90.3,Back-on-Track 2022,2026-03-22,3.081822798748855,0,medium
München Hbf Gl.5-10 → Budapest-Keleti,Munchen Hbf Gl 5 10,Budapest Keleti,day,Munchen Gl 5 10 → Budapest Keleti,DE,DE,566.44,MAV,day,0.04899697674418605,0.151,27.75384750697675,85.53244000000001,57.778592493023254,90.3,Back-on-Track 2022,2026-03-22,3.0818227987488545,0,medium
München Ost → Budapest-Keleti,Munchen Ost,Budapest Keleti,night,Munchen Ost → Budapest Keleti,DE,DE,562.66,MAV,night,0.04899697674418605,0.151,27.568638934883722,84.96166,57.39302106511627,90.3,Back-on-Track 2022,2026-03-22,3.0818227987488545,0,medium
EN,Salzburg Hbf,Budapest Keleti,night,Salzburg → Budapest Keleti,DE,DE,453.54,MAV,night,0.04899697674418605,0.151,22.222088832558143,68.48454,46.26245116744185,90.3,Back-on-Track 2022,2026-03-22,3.0818227987488545,0,short
Budapest-Nyugati → Calais Ville,Budapest Nyugati,Calais Ville,day,Budapest Nyugati → Calais Ville,DE,DE,1303.26,DB,day,0.04899697674418605,0.0946,63.85579991162791,123.288396,59.432596088372094,90.3,Back-on-Track 2022,2026-03-22,1.930731369282395,0,long
EN,Decin Hl N,Budapest Nyugati,night,Decin Hl N → Budapest Nyugati,DE,DE,506.16,MAV,night,0.04899697674418605,0.151,24.80030974883721,76.43016,51.62985025116279,90.3,Back-on-Track 2022,2026-03-22,3.081822798748855,0,medium
C2,Bueil,Mantes La Jolie,day,Bueil → Mantes la Jolie,FR,FR,20.29,SNCF,day,0.04899697674418605,0.151,0.9941486581395349,3.0637899999999996,2.0696413418604647,90.4,Back-on-Track 2022,2026-03-22,3.0818227987488545,0,short
S36,Bulach,Koblenz,day,Bulach → Koblenz,CH,CH,24.7,THURBO (THURBO),day,0.04899697674418605,0.151,1.2102253255813955,3.7297,2.5194746744186043,90.2,Back-on-Track 2022,2026-03-22,3.0818227987488545,0,short
S65,Bulach,Schaffhausen,day,Bulach → Schaffhausen,CH,CH,20.69,THURBO (THURBO),day,0.04899697674418605,0.151,1.0137474488372094,3.12419,2.110442551162791,90.3,Back-on-Track 2022,2026-03-22,3.081822798748855,0,short
S36,Bulach,Waldshut,day,Bulach → Waldshut,CH,CH,26.11,THURBO (THURBO),day,0.04899697674418605,0.151,1.2793110627906978,3.9426099999999997,2.663298937209302,90.2,Back-on-Track 2022,2026-03-22,3.0818227987488545,0,short
S3,Bulach,Wetzikon Zh,day,Bulach → Wetzikon Zh,CH,CH,29.92,SBB (Schweizerische Bundesbahnen SBB),day,0.04899697674418605,0.151,1.4659895441860467,4.51792,3.0519304558139533,90.3,Back-on-Track 2022,2026-03-22,3.081822798748855,0,short
S41,Winterthur,Bulach,day,Winterthur → Bulach,CH,CH,14.33,THURBO (THURBO),day,0.04899697674418605,0.151,0.7021266767441862,2.16383,1.4617033232558136,90.3,Back-on-Track 2022,2026-03-22,3.0818227987488545,0,short
R,Bulle,Fribourg Freiburg,day,Bulle → Fribourg Freiburg,CH,CH,21.77,TPF (Transports publics fribourgeois),day,0.04899697674418605,0.151,1.0666641837209303,3.28727,2.2206058162790696,90.4,Back-on-Track 2022,2026-03-22,3.0818227987488545,0,short
R,Bulle,Montbovon,day,Bulle → Montbovon,CH,CH,14.9,TPF (Transports publics fribourgeois),day,0.04899697674418605,0.151,0.7300549534883721,2.2499,1.5198450465116276,90.2,Back-on-Track 2022,2026-03-22,3.0818227987488545,0,short
S50,Bulle,Palezieux,day,Bulle → Palezieux,CH,CH,18.51,TPF (Transports publics fribourgeois),day,0.04899697674418605,0.151,0.9069340395348838,2.79501,1.888075960465116,90.3,Back-on-Track 2022,2026-03-22,3.0818227987488545,0,short
R,Romont Fr,Bulle,day,Romont Fr → Bulle,CH,CH,13.58,TPF (Transports publics fribourgeois),day,0.04899697674418605,0.151,0.6653789441860466,2.05058,1.3852010558139534,90.3,Back-on-Track 2022,2026-03-22,3.0818227987488545,0,short
S4,Langnau I E,Burgdorf,day,Langnau I E → Burgdorf,CH,CH,18.28,BLS-bls (BLS AG (bls)),day,0.04899697674418605,0.151,0.8956647348837211,2.7602800000000003,1.8646152651162793,90.1,Back-on-Track 2022,2026-03-22,3.0818227987488545,0,short
S41,Burgdorf,Solothurn,day,Burgdorf → Solothurn,CH,CH,17.04,BLS-bls (BLS AG (bls)),day,0.04899697674418605,0.151,0.8349084837209303,2.5730399999999998,1.7381315162790694,90.2,Back-on-Track 2022,2026-03-22,3.0818227987488545,0,short
S4,Burgdorf,Thun,day,Burgdorf → Thun,CH,CH,34.01,BLS-bls (BLS AG (bls)),day,0.04899697674418605,0.151,1.6663871790697675,5.135509999999999,3.469122820930232,90.2,Back-on-Track 2022,2026-03-22,3.0818227987488545,0,short
P62,Busigny,Saint Quentin,day,Busigny → Saint Quentin,FR,FR,24.63,SNCF,day,0.04899697674418605,0.151,1.2067955372093024,3.71913,2.5123344627906974,90.4,Back-on-Track 2022,2026-03-22,3.0818227987488545,0,short
S50,Mendrisio,Busto Arsizio,day,Mendrisio → Busto Arsizio,CH,CH,29.49,SBB (Schweizerische Bundesbahnen SBB),day,0.04899697674418605,0.151,1.4449208441860466,4.45299,3.008069155813953,90.4,Back-on-Track 2022,2026-03-22,3.0818227987488545,0,short
R,Neuchatel,Buttes,day,Neuchatel → Buttes,CH,CH,31.44,TRN-rvt (Transports Publics Neuchâtelois SA (rvt)),day,0.04899697674418605,0.151,1.5404649488372095,4.74744,3.2069750511627904,90.3,Back-on-Track 2022,2026-03-22,3.0818227987488545,0,short
S20,Cadenazzo,Castione Arbedo,day,Cadenazzo → Castione Arbedo,CH,CH,10.96,SBB (Schweizerische Bundesbahnen SBB),day,0.04899697674418605,0.151,0.5370068651162792,1.65496,1.1179531348837208,90.5,Back-on-Track 2022,2026-03-22,3.0818227987488545,0,short
RE,Cadenazzo,Chiasso,day,Cadenazzo → Chiasso,CH,CH,36.3,SBB (Schweizerische Bundesbahnen SBB),day,0.04899697674418605,0.151,1.7785902558139535,5.481299999999999,3.7027097441860457,90.2,Back-on-Track 2022,2026-03-22,3.0818227987488545,0,short
IR26,Erstfeld,Cadenazzo,day,Erstfeld → Cadenazzo,CH,CH,77.52,SOB-sob (Schweizerische Südostbahn (sob)),day,0.04899697674418605,0.151,3.7982456372093023,11.70552,7.907274362790698,90.2,Back-on-Track 2022,2026-03-22,3.081822798748855,0,short
S30,Gallarate,Cadenazzo,day,Gallarate → Cadenazzo,CH,CH,55.91,SBB (Schweizerische Bundesbahnen SBB),day,0.04899697674418605,0.151,2.739420969767442,8.442409999999999,5.7029890302325565,90.3,Back-on-Track 2022,2026-03-22,3.0818227987488545,0,short
IC,Cadenazzo,Lausanne,day,Cadenazzo → Lausanne,CH,CH,182.1,SBB (Schweizerische Bundesbahnen SBB),day,0.04899697674418605,0.151,8.92234946511628,27.4971,18.57475053488372,90.3,Back-on-Track 2022,2026-03-22,3.0818227987488545,0,short
RE,Lugano,Cadenazzo,day,Lugano → Cadenazzo,CH,CH,16.36,SBB (Schweizerische Bundesbahnen SBB),day,0.04899697674418605,0.151,0.8015905395348838,2.47036,1.668769460465116,90.3,Back-on-Track 2022,2026-03-22,3.0818227987488545,0,short
S30,Luino I,Cadenazzo,day,Luino I → Cadenazzo,CH,CH,23.43,SBB (Schweizerische Bundesbahnen SBB),day,0.04899697674418605,0.151,1.147999165116279,3.53793,2.389930834883721,90.2,Back-on-Track 2022,2026-03-22,3.081822798748855,0,short
IC,Cadenazzo,Luzern,day,Cadenazzo → Luzern,CH,CH,110.85,SBB (Schweizerische Bundesbahnen SBB),day,0.04899697674418605,0.151,5.431314872093023,16.738349999999997,11.307035127906975,90.3,Back-on-Track 2022,2026-03-22,3.0818227987488545,0,short
RE,Milano Centrale,Cadenazzo,day,Milano → Cadenazzo,CH,CH,76.76,SBB (Schweizerische Bundesbahnen SBB),day,0.04899697674418605,0.151,3.7610079348837213,11.590760000000001,7.8297520651162795,90.3,Back-on-Track 2022,2026-03-22,3.081822798748855,0,short
IR26,Olten,Cadenazzo,day,Olten → Cadenazzo,CH,CH,154.88,SOB-sob (Schweizerische Südostbahn (sob)),day,0.04899697674418605,0.151,7.588651758139536,23.386879999999998,15.798228241860462,90.3,Back-on-Track 2022,2026-03-22,3.0818227987488545,0,short
S30,Ranzo S Abbondio,Cadenazzo,day,Ranzo S Abbondio → Cadenazzo,CH,CH,13.33,SBB (Schweizerische Bundesbahnen SBB),day,0.04899697674418605,0.151,0.6531297,2.01283,1.3597003,90.1,Back-on-Track 2022,2026-03-22,3.081822798748855,0,short
S30,Ternate Varano Borghi,Cadenazzo,day,Ternate Varano Borghi → Cadenazzo,CH,CH,45.21,SBB (Schweizerische Bundesbahnen SBB),day,0.04899697674418605,0.151,2.2151533186046515,6.82671,4.611556681395349,90.3,Back-on-Track 2022,2026-03-22,3.0818227987488545,0,short
IR46,Zurich Hb,Cadenazzo,day,Zurich Hb → Cadenazzo,CH,CH,139.66,SOB-sob (Schweizerische Südostbahn (sob)),day,0.04899697674418605,0.151,6.842917772093024,21.088659999999997,14.245742227906973,90.3,Back-on-Track 2022,2026-03-22,3.081822798748854,0,short
K39,Caen,Chateau Du Loir,day,Caen → Chateau du Loir,FR,FR,175.29,SNCF,day,0.04899697674418605,0.151,8.588680053488373,26.46879,17.880109946511624,90.3,Back-on-Track 2022,2026-03-22,3.0818227987488545,0,short
K2,Caen,Cherbourg,night,Caen → Cherbourg,FR,FR,105.26,SNCF,night,0.04899697674418605,0.151,5.1574217720930235,15.894260000000001,10.736838227906977,90.3,Back-on-Track 2022,2026-03-22,3.081822798748855,0,short
C12,Caen,Coutances,day,Caen → Coutances,FR,FR,81.01,SNCF,day,0.04899697674418605,0.151,3.969245086046512,12.23251,8.263264913953488,90.3,Back-on-Track 2022,2026-03-22,3.0818227987488545,0,short
P10,Caen,Elbeuf Saint Aubin,day,Caen → Elbeuf Saint Aubin,FR,FR,99.55,SNCF,day,0.04899697674418605,0.151,4.877649034883722,15.03205,10.154400965116277,90.3,Back-on-Track 2022,2026-03-22,3.0818227987488545,0,short
C13,Caen,Evreux Normandie,day,Caen → Evreux Normandie,FR,FR,110.41,SNCF,day,0.04899697674418605,0.151,5.409756202325582,16.67191,11.262153797674419,90.3,Back-on-Track 2022,2026-03-22,3.081822798748855,0,short
C12,Granville,Caen,day,Granville → Caen,FR,FR,97.94,SNCF,day,0.04899697674418605,0.151,4.7987639023255815,14.788939999999998,9.990176097674418,90.3,Back-on-Track 2022,2026-03-22,3.0818227987488545,0,short
K39,Caen,Le Mans,day,Caen → le Mans,FR,FR,137.17,SNCF,day,0.04899697674418605,0.151,6.7209153,20.712669999999996,13.991754699999996,90.3,Back-on-Track 2022,2026-03-22,3.0818227987488545,0,short
C13,Caen,Lisieux,day,Caen → Lisieux,FR,FR,42.3,SNCF,day,0.04899697674418605,0.151,2.07257211627907,6.3873,4.31472788372093,90.3,Back-on-Track 2022,2026-03-22,3.0818227987488545,0,short
C12,Saint Lo,Caen,day,Saint Lo → Caen,FR,FR,55.09,SNCF,day,0.04899697674418605,0.151,2.6992434488372097,8.31859,5.61934655116279,90.3,Back-on-Track 2022,2026-03-22,3.0818227987488545,0,short
K21+,Caen,Paris Saint Lazare,night,Caen → Paris Saint Lazare,FR,FR,197.71,SNCF,night,0.04899697674418605,0.151,9.687192272093025,29.854210000000002,20.167017727906977,90.3,Back-on-Track 2022,2026-03-22,3.0818227987488545,0,short
C12,Rennes,Caen,day,Rennes → Caen,FR,FR,153.98,SNCF,day,0.04899697674418605,0.151,7.544554479069768,23.25098,15.706425520930232,90.3,Back-on-Track 2022,2026-03-22,3.0818227987488545,0,short
P10,Caen,Rouen Rive Droite,night,Caen → Rouen Rive Droite,FR,FR,108.81,SNCF,night,0.04899697674418605,0.151,5.331361039534884,16.43031,11.098948960465115,90.3,Back-on-Track 2022,2026-03-22,3.0818227987488545,0,short
K39,Caen,Tours,day,Caen → Tours,FR,FR,213.04,SNCF,day,0.04899697674418605,0.151,10.438315925581396,32.169039999999995,21.7307240744186,90.3,Back-on-Track 2022,2026-03-22,3.0818227987488545,0,short
K1,Montauban Ville Bourbon,Cahors,day,Montauban Ville Bourbon → Cahors,FR,FR,48.9,SNCF,day,0.04899697674418605,0.151,2.3959521627906977,7.3839,4.987947837209302,90.3,Back-on-Track 2022,2026-03-22,3.081822798748855,0,short
560A,Cahors,Paris Austerlitz,night,Cahors → Paris Austerlitz,FR,FR,493.62,SNCF,night,0.04899697674418605,0.151,24.18588766046512,74.53662,50.35073233953488,90.3,Back-on-Track 2022,2026-03-22,3.0818227987488545,0,short
560D,Cahors,Paris Bercy Bourg Pays D Auv,day,Cahors → Paris Bercy Bourg Pays d Auv,FR,FR,493.48,SNCF,day,0.04899697674418605,0.151,24.179028083720933,74.51548,50.33645191627906,90.3,Back-on-Track 2022,2026-03-22,3.0818227987488545,0,short
K1,Toulouse Matabiau,Cahors,day,Toulouse Matabiau → Cahors,FR,FR,93.2,SNCF,day,0.04899697674418605,0.151,4.56651823255814,14.0732,9.50668176744186,90.3,Back-on-Track 2022,2026-03-22,3.0818227987488545,0,short
K92+,Calais Frethun,Lille Europe,day,Calais Frethun → Lille Europe,FR,FR,93.57,SNCF,day,0.04899697674418605,0.151,4.584647113953489,14.129069999999999,9.54442288604651,90.3,Back-on-Track 2022,2026-03-22,3.0818227987488545,0,short
K16,Creil,Calais Ville,day,Creil → Calais Ville,FR,FR,192.99,SNCF,day,0.04899697674418605,0.151,9.455926541860466,29.14149,19.685563458139534,90.3,Back-on-Track 2022,2026-03-22,3.081822798748855,0,short
P72,Calais Ville,Dunkerque,day,Calais Ville → Dunkerque,FR,FR,37.26,SNCF,day,0.04899697674418605,0.151,1.8256273534883722,5.626259999999999,3.800632646511627,90.3,Back-on-Track 2022,2026-03-22,3.0818227987488545,0,short
K21,Calais Ville,Etaples Le Touquet,day,Calais Ville → Etaples le Touquet,FR,FR,50.75,SNCF,day,0.04899697674418605,0.151,2.486596569767442,7.66325,5.176653430232557,90.3,Back-on-Track 2022,2026-03-22,3.0818227987488545,0,short
K71,Hazebrouck,Calais Ville,day,Hazebrouck → Calais Ville,FR,FR,54.75,SNCF,day,0.04899697674418605,0.151,2.682584476744186,8.267249999999999,5.584665523255813,90.2,Back-on-Track 2022,2026-03-22,3.0818227987488545,0,short
K71,Calais Ville,Lille Flandres,day,Calais Ville → Lille Flandres,FR,FR,92.64,SNCF,day,0.04899697674418605,0.151,4.539079925581396,13.98864,9.449560074418605,90.3,Back-on-Track 2022,2026-03-22,3.081822798748855,0,short
K16,Calais Ville,Paris Gare Du Nord,day,Calais Ville → Paris du Nord,FR,FR,233.35,SNCF,day,0.04899697674418605,0.151,11.433444523255815,35.23585,23.802405476744184,90.3,Back-on-Track 2022,2026-03-22,3.0818227987488545,0,short
Praha-Smichov → Calais Ville,Praha Smichov,Calais Ville,day,Praha Smichov → Calais Ville,DE,DE,892.5,DB,day,0.04899697674418605,0.151,43.72980174418605,134.76749999999998,91.03769825581394,90.3,Back-on-Track 2022,2026-03-22,3.0818227987488545,0,medium
P73,Calais Ville,Rang Du Fliers Verton Berck,day,Calais Ville → Rang du Fliers Verton Berck,FR,FR,61.46,SNCF,day,0.04899697674418605,0.151,3.011354190697675,9.28046,6.269105809302324,90.3,Back-on-Track 2022,2026-03-22,3.0818227987488545,0,short
P11,Callac,Carhaix,day,Callac → Carhaix,FR,FR,17.73,SNCF,day,0.04899697674418605,0.151,0.8687163976744187,2.6772299999999998,1.808513602325581,90.2,Back-on-Track 2022,2026-03-22,3.0818227987488545,0,short
P11,Guingamp,Callac,day,Guingamp → Callac,FR,FR,26.29,SNCF,day,0.04899697674418605,0.151,1.2881305186046512,3.9697899999999997,2.6816594813953483,90.2,Back-on-Track 2022,2026-03-22,3.0818227987488545,0,short
K13,Creil,Cambrai,day,Creil → Cambrai,FR,FR,115.68,SNCF,day,0.04899697674418605,0.151,5.667970269767443,17.46768,11.799709730232559,90.3,Back-on-Track 2022,2026-03-22,3.081822798748855,0,short
P41,Douai,Cambrai,day,Douai → Cambrai,FR,FR,24.21,SNCF,day,0.04899697674418605,0.151,1.1862168069767443,3.65571,2.469493193023256,90.3,Back-on-Track 2022,2026-03-22,3.081822798748855,0,short
K40,Cambrai,Lille Flandres,day,Cambrai → Lille Flandres,FR,FR,52.57,SNCF,day,0.04899697674418605,0.151,2.5757710674418606,7.93807,5.362298932558139,90.2,Back-on-Track 2022,2026-03-22,3.081822798748855,0,short
K13,Cambrai,Paris Gare Du Nord,night,Cambrai → Paris du Nord,FR,FR,157.71,SNCF,night,0.04899697674418605,0.151,7.727313202325583,23.81421,16.086896797674417,90.3,Back-on-Track 2022,2026-03-22,3.0818227987488545,0,short
K40,Cambrai,Saint Quentin,day,Cambrai → Saint Quentin,FR,FR,37.63,SNCF,day,0.04899697674418605,0.151,1.8437562348837213,5.68213,3.8383737651162786,90.2,Back-on-Track 2022,2026-03-22,3.0818227987488545,0,short
P63,Cambrai,Valenciennes,day,Cambrai → Valenciennes,FR,FR,28.55,SNCF,day,0.04899697674418605,0.151,1.3988636860465118,4.31105,2.9121863139534883,90.3,Back-on-Track 2022,2026-03-22,3.0818227987488545,0,short
R,Locarno Fart,Camedo,day,Locarno Fart → Camedo,CH,CH,14.9,FART (Ferrovie Autolinee Regionali Ticinesi),day,0.04899697674418605,0.151,0.7300549534883721,2.2499,1.5198450465116276,90.2,Back-on-Track 2022,2026-03-22,3.0818227987488545,0,short
C13,Menton,Cannes La Bocca,day,Menton → Cannes la Bocca,FR,FR,47.85,SNCF Voyageurs SA,day,0.04899697674418605,0.151,2.3445053372093025,7.22535,4.880844662790697,90.3,Back-on-Track 2022,2026-03-22,3.0818227987488545,0,short
C3,Cannes La Bocca,Ventimiglia,day,Cannes la Bocca → Ventimiglia,FR,FR,57.01,SNCF Voyageurs SA,day,0.04899697674418605,0.151,2.7933176441860468,8.608509999999999,5.815192355813952,90.3,Back-on-Track 2022,2026-03-22,3.0818227987488545,0,short
C13,Grasse,Cannes,day,Grasse → Cannes,FR,FR,13.41,SNCF Voyageurs SA,day,0.04899697674418605,0.151,0.657049458139535,2.0249099999999998,1.3678605418604648,90.2,Back-on-Track 2022,2026-03-22,3.081822798748854,0,short
C13,Cannes,Les Arcs Draguignan,day,Cannes → les Arcs Draguignan,FR,FR,44.69,SNCF Voyageurs SA,day,0.04899697674418605,0.151,2.1896748906976744,6.748189999999999,4.558515109302325,90.2,Back-on-Track 2022,2026-03-22,3.0818227987488545,0,short
C13,Menton,Cannes,day,Menton → Cannes,FR,FR,45.3,SNCF Voyageurs SA,day,0.04899697674418605,0.151,2.219563046511628,6.840299999999999,4.620736953488372,90.3,Back-on-Track 2022,2026-03-22,3.0818227987488545,0,short
C13,Monaco Monte Carlo,Cannes,day,Monaco Monte Carlo → Cannes,FR,FR,38.17,SNCF Voyageurs SA,day,0.04899697674418605,0.151,1.8702146023255817,5.76367,3.8934553976744186,90.4,Back-on-Track 2022,2026-03-22,3.0818227987488545,0,short
C13,Cannes,Nice Ville,day,Cannes → Nice Ville,FR,FR,25.7,SNCF Voyageurs SA,day,0.04899697674418605,0.151,1.2592223023255815,3.8806999999999996,2.6214776976744183,90.3,Back-on-Track 2022,2026-03-22,3.0818227987488545,0,short
C3,Ventimiglia,Cannes,day,Ventimiglia → Cannes,FR,FR,54.4,SNCF Voyageurs SA,day,0.04899697674418605,0.151,2.665435534883721,8.2144,5.548964465116279,90.3,Back-on-Track 2022,2026-03-22,3.081822798748855,0,short
P27,Capdenac,Clermont Ferrand,day,Capdenac → Clermont Ferrand,FR,FR,155.72,SNCF,day,0.04899697674418605,0.151,7.6298092186046516,23.51372,15.883910781395347,90.3,Back-on-Track 2022,2026-03-22,3.081822798748855,0,short
P12,Capdenac,Rodez,day,Capdenac → Rodez,FR,FR,46.53,SNCF,day,0.04899697674418605,0.151,2.279829327906977,7.0260299999999996,4.746200672093023,90.3,Back-on-Track 2022,2026-03-22,3.0818227987488545,0,short
P27,Toulouse Matabiau,Capdenac,day,Toulouse Matabiau → Capdenac,FR,FR,118.53,SNCF,day,0.04899697674418605,0.151,5.807611653488372,17.89803,12.090418346511626,90.3,Back-on-Track 2022,2026-03-22,3.0818227987488545,0,short
S90,Giubiasco,Capolago Riva S Vitale,day,Giubiasco → Capolago Riva S Vitale,CH,CH,30.19,SBB (Schweizerische Bundesbahnen SBB),day,0.04899697674418605,0.151,1.4792187279069768,4.55869,3.0794712720930235,90.3,Back-on-Track 2022,2026-03-22,3.081822798748855,0,short
K3,Carcassonne,Cerbere,day,Carcassonne → Cerbere,FR,FR,108.77,SNCF,day,0.04899697674418605,0.151,5.329401160465117,16.42427,11.094868839534882,90.3,Back-on-Track 2022,2026-03-22,3.081822798748855,0,short
P3,Limoux,Carcassonne,day,Limoux → Carcassonne,FR,FR,20.8,SNCF,day,0.04899697674418605,0.151,1.0191371162790699,3.1408,2.12166288372093,90.3,Back-on-Track 2022,2026-03-22,3.0818227987488545,0,short
C3,Carcassonne,Narbonne,day,Carcassonne → Narbonne,FR,FR,53.08,SNCF,day,0.04899697674418605,0.151,2.6007595255813953,8.01508,5.414320474418604,90.3,Back-on-Track 2022,2026-03-22,3.081822798748855,0,short
K3,Carcassonne,Perpignan,day,Carcassonne → Perpignan,FR,FR,72.19,SNCF,day,0.04899697674418605,0.151,3.537091751162791,10.900689999999999,7.363598248837208,90.3,Back-on-Track 2022,2026-03-22,3.0818227987488545,0,short
C3,Carcassonne,Toulouse Matabiau,day,Carcassonne → Toulouse Matabiau,FR,FR,84.7,SNCF,day,0.04899697674418605,0.151,4.150043930232559,12.7897,8.63965606976744,90.2,Back-on-Track 2022,2026-03-22,3.0818227987488545,0,short
P11,Carhaix,Guingamp,day,Carhaix → Guingamp,FR,FR,43.69,SNCF,day,0.04899697674418605,0.151,2.1406779139534886,6.597189999999999,4.45651208604651,90.3,Back-on-Track 2022,2026-03-22,3.0818227987488545,0,short
C2,Carmaux,Saint Sulpice,day,Carmaux → Saint Sulpice,FR,FR,48.52,SNCF,day,0.04899697674418605,0.151,2.377333311627907,7.32652,4.949186688372093,90.3,Back-on-Track 2022,2026-03-22,3.081822798748855,0,short
C2,Toulouse Matabiau,Carmaux,day,Toulouse Matabiau → Carmaux,FR,FR,74.23,SNCF,day,0.04899697674418605,0.151,3.637045583720931,11.208730000000001,7.57168441627907,90.3,Back-on-Track 2022,2026-03-22,3.081822798748855,0,short
C9,Carnoules,Toulon,day,Carnoules → Toulon,FR,FR,28.05,SNCF,day,0.04899697674418605,0.151,1.3743651976744187,4.23555,2.8611848023255813,90.3,Back-on-Track 2022,2026-03-22,3.081822798748855,0,short
EXT,Carolina,St Moritz,day,Carolina → St Moritz,CH,CH,25.22,RhB (Rhätische Bahn),day,0.04899697674418605,0.151,1.2357037534883721,3.8082199999999995,2.5725162465116274,90.4,Back-on-Track 2022,2026-03-22,3.0818227987488545,0,short
C3,Castelnaudary,Narbonne,day,Castelnaudary → Narbonne,FR,FR,86.53,SNCF,day,0.04899697674418605,0.151,4.239708397674419,13.06603,8.826321602325581,90.3,Back-on-Track 2022,2026-03-22,3.0818227987488545,0,short
C3,Toulouse Matabiau,Castelnaudary,day,Toulouse Matabiau → Castelnaudary,FR,FR,52.08,SNCF,day,0.04899697674418605,0.151,2.5517625488372095,7.8640799999999995,5.31231745116279,90.3,Back-on-Track 2022,2026-03-22,3.0818227987488545,0,short
S20,Locarno,Castione Arbedo,day,Locarno → Castione Arbedo,CH,CH,19.31,SBB (Schweizerische Bundesbahnen SBB),day,0.04899697674418605,0.151,0.9461316209302326,2.9158099999999996,1.969678379069767,90.3,Back-on-Track 2022,2026-03-22,3.0818227987488545,0,short
P10,Castres,Saint Sulpice,day,Castres → Saint Sulpice,FR,FR,48.39,SNCF,day,0.04899697674418605,0.151,2.370963704651163,7.30689,4.935926295348837,90.2,Back-on-Track 2022,2026-03-22,3.081822798748855,0,short
P10,Toulouse Matabiau,Castres,day,Toulouse Matabiau → Castres,FR,FR,62.61,SNCF,day,0.04899697674418605,0.151,3.0677007139534886,9.45411,6.386409286046511,90.2,Back-on-Track 2022,2026-03-22,3.0818227987488545,0,short
C7,Cavaillon,Marseille Saint Charles,day,Cavaillon → Marseille Saint Charles,FR,FR,65.08,SNCF,day,0.04899697674418605,0.151,3.188723246511628,9.827079999999999,6.63835675348837,90.3,Back-on-Track 2022,2026-03-22,3.0818227987488545,0,short
ICE 22,Hamburg Dammtor,Celle,day,Hamburg Dammtor → Celle,DE,DE,104.67,DB,day,0.04899697674418605,0.151,5.128513555813954,15.80517,10.676656444186047,90.2,Back-on-Track 2022,2026-03-22,3.081822798748855,0,short
K8,Cerbere,Montpellier Saint Roch,day,Cerbere → Montpellier Saint Roch,FR,FR,141.85,SNCF,day,0.04899697674418605,0.151,6.950221151162791,21.419349999999998,14.469128848837208,90.3,Back-on-Track 2022,2026-03-22,3.0818227987488545,0,short
K3,Cerbere,Narbonne,day,Cerbere → Narbonne,FR,FR,84.26,SNCF,day,0.04899697674418605,0.151,4.1284852604651165,12.72326,8.594774739534884,90.3,Back-on-Track 2022,2026-03-22,3.081822798748855,0,short
K8,Cerbere,Nimes Centre,day,Cerbere → Nimes Centre,FR,FR,182.83,SNCF,day,0.04899697674418605,0.151,8.958117258139536,27.60733,18.649212741860467,90.3,Back-on-Track 2022,2026-03-22,3.0818227987488545,0,short
INCONNU,Cerbere,Paris Austerlitz,day,Cerbere → Paris Austerlitz,FR,FR,714.39,OCEdefault,day,0.04899697674418605,0.151,35.002950216279075,107.87289,72.86993978372092,90.3,Back-on-Track 2022,2026-03-22,3.0818227987488545,0,medium
INCONNU,Cerbere,Paris Bercy Bourg Pays D Auv,day,Cerbere → Paris Bercy Bourg Pays d Auv,FR,FR,713.94,OCEdefault,day,0.04899697674418605,0.151,34.980901576744195,107.80494,72.82403842325581,90.3,Back-on-Track 2022,2026-03-22,3.081822798748854,0,medium
P13,Cerbere,Perpignan,day,Cerbere → Perpignan,FR,FR,36.62,SNCF,day,0.04899697674418605,0.151,1.794269288372093,5.5296199999999995,3.7353507116279063,90.3,Back-on-Track 2022,2026-03-22,3.081822798748855,0,short
K3,Toulouse Matabiau,Cerbere,day,Toulouse Matabiau → Cerbere,FR,FR,190.32,SNCF,day,0.04899697674418605,0.151,9.325104613953489,28.738319999999998,19.41321538604651,90.3,Back-on-Track 2022,2026-03-22,3.0818227987488545,0,short
K6,Dijon,Cercy La Tour,day,Dijon → Cercy la Tour,FR,FR,116.74,SNCF,day,0.04899697674418605,0.151,5.7199070651162796,17.62774,11.90783293488372,90.3,Back-on-Track 2022,2026-03-22,3.0818227987488545,0,short
K6,Cercy La Tour,Nevers,day,Cercy la Tour → Nevers,FR,FR,40.2,SNCF,day,0.04899697674418605,0.151,1.9696784651162793,6.0702,4.10052153488372,90.3,Back-on-Track 2022,2026-03-22,3.0818227987488545,0,short
P30,Chagny,Chalon Sur Saone,day,Chagny → Chalon Sur Saone,FR,FR,15.7,SNCF,day,0.04899697674418605,0.151,0.7692525348837209,2.3707,1.601447465116279,90.3,Back-on-Track 2022,2026-03-22,3.081822798748855,0,short
C15,Dijon,Chagny,day,Dijon → Chagny,FR,FR,50.8,SNCF,day,0.04899697674418605,0.151,2.489046418604651,7.670799999999999,5.181753581395348,90.3,Back-on-Track 2022,2026-03-22,3.081822798748855,0,short
P30,Chagny,Montchanin,day,Chagny → Montchanin,FR,FR,26.22,SNCF,day,0.04899697674418605,0.151,1.2847007302325582,3.9592199999999997,2.6745192697674414,90.2,Back-on-Track 2022,2026-03-22,3.081822798748855,0,short
C15,Dijon,Chalon Sur Saone,day,Dijon → Chalon Sur Saone,FR,FR,61.83,SNCF,day,0.04899697674418605,0.151,3.0294830720930235,9.33633,6.306846927906976,90.2,Back-on-Track 2022,2026-03-22,3.081822798748855,0,short
C15,Chalon Sur Saone,Macon,day,Chalon Sur Saone → Macon,FR,FR,53.29,SNCF,day,0.04899697674418605,0.151,2.6110488906976745,8.04679,5.435741109302326,90.2,Back-on-Track 2022,2026-03-22,3.0818227987488545,0,short
P30,Montchanin,Chalon Sur Saone,day,Montchanin → Chalon Sur Saone,FR,FR,27.68,SNCF,day,0.04899697674418605,0.151,1.3562363162790698,4.179679999999999,2.82344368372093,90.2,Back-on-Track 2022,2026-03-22,3.0818227987488545,0,short
P903,Troyes Gare Routiere,Chalons En Champagne Greta,day,Troyes → Chalons En Champagne Greta,FR,FR,78.28,SNCF,day,0.04899697674418605,0.151,3.835483339534884,11.82028,7.984796660465117,90.2,Back-on-Track 2022,2026-03-22,3.0818227987488545,0,short
P903,Chalons En Champagne Tissier,Troyes Quebec,day,Chalons En Champagne Tissier → Troyes Quebec,FR,FR,79.25,SNCF,day,0.04899697674418605,0.151,3.8830104069767444,11.96675,8.083739593023255,90.3,Back-on-Track 2022,2026-03-22,3.0818227987488545,0,short
P903,Troyes Gare Routiere,Chalons En Champagne Tissier,day,Troyes → Chalons En Champagne Tissier,FR,FR,76.7,SNCF,day,0.04899697674418605,0.151,3.75806811627907,11.5817,7.82363188372093,90.3,Back-on-Track 2022,2026-03-22,3.0818227987488545,0,short
INCONNU,Chalons En Champagne,Chateau Thierry,day,Chalons En Champagne → Chateau Thierry,FR,FR,69.15,OCEdefault,day,0.04899697674418605,0.151,3.3881409418604655,10.441650000000001,7.053509058139536,90.3,Back-on-Track 2022,2026-03-22,3.081822798748855,0,short
C72+,Chalons En Champagne,Chaumont,day,Chalons En Champagne → Chaumont,FR,FR,110.4,SNCF,day,0.04899697674418605,0.151,5.40926623255814,16.6704,11.26113376744186,90.3,Back-on-Track 2022,2026-03-22,3.0818227987488545,0,short
C72+,Culmont Chalindrey,Chalons En Champagne,day,Culmont Chalindrey → Chalons En Champagne,FR,FR,150.81,SNCF,day,0.04899697674418605,0.151,7.389234062790698,22.77231,15.383075937209302,90.3,Back-on-Track 2022,2026-03-22,3.081822798748855,0,short
K2,Chalons En Champagne,Saint Dizier,day,Chalons En Champagne → Saint Dizier,FR,FR,56.0,SNCF,day,0.04899697674418605,0.151,2.7438306976744187,8.456,5.712169302325581,90.3,Back-on-Track 2022,2026-03-22,3.081822798748855,0,short
K2,Epernay,Chalons En Champagne,day,Epernay → Chalons En Champagne,FR,FR,30.12,SNCF,day,0.04899697674418605,0.151,1.475788939534884,4.54812,3.0723310604651157,90.3,Back-on-Track 2022,2026-03-22,3.0818227987488545,0,short
P55,Metz,Chalons En Champagne,day,Metz → Chalons En Champagne,FR,FR,134.39,SNCF,day,0.04899697674418605,0.151,6.5847037046511625,20.292889999999996,13.708186295348835,90.3,Back-on-Track 2022,2026-03-22,3.0818227987488545,0,short
K1,Chalons En Champagne,Paris Est,night,Chalons En Champagne → Paris Est,FR,FR,145.69,SNCF,night,0.04899697674418605,0.151,7.138369541860466,21.99919,14.860820458139532,90.3,Back-on-Track 2022,2026-03-22,3.0818227987488545,0,short
C71,Reims,Chalons En Champagne,day,Reims → Chalons En Champagne,FR,FR,41.28,SNCF,day,0.04899697674418605,0.151,2.0225952,6.23328,4.210684799999999,90.2,Back-on-Track 2022,2026-03-22,3.081822798748855,0,short
K2,Troyes,Chalons En Champagne,day,Troyes → Chalons En Champagne,FR,FR,76.2,SNCF,day,0.04899697674418605,0.151,3.733569627906977,11.5062,7.7726303720930225,90.2,Back-on-Track 2022,2026-03-22,3.0818227987488545,0,short
K903,Troyes Gare Routiere,Chalons En Champagne,day,Troyes → Chalons En Champagne,FR,FR,76.09,SNCF,day,0.04899697674418605,0.151,3.7281799604651167,11.48959,7.7614100395348835,90.2,Back-on-Track 2022,2026-03-22,3.0818227987488545,0,short
P900,Chalons En Champagne,Verdun,day,Chalons En Champagne → Verdun,FR,FR,78.67,SNCF,day,0.04899697674418605,0.151,3.8545921604651165,11.87917,8.024577839534883,90.3,Back-on-Track 2022,2026-03-22,3.081822798748855,0,short
E12,Chamonix Mont Blanc,Chambery Challes Les Eaux,day,Chamonix Mont Blanc → Chambery Challes les Eaux,FR,FR,83.71,SNCF,day,0.04899697674418605,0.151,4.101536923255814,12.640209999999998,8.538673076744184,90.3,Back-on-Track 2022,2026-03-22,3.081822798748854,0,short
E12,Chambery Challes Les Eaux,Cluses,day,Chambery Challes les Eaux → Cluses,FR,FR,74.92,SNCF,day,0.04899697674418605,0.151,3.670853497674419,11.31292,7.642066502325581,90.3,Back-on-Track 2022,2026-03-22,3.0818227987488545,0,short
INCONNU,Culoz,Chambery Challes Les Eaux,day,Culoz → Chambery Challes les Eaux,FR,FR,32.16,OCEdefault,day,0.04899697674418605,0.151,1.5757427720930233,4.856159999999999,3.280417227906976,90.3,Back-on-Track 2022,2026-03-22,3.0818227987488545,0,short
E13,Evian Les Bains,Chambery Challes Les Eaux,day,Evian les Bains → Chambery Challes les Eaux,FR,FR,105.03,SNCF,day,0.04899697674418605,0.151,5.146152467441861,15.85953,10.713377532558138,90.3,Back-on-Track 2022,2026-03-22,3.0818227987488545,0,short
K11,Chambery Challes Les Eaux,Geneve Cornavin,day,Chambery Challes les Eaux → Geneve Cornavin,FR,FR,73.11,SNCF,day,0.04899697674418605,0.151,3.582168969767442,11.03961,7.457441030232557,90.3,Back-on-Track 2022,2026-03-22,3.0818227987488545,0,short
E12,Chambery Challes Les Eaux,Saint Gervais Les Bains Le Fayet,day,Chambery Challes les Eaux → Saint Gervais les Bains le Fayet,FR,FR,71.2,SNCF,day,0.04899697674418605,0.151,3.488584744186047,10.7512,7.262615255813953,90.2,Back-on-Track 2022,2026-03-22,3.081822798748855,0,short
C1,Chambery Challes Les Eaux,Grenoble,day,Chambery Challes les Eaux → Grenoble,FR,FR,45.17,SNCF,day,0.04899697674418605,0.151,2.213193439534884,6.82067,4.607476560465116,90.3,Back-on-Track 2022,2026-03-22,3.0818227987488545,0,short
C1,Chambery Challes Les Eaux,Grenoble Europole,day,Chambery Challes les Eaux → Grenoble Europole,FR,FR,45.23,SNCF,day,0.04899697674418605,0.151,2.2161332581395348,6.82973,4.613596741860465,90.3,Back-on-Track 2022,2026-03-22,3.081822798748855,0,short
P31,Chambery Challes Les Eaux,Saint Jean De Maurienne Arvan,day,Chambery Challes les Eaux → Saint Jean de Maurienne Arvan,FR,FR,47.12,SNCF,day,0.04899697674418605,0.151,2.3087375441860467,7.115119999999999,4.806382455813953,90.3,Back-on-Track 2022,2026-03-22,3.0818227987488545,0,short
K16,La Tour Du Pin,Chambery Challes Les Eaux,day,la Tour du Pin → Chambery Challes les Eaux,FR,FR,36.61,SNCF,day,0.04899697674418605,0.151,1.7937793186046513,5.52811,3.7343306813953485,90.3,Back-on-Track 2022,2026-03-22,3.0818227987488545,0,short
K16,Lyon Part Dieu,Chambery Challes Les Eaux,day,Lyon Part Dieu → Chambery Challes les Eaux,FR,FR,85.03,SNCF,day,0.04899697674418605,0.151,4.16621293255814,12.83953,8.673317067441861,90.3,Back-on-Track 2022,2026-03-22,3.081822798748855,0,short
K3,Lyon Part Dieu Gare Routiere,Chambery Challes Les Eaux,day,Lyon Part Dieu → Chambery Challes les Eaux,FR,FR,84.77,SNCF,day,0.04899697674418605,0.151,4.153473718604651,12.80027,8.646796281395348,90.3,Back-on-Track 2022,2026-03-22,3.081822798748855,0,short
641A,Chambery Challes Les Eaux,Milano Porta Garibaldi,day,Chambery Challes les Eaux → Milano Porta Garibaldi,FR,FR,254.75,SNCF,day,0.04899697674418605,0.151,12.481979825581396,38.46725,25.985270174418602,90.3,Back-on-Track 2022,2026-03-22,3.081822798748855,0,short
INCONNU,Chambery Challes Les Eaux,Modane,day,Chambery Challes les Eaux → Modane,FR,FR,71.42,OCEdefault,day,0.04899697674418605,0.151,3.499364079069768,10.78442,7.285055920930233,90.3,Back-on-Track 2022,2026-03-22,3.081822798748855,0,short
P41,Chambery Challes Les Eaux,Moutiers Salins Brides Les B,day,Chambery Challes les Eaux → Moutiers Salins Brides les B,FR,FR,48.59,SNCF,day,0.04899697674418605,0.151,2.3807631000000002,7.33709,4.9563269,90.3,Back-on-Track 2022,2026-03-22,3.0818227987488545,0,short
TER,Moutiers Salins Brides Les Bai,Chambery Challes Les Eaux,day,Moutiers Salins Brides les Bai → Chambery Challes les Eaux,CH,CH,48.57,SNCF (Société Nationale des Chemins de fer Français),day,0.04899697674418605,0.151,2.3797831604651165,7.33407,4.954286839534883,90.3,Back-on-Track 2022,2026-03-22,3.0818227987488545,0,short
TGV,Paris Gare De Lyon,Chambery Challes Les Eaux,day,Paris de Lyon → Chambery Challes les Eaux,CH,CH,451.79,SNCF (Société Nationale des Chemins de fer Français),day,0.04899697674418605,0.151,22.136344123255817,68.22029,46.08394587674419,90.3,Back-on-Track 2022,2026-03-22,3.081822798748855,0,short
621B,Paris Gare De Lyon Hall 1 2,Chambery Challes Les Eaux,day,Paris de Lyon Hall 1 2 → Chambery Challes les Eaux,FR,FR,451.84,SNCF,day,0.04899697674418605,0.151,22.138793972093023,68.22784,46.089046027906974,90.3,Back-on-Track 2022,2026-03-22,3.081822798748855,0,short
K3,Pont De Beauvoisin,Chambery Challes Les Eaux,day,Pont de Beauvoisin → Chambery Challes les Eaux,FR,FR,19.3,SNCF,day,0.04899697674418605,0.151,0.9456416511627909,2.9143,1.968658348837209,90.3,Back-on-Track 2022,2026-03-22,3.0818227987488545,0,short
C31,Rives,Chambery Challes Les Eaux,day,Rives → Chambery Challes les Eaux,FR,FR,40.95,SNCF,day,0.04899697674418605,0.151,2.006426197674419,6.183450000000001,4.177023802325582,90.3,Back-on-Track 2022,2026-03-22,3.081822798748855,0,short
TER,Chambery Challes Les Eaux,St Andre Le Gaz,day,Chambery Challes les Eaux → St Andre le Gaz,CH,CH,30.94,SNCF (Société Nationale des Chemins de fer Français),day,0.04899697674418605,0.151,1.5159664604651164,4.67194,3.155973539534884,90.4,Back-on-Track 2022,2026-03-22,3.081822798748855,0,short
E13,Thonon Les Bains,Chambery Challes Les Eaux,day,Thonon les Bains → Chambery Challes les Eaux,FR,FR,98.77,SNCF,day,0.04899697674418605,0.151,4.839431393023256,14.914269999999998,10.074838606976742,90.3,Back-on-Track 2022,2026-03-22,3.0818227987488545,0,short
TER,Chambery Challes Les Eaux,Valence,day,Chambery Challes les Eaux → Valence,CH,CH,107.61,SNCF (Société Nationale des Chemins de fer Français),day,0.04899697674418605,0.151,5.272564667441861,16.249109999999998,10.976545332558137,90.3,Back-on-Track 2022,2026-03-22,3.0818227987488545,0,short
K21,Chambery Challes Les Eaux,Valence Ville,night,Chambery Challes les Eaux → Valence Ville,FR,FR,107.56,SNCF,night,0.04899697674418605,0.151,5.270114818604652,16.24156,10.971445181395348,90.3,Back-on-Track 2022,2026-03-22,3.0818227987488545,0,short
E12,Saint Gervais Les Bains Le Fayet,Chambery Jacob Bellecombette,day,Saint Gervais les Bains le Fayet → Chambery Jacob Bellecombette,FR,FR,72.62,SNCF,day,0.04899697674418605,0.151,3.558160451162791,10.96562,7.407459548837208,90.2,Back-on-Track 2022,2026-03-22,3.0818227987488545,0,short
TER,Chamonix Mont Blanc,Saint Gervais Les Bains,day,Chamonix Mont Blanc → Saint Gervais les Bains,CH,CH,13.53,SNCF (Société Nationale des Chemins de fer Français),day,0.04899697674418605,0.151,0.6629290953488373,2.04303,1.3801009046511625,90.3,Back-on-Track 2022,2026-03-22,3.0818227987488545,0,short
P52,Saint Gervais Les Bains Le Fayet,Chamonix Mont Blanc,day,Saint Gervais les Bains le Fayet → Chamonix Mont Blanc,FR,FR,13.45,SNCF,day,0.04899697674418605,0.151,0.6590093372093023,2.03095,1.3719406627906974,90.2,Back-on-Track 2022,2026-03-22,3.0818227987488545,0,short
E01,Grenoble,Chamonix Mont Blanc,day,Grenoble → Chamonix Mont Blanc,FR,FR,121.39,SNCF,day,0.04899697674418605,0.151,5.9477430069767445,18.32989,12.382146993023255,90.3,Back-on-Track 2022,2026-03-22,3.0818227987488545,0,short
E04,Lyon Part Dieu Gare Routiere,Chamonix Mont Blanc,day,Lyon Part Dieu → Chamonix Mont Blanc,FR,FR,156.78,SNCF,day,0.04899697674418605,0.151,7.681746013953489,23.67378,15.992033986046511,90.3,Back-on-Track 2022,2026-03-22,3.0818227987488545,0,short
P52,Chamonix Mont Blanc,Vallorcine,day,Chamonix Mont Blanc → Vallorcine,FR,FR,13.03,SNCF,day,0.04899697674418605,0.151,0.6384306069767443,1.9675299999999998,1.3290993930232555,90.4,Back-on-Track 2022,2026-03-22,3.0818227987488545,0,short
C70+,Charleville Mezieres,Champagne Ardenne Tgv,day,Charleville Mezieres → Champagne Ardenne Tgv,FR,FR,80.98,SNCF,day,0.04899697674418605,0.151,3.9677751767441864,12.22798,8.260204823255814,90.3,Back-on-Track 2022,2026-03-22,3.081822798748855,0,short
C70+,Sedan,Champagne Ardenne Tgv,day,Sedan → Champagne Ardenne Tgv,FR,FR,86.18,SNCF,day,0.04899697674418605,0.151,4.222559455813954,13.01318,8.790620544186046,90.2,Back-on-Track 2022,2026-03-22,3.0818227987488545,0,short
P8,Champagnole Paul Emile Victor,Dole,day,Champagnole Paul Emile Victor → Dole,FR,FR,51.2,SNCF,day,0.04899697674418605,0.151,2.508645209302326,7.7312,5.222554790697674,90.2,Back-on-Track 2022,2026-03-22,3.0818227987488545,0,short
INCONNU,Champagnole,Saint Claude,day,Champagnole → Saint Claude,FR,FR,40.14,OCEdefault,day,0.04899697674418605,0.151,1.966738646511628,6.06114,4.094401353488372,90.3,Back-on-Track 2022,2026-03-22,3.0818227987488545,0,short
R,Monthey Ville,Champery,day,Monthey Ville → Champery,CH,CH,10.56,TPC (Transports Publics du Chablais),day,0.04899697674418605,0.151,0.5174080744186047,1.59456,1.0771519255813953,90.1,Back-on-Track 2022,2026-03-22,3.0818227987488545,0,short
C12,Paris Gare Du Nord,Chantilly Gouvieux,day,Paris du Nord → Chantilly Gouvieux,FR,FR,34.99,SNCF,day,0.04899697674418605,0.151,1.71440421627907,5.2834900000000005,3.56908578372093,90.3,Back-on-Track 2022,2026-03-22,3.081822798748855,0,short
P65,La Roche Sur Yon,Chantonnay,day,la Roche Sur Yon → Chantonnay,FR,FR,29.16,SNCF,day,0.04899697674418605,0.151,1.4287518418604652,4.40316,2.9744081581395347,90.2,Back-on-Track 2022,2026-03-22,3.0818227987488545,0,short
INCONNU,Charleroi Central,Maubeuge,day,Charleroi → Maubeuge,FR,FR,36.53,OCEdefault,day,0.04899697674418605,0.151,1.7898595604651164,5.51603,3.7261704395348834,90.3,Back-on-Track 2022,2026-03-22,3.0818227987488545,0,short
INCONNU,Charleville Mezieres,Givet,day,Charleville Mezieres → Givet,FR,FR,41.98,OCEdefault,day,0.04899697674418605,0.151,2.0568930837209303,6.338979999999999,4.282086916279069,90.2,Back-on-Track 2022,2026-03-22,3.0818227987488545,0,short
INCONNU,Hirson,Charleville Mezieres,day,Hirson → Charleville Mezieres,FR,FR,48.72,OCEdefault,day,0.04899697674418605,0.151,2.3871327069767445,7.356719999999999,4.969587293023254,90.3,Back-on-Track 2022,2026-03-22,3.081822798748854,0,short
K61,Charleville Mezieres,Lille Flandres,day,Charleville Mezieres → Lille Flandres,FR,FR,152.32,SNCF,day,0.04899697674418605,0.151,7.463219497674419,23.00032,15.537100502325579,90.3,Back-on-Track 2022,2026-03-22,3.081822798748855,0,short
P60,Charleville Mezieres,Longuyon,day,Charleville Mezieres → Longuyon,FR,FR,72.9,SNCF,day,0.04899697674418605,0.151,3.5718796046511634,11.007900000000001,7.436020395348837,90.3,Back-on-Track 2022,2026-03-22,3.081822798748855,0,short
INCONNU,Longwy,Charleville Mezieres,day,Longwy → Charleville Mezieres,FR,FR,80.41,OCEdefault,day,0.04899697674418605,0.151,3.9398469,12.14191,8.2020631,90.2,Back-on-Track 2022,2026-03-22,3.081822798748855,0,short
801A,Charleville Mezieres,Paris Est,day,Charleville Mezieres → Paris Est,FR,FR,198.02,SNCF,day,0.04899697674418605,0.151,9.702381334883722,29.90102,20.198638665116277,90.3,Back-on-Track 2022,2026-03-22,3.0818227987488545,0,short
C70+,Reims,Charleville Mezieres,day,Reims → Charleville Mezieres,FR,FR,75.82,SNCF,day,0.04899697674418605,0.151,3.714950776744186,11.448819999999998,7.733869223255812,90.3,Back-on-Track 2022,2026-03-22,3.0818227987488545,0,short
C70+,Charleville Mezieres,Sedan,day,Charleville Mezieres → Sedan,FR,FR,16.87,SNCF,day,0.04899697674418605,0.151,0.8265789976744187,2.54737,1.7207910023255812,90.1,Back-on-Track 2022,2026-03-22,3.0818227987488545,0,short
INCONNU,Charleville Mezieres,Thionville,day,Charleville Mezieres → Thionville,FR,FR,113.87,OCEdefault,day,0.04899697674418605,0.151,5.579285741860466,17.19437,11.615084258139532,90.3,Back-on-Track 2022,2026-03-22,3.0818227987488545,0,short
K61,Valenciennes,Charleville Mezieres,day,Valenciennes → Charleville Mezieres,FR,FR,108.67,SNCF,day,0.04899697674418605,0.151,5.324501462790698,16.40917,11.084668537209302,90.3,Back-on-Track 2022,2026-03-22,3.081822798748855,0,short
C43,Charmes,Epinal,day,Charmes → Epinal,FR,FR,24.54,SNCF,day,0.04899697674418605,0.151,1.2023858093023256,3.7055399999999996,2.503154190697674,90.4,Back-on-Track 2022,2026-03-22,3.0818227987488545,0,short
C3,Paris Montparnasse Point Rencontre Groupes,Chartres Gare Rue Nicole,day,Paris Montparnasse Point Rencontre Groupes → Chartres Rue Nicole,FR,FR,75.5,SNCF,day,0.04899697674418605,0.151,3.699271744186047,11.4005,7.701228255813952,90.2,Back-on-Track 2022,2026-03-22,3.0818227987488545,0,short
P33,Chartres,Chateaudun,day,Chartres → Chateaudun,FR,FR,43.0,SNCF,day,0.04899697674418605,0.151,2.1068700000000002,6.492999999999999,4.38613,90.3,Back-on-Track 2022,2026-03-22,3.0818227987488545,0,short
P12,Chartres,Courtalain Saint Pellerin,day,Chartres → Courtalain Saint Pellerin,FR,FR,49.22,SNCF,day,0.04899697674418605,0.151,2.4116311953488374,7.432219999999999,5.020588804651162,90.3,Back-on-Track 2022,2026-03-22,3.0818227987488545,0,short
K3,Le Mans,Chartres,day,le Mans → Chartres,FR,FR,107.92,SNCF,day,0.04899697674418605,0.151,5.287753730232558,16.29592,11.00816626976744,90.3,Back-on-Track 2022,2026-03-22,3.0818227987488545,0,short
C3,Nogent Le Rotrou,Chartres,day,Nogent le Rotrou → Chartres,FR,FR,51.39,SNCF,day,0.04899697674418605,0.151,2.517954634883721,7.7598899999999995,5.241935365116278,90.3,Back-on-Track 2022,2026-03-22,3.0818227987488545,0,short
C3,Paris Montparnasse Hall 1 2,Chartres,day,Paris Montparnasse Hall 1 2 → Chartres,FR,FR,75.57,SNCF,day,0.04899697674418605,0.151,3.7027015325581396,11.411069999999999,7.7083684674418596,90.3,Back-on-Track 2022,2026-03-22,3.0818227987488545,0,short
P33,Chartres,Tours,night,Chartres → Tours,FR,FR,131.53,SNCF,night,0.04899697674418605,0.151,6.444572351162791,19.86103,13.41645764883721,90.3,Back-on-Track 2022,2026-03-22,3.0818227987488545,0,short
P33,Chartres,Voves,day,Chartres → Voves,FR,FR,21.89,SNCF,day,0.04899697674418605,0.151,1.0725438209302327,3.30539,2.2328461790697673,90.2,Back-on-Track 2022,2026-03-22,3.0818227987488545,0,short
EXT,Montreux,Chateau D Oex,day,Montreux → Chateau d Oex,CH,CH,17.47,MOB (Montreux-Oberland Bernois),day,0.04899697674418605,0.151,0.8559771837209302,2.6379699999999997,1.7819928162790695,90.5,Back-on-Track 2022,2026-03-22,3.0818227987488545,0,short
R,Chateau D Oex,Zweisimmen,day,Chateau d Oex → Zweisimmen,CH,CH,20.59,MOB (Montreux-Oberland Bernois),day,0.04899697674418605,0.151,1.0088477511627907,3.1090899999999997,2.1002422488372092,90.2,Back-on-Track 2022,2026-03-22,3.0818227987488545,0,short
P30,Chateau Du Loir,Le Mans,day,Chateau du Loir → le Mans,FR,FR,38.49,SNCF,day,0.04899697674418605,0.151,1.8858936348837212,5.81199,3.926096365116279,90.3,Back-on-Track 2022,2026-03-22,3.0818227987488545,0,short
K2,Chateau Thierry,Saint Dizier,day,Chateau Thierry → Saint Dizier,FR,FR,120.89,SNCF,day,0.04899697674418605,0.151,5.923244518604652,18.25439,12.33114548139535,90.3,Back-on-Track 2022,2026-03-22,3.0818227987488545,0,short
K1,Paris Est,Chateau Thierry,day,Paris Est → Chateau Thierry,FR,FR,78.8,SNCF,day,0.04899697674418605,0.151,3.860961767441861,11.8988,8.037838232558139,90.3,Back-on-Track 2022,2026-03-22,3.0818227987488545,0,short
C73,Chateau Thierry,Reims,day,Chateau Thierry → Reims,FR,FR,51.04,SNCF,day,0.04899697674418605,0.151,2.500805693023256,7.707039999999999,5.206234306976743,90.3,Back-on-Track 2022,2026-03-22,3.0818227987488545,0,short
C7,Nantes,Chateaubriant Tram Train,day,Nantes → Chateaubriant Tram Train,FR,FR,57.04,SNCF Voyageurs LO,day,0.04899697674418605,0.151,2.7947875534883724,8.61304,5.818252446511627,90.3,Back-on-Track 2022,2026-03-22,3.0818227987488545,0,short
P5,Chateaubriant,Rennes,day,Chateaubriant → Rennes,FR,FR,48.44,SNCF,day,0.04899697674418605,0.151,2.3734135534883722,7.314439999999999,4.941026446511627,90.3,Back-on-Track 2022,2026-03-22,3.0818227987488545,0,short
P5,Retiers,Chateaubriant,day,Retiers → Chateaubriant,FR,FR,21.81,SNCF,day,0.04899697674418605,0.151,1.0686240627906978,3.2933099999999995,2.2246859372093017,90.1,Back-on-Track 2022,2026-03-22,3.081822798748854,0,short
P10,Chateaudun,Paris Austerlitz,day,Chateaudun → Paris Austerlitz,FR,FR,114.2,SNCF,day,0.04899697674418605,0.151,5.595454744186047,17.2442,11.648745255813953,90.3,Back-on-Track 2022,2026-03-22,3.0818227987488545,0,short
P10,Chateaudun,Paris Bercy Bourg Pays D Auv,day,Chateaudun → Paris Bercy Bourg Pays d Auv,FR,FR,114.83,SNCF,day,0.04899697674418605,0.151,5.626322839534884,17.33933,11.713007160465116,90.3,Back-on-Track 2022,2026-03-22,3.0818227987488545,0,short
P33,Tours,Chateaudun,day,Tours → Chateaudun,FR,FR,90.03,SNCF,day,0.04899697674418605,0.151,4.411197816279071,13.594529999999999,9.183332183720928,90.3,Back-on-Track 2022,2026-03-22,3.081822798748854,0,short
P4,Limoges Benedictins,Chateauroux,day,Limoges Benedictins → Chateauroux,FR,FR,113.23,SNCF,day,0.04899697674418605,0.151,5.5479276767441865,17.09773,11.549802323255811,90.3,Back-on-Track 2022,2026-03-22,3.0818227987488545,0,short
P104,Chateauroux,Orleans,day,Chateauroux → Orleans,FR,FR,123.07,SNCF,day,0.04899697674418605,0.151,6.030057927906977,18.583569999999998,12.553512072093021,90.3,Back-on-Track 2022,2026-03-22,3.0818227987488545,0,short
P104,Orleans Avenue De Paris,Chateauroux,day,Orleans Avenue de Paris → Chateauroux,FR,FR,123.11,SNCF,day,0.04899697674418605,0.151,6.032017806976745,18.58961,12.557592193023256,90.3,Back-on-Track 2022,2026-03-22,3.081822798748855,0,short
F11,Poitiers,Chatellerault,day,Poitiers → Chatellerault,FR,FR,31.02,SNCF,day,0.04899697674418605,0.151,1.5198862186046513,4.684019999999999,3.164133781395348,90.4,Back-on-Track 2022,2026-03-22,3.081822798748854,0,short
P811,Chatenois Gare,Sainte Marie Aux Mines Cite Scolaire,day,Chatenois → Sainte Marie Aux Mines Cite Scolaire,FR,FR,17.7,SNCF,day,0.04899697674418605,0.151,0.8672464883720931,2.6727,1.8054535116279067,90.2,Back-on-Track 2022,2026-03-22,3.0818227987488545,0,short
P72,Chauffailles Gambetta,Digoin,day,Chauffailles Gambetta → Digoin,FR,FR,40.92,SNCF,day,0.04899697674418605,0.151,2.0049562883720933,6.17892,4.1739637116279065,90.3,Back-on-Track 2022,2026-03-22,3.0818227987488545,0,short
INCONNU,Saint Dizier,Chaumont,day,Saint Dizier → Chaumont,FR,FR,60.81,OCEdefault,day,0.04899697674418605,0.151,2.979506155813954,9.18231,6.202803844186045,90.3,Back-on-Track 2022,2026-03-22,3.081822798748854,0,short
INCONNU,Chaumont,Joinville,day,Chaumont → Joinville,FR,FR,37.21,OCEdefault,day,0.04899697674418605,0.151,1.823177504651163,5.61871,3.795532495348837,90.3,Back-on-Track 2022,2026-03-22,3.081822798748855,0,short
C72+,Reims,Chaumont,day,Reims → Chaumont,FR,FR,151.64,SNCF,day,0.04899697674418605,0.151,7.429901553488372,22.897639999999996,15.467738446511625,90.3,Back-on-Track 2022,2026-03-22,3.0818227987488545,0,short
INCONNU,Troyes,Chaumont,day,Troyes → Chaumont,FR,FR,81.91,OCEdefault,day,0.04899697674418605,0.151,4.013342365116279,12.368409999999999,8.35506763488372,90.3,Back-on-Track 2022,2026-03-22,3.0818227987488545,0,short
INCONNU,Chaumont,Vendeuvre,day,Chaumont → Vendeuvre,FR,FR,51.56,OCEdefault,day,0.04899697674418605,0.151,2.526284120930233,7.78556,5.259275879069767,90.3,Back-on-Track 2022,2026-03-22,3.0818227987488545,0,short
P120,Saint Chely D Apcher,Mende,day,Saint Chely d Apcher → Mende,FR,FR,36.05,SNCF,day,0.04899697674418605,0.151,1.766341011627907,5.443549999999999,3.677208988372092,90.4,Back-on-Track 2022,2026-03-22,3.0818227987488545,0,short
P9,Millau,Saint Chely D Apcher,day,Millau → Saint Chely d Apcher,FR,FR,79.32,SNCF,day,0.04899697674418605,0.151,3.886440195348837,11.977319999999999,8.090879804651163,90.3,Back-on-Track 2022,2026-03-22,3.081822798748855,0,short
P9,Montpellier Saint Roch,Saint Chely D Apcher,day,Montpellier Saint Roch → Saint Chely d Apcher,FR,FR,141.7,SNCF,day,0.04899697674418605,0.151,6.942871604651163,21.3967,14.453828395348836,90.3,Back-on-Track 2022,2026-03-22,3.0818227987488545,0,short
IC 17,Chemnitz Hbf,Rostock Hbf,day,Chemnitz → Rostock,DE,DE,364.16,DB,day,0.04899697674418605,0.151,17.842739051162795,54.98816,37.145420948837206,90.3,Back-on-Track 2022,2026-03-22,3.0818227987488545,0,short
R,Chene Bourg,Coppet,day,Chene Bourg → Coppet,CH,CH,13.45,SBB (Schweizerische Bundesbahnen SBB),day,0.04899697674418605,0.151,0.6590093372093023,2.03095,1.3719406627906974,90.2,Back-on-Track 2022,2026-03-22,3.0818227987488545,0,short
K2+,Cherbourg,Evreux Normandie,day,Cherbourg → Evreux Normandie,FR,FR,212.13,SNCF,day,0.04899697674418605,0.151,10.393728676744187,32.03163,21.63790132325581,90.3,Back-on-Track 2022,2026-03-22,3.0818227987488545,0,short
K2+,Paris Saint Lazare,Cherbourg,night,Paris Saint Lazare → Cherbourg,FR,FR,298.52,SNCF,night,0.04899697674418605,0.151,14.626577497674418,45.076519999999995,30.449942502325577,90.3,Back-on-Track 2022,2026-03-22,3.0818227987488545,0,short
RE,Chiasso,Locarno,day,Chiasso → Locarno,CH,CH,41.8,SBB (Schweizerische Bundesbahnen SBB),day,0.04899697674418605,0.151,2.0480736279069767,6.311799999999999,4.263726372093022,90.2,Back-on-Track 2022,2026-03-22,3.0818227987488545,0,short
RE,Lugano,Chiasso,day,Lugano → Chiasso,CH,CH,20.35,SBB (Schweizerische Bundesbahnen SBB),day,0.04899697674418605,0.151,0.9970884767441862,3.0728500000000003,2.075761523255814,90.4,Back-on-Track 2022,2026-03-22,3.081822798748855,0,short
IC21,Olten,Chiasso,day,Olten → Chiasso,CH,CH,189.55,SBB (Schweizerische Bundesbahnen SBB),day,0.04899697674418605,0.151,9.287376941860467,28.62205,19.334673058139536,90.3,Back-on-Track 2022,2026-03-22,3.0818227987488545,0,short
EC,Zurich Hb,Chiasso,day,Zurich Hb → Chiasso,CH,CH,175.96,SBB (Schweizerische Bundesbahnen SBB),day,0.04899697674418605,0.151,8.621508027906978,26.569960000000002,17.948451972093025,90.3,Back-on-Track 2022,2026-03-22,3.0818227987488545,0,short
P21,Tours,Chinon,day,Tours → Chinon,FR,FR,41.76,SNCF,day,0.04899697674418605,0.151,2.046113748837209,6.305759999999999,4.25964625116279,90.3,Back-on-Track 2022,2026-03-22,3.081822798748855,0,short
K6,Cholet,Nantes,day,Cholet → Nantes,FR,FR,53.57,SNCF,day,0.04899697674418605,0.151,2.624768044186047,8.08907,5.464301955813953,90.3,Back-on-Track 2022,2026-03-22,3.0818227987488545,0,short
C20,Cholet,Saumur,day,Cholet → Saumur,FR,FR,64.46,SNCF,day,0.04899697674418605,0.151,3.1583451209302327,9.73346,6.575114879069766,90.3,Back-on-Track 2022,2026-03-22,3.0818227987488545,0,short
HU1,Chop,Hegyeshalom Palyaudvar,night,Chop → Hegyeshalom Palyaudvar,AT,AT,379.48,ÖBB,night,0.04899697674418605,0.151,18.593372734883722,57.30148,38.708107265116276,90.3,Back-on-Track 2022,2026-03-22,3.0818227987488545,0,short
PE,Disentis Muster,Chur,day,Disentis Muster → Chur,CH,CH,53.88,RhB (Rhätische Bahn),day,0.04899697674418605,0.151,2.6399571069767447,8.13588,5.4959228930232555,90.3,Back-on-Track 2022,2026-03-22,3.0818227987488545,0,short
IR38,Filisur,Chur,day,Filisur → Chur,CH,CH,22.98,RhB (Rhätische Bahn),day,0.04899697674418605,0.151,1.1259505255813955,3.46998,2.3440294744186048,90.3,Back-on-Track 2022,2026-03-22,3.0818227987488545,0,short
Frankfurt(Main)Hbf → Chur,Frankfurt Main Hbf,Chur,night,Frankfurt Main → Chur,DE,DE,367.4,SBB,night,0.04899697674418605,0.151,18.001489255813954,55.477399999999996,37.47591074418604,90.3,Back-on-Track 2022,2026-03-22,3.0818227987488545,0,short
IC,Chur,Geneve Aeroport,day,Chur → Geneve Aeroport,CH,CH,270.26,SBB (Schweizerische Bundesbahnen SBB),day,0.04899697674418605,0.151,13.241922934883721,40.809259999999995,27.567337065116273,90.3,Back-on-Track 2022,2026-03-22,3.0818227987488545,0,short
Chur → Hamburg Hbf,Chur,Hamburg Hbf,day,Chur → Hamburg,DE,DE,745.74,DB,day,0.04899697674418605,0.151,36.539005437209305,112.60674,76.06773456279069,90.3,Back-on-Track 2022,2026-03-22,3.081822798748855,0,medium
Hamburg-Altona → Chur,Hamburg Altona,Chur,night,Hamburg Altona → Chur,DE,DE,745.52,SBB,night,0.04899697674418605,0.151,36.52822610232558,112.57351999999999,76.04529389767441,90.3,Back-on-Track 2022,2026-03-22,3.0818227987488545,0,medium
Hamburg-Harburg → Chur,Hamburg Harburg,Chur,night,Hamburg Harburg → Chur,DE,DE,734.94,SBB,night,0.04899697674418605,0.151,36.0098380883721,110.97594000000001,74.9661019116279,90.3,Back-on-Track 2022,2026-03-22,3.0818227987488545,0,medium
RE,Ilanz,Chur,day,Ilanz → Chur,CH,CH,25.93,RhB (Rhätische Bahn),day,0.04899697674418605,0.151,1.2704916069767442,3.9154299999999997,2.6449383930232555,90.3,Back-on-Track 2022,2026-03-22,3.0818227987488545,0,short
Kiel Hbf → Chur,Kiel Hbf,Chur,day,Kiel → Chur,DE,DE,830.81,SBB,day,0.04899697674418605,0.151,40.70717824883721,125.45230999999998,84.74513175116277,90.3,Back-on-Track 2022,2026-03-22,3.0818227987488545,0,medium
IR35,Lachen Sz,Chur,day,Lachen Sz → Chur,CH,CH,63.5,SOB-sob (Schweizerische Südostbahn (sob)),day,0.04899697674418605,0.151,3.1113080232558143,9.5885,6.4771919767441855,90.3,Back-on-Track 2022,2026-03-22,3.0818227987488545,0,short
S1,Landquart,Chur,day,Landquart → Chur,CH,CH,12.86,RhB (Rhätische Bahn),day,0.04899697674418605,0.151,0.6301011209302326,1.94186,1.3117588790697674,90.3,Back-on-Track 2022,2026-03-22,3.0818227987488545,0,short
IC,Chur,Lausanne,day,Chur → Lausanne,CH,CH,224.33,SBB (Schweizerische Bundesbahnen SBB),day,0.04899697674418605,0.151,10.991491793023258,33.87383,22.88233820697674,90.3,Back-on-Track 2022,2026-03-22,3.0818227987488545,0,short
IC,Chur,Olten,day,Chur → Olten,CH,CH,134.66,SBB (Schweizerische Bundesbahnen SBB),day,0.04899697674418605,0.151,6.597932888372093,20.33366,13.735727111627906,90.3,Back-on-Track 2022,2026-03-22,3.0818227987488545,0,short
RE,Rapperswil Sg,Chur,day,Rapperswil Sg → Chur,CH,CH,67.98,SBB (Schweizerische Bundesbahnen SBB),day,0.04899697674418605,0.151,3.330814479069768,10.26498,6.9341655209302315,90.3,Back-on-Track 2022,2026-03-22,3.0818227987488545,0,short
S2,Chur,Rhazuns,day,Chur → Rhazuns,CH,CH,11.51,RhB (Rhätische Bahn),day,0.04899697674418605,0.151,0.5639552023255814,1.7380099999999998,1.1740547976744184,90.4,Back-on-Track 2022,2026-03-22,3.081822798748855,0,short
S1,Chur,Rothenbrunnen,day,Chur → Rothenbrunnen,CH,CH,12.61,RhB (Rhätische Bahn),day,0.04899697674418605,0.151,0.6178518767441861,1.9041099999999997,1.2862581232558137,90.1,Back-on-Track 2022,2026-03-22,3.0818227987488545,0,short
IR38,Samedan,Chur,day,Samedan → Chur,CH,CH,44.16,RhB (Rhätische Bahn),day,0.04899697674418605,0.151,2.163706493023256,6.668159999999999,4.504453506976743,90.3,Back-on-Track 2022,2026-03-22,3.0818227987488545,0,short
S12,Sargans,Chur,day,Sargans → Chur,CH,CH,22.22,THURBO (THURBO),day,0.04899697674418605,0.151,1.088712823255814,3.3552199999999996,2.2665071767441853,90.3,Back-on-Track 2022,2026-03-22,3.081822798748854,0,short
S,Chur,Schiers,day,Chur → Schiers,CH,CH,17.59,RhB (Rhätische Bahn),day,0.04899697674418605,0.151,0.8618568209302326,2.65609,1.7942331790697672,90.1,Back-on-Track 2022,2026-03-22,3.0818227987488545,0,short
IR13,Chur,St Gallen,day,Chur → St Gallen,CH,CH,64.52,SOB-sob (Schweizerische Südostbahn (sob)),day,0.04899697674418605,0.151,3.161284939534884,9.742519999999999,6.581235060465115,90.3,Back-on-Track 2022,2026-03-22,3.0818227987488545,0,short
EXT,St Moritz,Chur,day,St Moritz → Chur,CH,CH,46.3,RhB (Rhätische Bahn),day,0.04899697674418605,0.151,2.268560023255814,6.991299999999999,4.722739976744185,90.3,Back-on-Track 2022,2026-03-22,3.0818227987488545,0,short
R,Chur,Thusis,day,Chur → Thusis,CH,CH,18.51,RhB (Rhätische Bahn),day,0.04899697674418605,0.151,0.9069340395348838,2.79501,1.888075960465116,90.3,Back-on-Track 2022,2026-03-22,3.0818227987488545,0,short
PE,Chur,Tirano,day,Chur → Tirano,CH,CH,86.04,RhB (Rhätische Bahn),day,0.04899697674418605,0.151,4.215699879069768,12.992040000000001,8.776340120930232,90.3,Back-on-Track 2022,2026-03-22,3.081822798748855,0,short
RE,Chur,Versam Safien,day,Chur → Versam Safien,CH,CH,17.39,RhB (Rhätische Bahn),day,0.04899697674418605,0.151,0.8520574255813954,2.62589,1.7738325744186048,90.4,Back-on-Track 2022,2026-03-22,3.081822798748855,0,short
IR35,Ziegelbrucke,Chur,day,Ziegelbrucke → Chur,CH,CH,47.49,SOB-sob (Schweizerische Südostbahn (sob)),day,0.04899697674418605,0.151,2.326866425581396,7.17099,4.844123574418604,90.4,Back-on-Track 2022,2026-03-22,3.0818227987488545,0,short
IC,Chur,Zurich Hb,day,Chur → Zurich Hb,CH,CH,94.9,SBB (Schweizerische Bundesbahnen SBB),day,0.04899697674418605,0.151,4.649813093023257,14.3299,9.680086906976744,90.3,Back-on-Track 2022,2026-03-22,3.0818227987488545,0,short
EXT,Samedan,Cinuos Chel Brail,day,Samedan → Cinuos Chel Brail,CH,CH,16.2,RhB (Rhätische Bahn),day,0.04899697674418605,0.151,0.793751023255814,2.4461999999999997,1.6524489767441857,90.1,Back-on-Track 2022,2026-03-22,3.0818227987488545,0,short
EXT,Cinuos Chel Brail,St Moritz,day,Cinuos Chel Brail → St Moritz,CH,CH,20.54,RhB (Rhätische Bahn),day,0.04899697674418605,0.151,1.0063979023255814,3.10154,2.095142097674419,90.2,Back-on-Track 2022,2026-03-22,3.081822798748855,0,short
P15,Clamecy,Corbigny,day,Clamecy → Corbigny,FR,FR,26.35,SNCF,day,0.04899697674418605,0.151,1.2910703372093024,3.97885,2.687779662790698,90.2,Back-on-Track 2022,2026-03-22,3.081822798748855,0,short
P15,Laroche Migennes,Clamecy,day,Laroche Migennes → Clamecy,FR,FR,54.97,SNCF,day,0.04899697674418605,0.151,2.6933638116279073,8.300469999999999,5.607106188372091,90.3,Back-on-Track 2022,2026-03-22,3.081822798748854,0,short
P15,Montereau,Clamecy,day,Montereau → Clamecy,FR,FR,110.29,SNCF,day,0.04899697674418605,0.151,5.4038765651162795,16.65379,11.249913434883721,90.3,Back-on-Track 2022,2026-03-22,3.081822798748855,0,short
TER,Clamecy,Paris Bercy,day,Clamecy → Paris Bercy,CH,CH,174.35,SNCF (Société Nationale des Chemins de fer Français),day,0.04899697674418605,0.151,8.542622895348838,26.326849999999997,17.78422710465116,90.3,Back-on-Track 2022,2026-03-22,3.081822798748854,0,short
P15,Clamecy,Paris Bercy Bourg Pays D Auv,day,Clamecy → Paris Bercy Bourg Pays d Auv,FR,FR,174.4,SNCF,day,0.04899697674418605,0.151,8.545072744186047,26.3344,17.78932725581395,90.3,Back-on-Track 2022,2026-03-22,3.0818227987488545,0,short
TER,Clamecy,Paris Gare De Lyon,day,Clamecy → Paris de Lyon,CH,CH,175.22,SNCF (Société Nationale des Chemins de fer Français),day,0.04899697674418605,0.151,8.58525026511628,26.45822,17.87296973488372,90.3,Back-on-Track 2022,2026-03-22,3.081822798748855,0,short
P15,Clamecy,Paris Gare De Lyon Hall 1 2,day,Clamecy → Paris de Lyon Hall 1 2,FR,FR,175.29,SNCF,day,0.04899697674418605,0.151,8.588680053488373,26.46879,17.880109946511624,90.3,Back-on-Track 2022,2026-03-22,3.0818227987488545,0,short
P8,Dole,Saint Claude,day,Dole → Saint Claude,FR,FR,83.49,SNCF,day,0.04899697674418605,0.151,4.090757588372093,12.60699,8.516232411627907,90.3,Back-on-Track 2022,2026-03-22,3.081822798748855,0,short
E15,Saint Claude,Lyon Part Dieu Gare Routiere,day,Saint Claude → Lyon Part Dieu,FR,FR,103.96,SNCF,day,0.04899697674418605,0.151,5.093725702325582,15.697959999999998,10.604234297674417,90.2,Back-on-Track 2022,2026-03-22,3.0818227987488545,0,short
INCONNU,Mouchard,Saint Claude,day,Mouchard → Saint Claude,FR,FR,65.42,OCEdefault,day,0.04899697674418605,0.151,3.2053822186046514,9.87842,6.673037781395349,90.2,Back-on-Track 2022,2026-03-22,3.081822798748855,0,short
P25,Grenoble,Clelles Mairie,day,Grenoble → Clelles Mairie,FR,FR,41.27,SNCF,day,0.04899697674418605,0.151,2.0221052302325586,6.23177,4.209664769767441,90.2,Back-on-Track 2022,2026-03-22,3.081822798748854,0,short
P24,Clelles Mens,Gap,day,Clelles Mens → Gap,FR,FR,47.98,SNCF,day,0.04899697674418605,0.151,2.3508749441860464,7.244979999999999,4.894105055813952,90.3,Back-on-Track 2022,2026-03-22,3.081822798748855,0,short
P25,Grenoble,Clelles Mens,day,Grenoble → Clelles Mens,FR,FR,41.4,SNCF,day,0.04899697674418605,0.151,2.0284748372093024,6.251399999999999,4.2229251627906965,90.3,Back-on-Track 2022,2026-03-22,3.0818227987488545,0,short
P24,Clelles Mens,Veynes Devoluy,day,Clelles Mens → Veynes Devoluy,FR,FR,36.82,SNCF,day,0.04899697674418605,0.151,1.8040686837209303,5.55982,3.7557513162790697,90.2,Back-on-Track 2022,2026-03-22,3.081822798748855,0,short
P27,Figeac,Clermont Ferrand,day,Figeac → Clermont Ferrand,FR,FR,154.99,SNCF,day,0.04899697674418605,0.151,7.594041425581397,23.40349,15.809448574418605,90.3,Back-on-Track 2022,2026-03-22,3.0818227987488545,0,short
C71,Gannat,Clermont Ferrand,day,Gannat → Clermont Ferrand,FR,FR,36.34,SNCF,day,0.04899697674418605,0.151,1.7805501348837212,5.4873400000000006,3.7067898651162796,90.2,Back-on-Track 2022,2026-03-22,3.081822798748855,0,short
C2,Clermont Ferrand,Saint Germain Des Fosses,day,Clermont Ferrand → Saint Germain des Fosses,FR,FR,54.22,SNCF,day,0.04899697674418605,0.151,2.6566160790697677,8.18722,5.530603920930233,90.3,Back-on-Track 2022,2026-03-22,3.0818227987488545,0,short
C7,Issoire,Clermont Ferrand,day,Issoire → Clermont Ferrand,FR,FR,28.72,SNCF,day,0.04899697674418605,0.151,1.4071931720930233,4.33672,2.9295268279069764,90.3,Back-on-Track 2022,2026-03-22,3.0818227987488545,0,short
P17,La Bastide St Laurent Les B,Clermont Ferrand,day,la Bastide St Laurent les B → Clermont Ferrand,FR,FR,146.09,SNCF,day,0.04899697674418605,0.151,7.1579683325581405,22.05959,14.901621667441859,90.3,Back-on-Track 2022,2026-03-22,3.0818227987488545,0,short
TER,Langeac,Clermont Ferrand,day,Langeac → Clermont Ferrand,CH,CH,81.24,SNCF (Société Nationale des Chemins de fer Français),day,0.04899697674418605,0.151,3.9805143906976745,12.26724,8.286725609302325,90.3,Back-on-Track 2022,2026-03-22,3.0818227987488545,0,short
P17,Clermont Ferrand,Langogne,day,Clermont Ferrand → Langogne,FR,FR,130.56,SNCF,day,0.04899697674418605,0.151,6.397045283720931,19.71456,13.317514716279067,90.3,Back-on-Track 2022,2026-03-22,3.0818227987488545,0,short
P37,Clermont Ferrand,Le Puy En Velay,night,Clermont Ferrand → le Puy En Velay,FR,FR,102.57,SNCF,night,0.04899697674418605,0.151,5.025619904651163,15.488069999999999,10.462450095348835,90.3,Back-on-Track 2022,2026-03-22,3.081822798748855,0,short
INCONNU,Les Ancizes St Georges Bourg,Clermont Ferrand,day,les Ancizes St Georges Bourg → Clermont Ferrand,FR,FR,27.88,OCEdefault,day,0.04899697674418605,0.151,1.366035711627907,4.20988,2.843844288372093,90.3,Back-on-Track 2022,2026-03-22,3.081822798748855,0,short
K2,Clermont Ferrand,Lyon Part Dieu,day,Clermont Ferrand → Lyon Part Dieu,FR,FR,136.44,SNCF,day,0.04899697674418605,0.151,6.685147506976745,20.602439999999998,13.917292493023254,90.3,Back-on-Track 2022,2026-03-22,3.0818227987488545,0,short
K2,Clermont Ferrand,Lyon Perrache,day,Clermont Ferrand → Lyon Perrache,FR,FR,133.87,SNCF,day,0.04899697674418605,0.151,6.559225276744187,20.21437,13.655144723255813,90.3,Back-on-Track 2022,2026-03-22,3.081822798748854,0,short
K150,Mende,Clermont Ferrand,day,Mende → Clermont Ferrand,FR,FR,143.23,SNCF,day,0.04899697674418605,0.151,7.0178369790697674,21.627729999999996,14.60989302093023,90.3,Back-on-Track 2022,2026-03-22,3.0818227987488545,0,short
C2,Clermont Ferrand,Montchanin,day,Clermont Ferrand → Montchanin,FR,FR,152.14,SNCF,day,0.04899697674418605,0.151,7.454400041860465,22.973139999999997,15.518739958139532,90.3,Back-on-Track 2022,2026-03-22,3.0818227987488545,0,short
P22,Montlucon,Clermont Ferrand,day,Montlucon → Clermont Ferrand,FR,FR,73.35,SNCF,day,0.04899697674418605,0.151,3.5939282441860465,11.075849999999999,7.481921755813953,90.2,Back-on-Track 2022,2026-03-22,3.081822798748855,0,short
C2,Moulins Sur Allier,Clermont Ferrand,day,Moulins Sur Allier → Clermont Ferrand,FR,FR,88.92,SNCF,day,0.04899697674418605,0.151,4.356811172093024,13.426919999999999,9.070108827906974,90.3,Back-on-Track 2022,2026-03-22,3.0818227987488545,0,short
723A,Neussargues,Clermont Ferrand,day,Neussargues → Clermont Ferrand,FR,FR,73.28,SNCF,day,0.04899697674418605,0.151,3.590498455813954,11.06528,7.474781544186046,90.2,Back-on-Track 2022,2026-03-22,3.0818227987488545,0,short
C2,Clermont Ferrand,Nevers,day,Clermont Ferrand → Nevers,FR,FR,134.42,SNCF,day,0.04899697674418605,0.151,6.5861736139534885,20.29742,13.711246386046511,90.3,Back-on-Track 2022,2026-03-22,3.081822798748855,0,short
TER,Nimes,Clermont Ferrand,day,Nimes → Clermont Ferrand,CH,CH,238.32,SNCF (Société Nationale des Chemins de fer Français),day,0.04899697674418605,0.151,11.676959497674419,35.98632,24.309360502325582,90.3,Back-on-Track 2022,2026-03-22,3.081822798748855,0,short
P17,Nimes Centre,Clermont Ferrand,day,Nimes Centre → Clermont Ferrand,FR,FR,238.36,SNCF,day,0.04899697674418605,0.151,11.678919376744188,35.99236,24.313440623255808,90.3,Back-on-Track 2022,2026-03-22,3.081822798748854,0,short
722A,Paris Austerlitz,Clermont Ferrand,day,Paris Austerlitz → Clermont Ferrand,FR,FR,345.11,SNCF,day,0.04899697674418605,0.151,16.909346644186048,52.11161,35.202263355813955,90.3,Back-on-Track 2022,2026-03-22,3.0818227987488545,0,short
IC,Paris Bercy,Clermont Ferrand,day,Paris Bercy → Clermont Ferrand,CH,CH,344.58,SNCF (Société Nationale des Chemins de fer Français),day,0.04899697674418605,0.151,16.88337824651163,52.03158,35.148201753488365,90.3,Back-on-Track 2022,2026-03-22,3.0818227987488545,0,short
722A,Clermont Ferrand,Paris Bercy Bourg Pays D Auv,night,Clermont Ferrand → Paris Bercy Bourg Pays D Auv,FR,FR,344.56,SNCF,night,0.04899697674418605,0.151,16.882398306976746,52.02856,35.14616169302325,90.3,Back-on-Track 2022,2026-03-22,3.0818227987488545,0,short
C2,Clermont Ferrand,Riom Chatel Guyon,day,Clermont Ferrand → Riom Chatel Guyon,FR,FR,12.44,SNCF,day,0.04899697674418605,0.151,0.6095223906976744,1.8784399999999999,1.2689176093023256,90.5,Back-on-Track 2022,2026-03-22,3.0818227987488545,0,short
C10,Thiers,Clermont Ferrand,day,Thiers → Clermont Ferrand,FR,FR,35.49,SNCF,day,0.04899697674418605,0.151,1.7389027046511631,5.35899,3.620087295348837,90.2,Back-on-Track 2022,2026-03-22,3.0818227987488545,0,short
P27,Toulouse Matabiau,Clermont Ferrand,day,Toulouse Matabiau → Clermont Ferrand,FR,FR,273.93,SNCF,day,0.04899697674418605,0.151,13.421741839534885,41.36343,27.941688160465116,90.3,Back-on-Track 2022,2026-03-22,3.081822798748855,0,short
C10,Vertaizon,Clermont Ferrand,day,Vertaizon → Clermont Ferrand,FR,FR,14.57,SNCF,day,0.04899697674418605,0.151,0.7138859511627907,2.20007,1.4861840488372096,90.5,Back-on-Track 2022,2026-03-22,3.081822798748855,0,short
C7,Vic Le Comte,Clermont Ferrand,day,Vic le Comte → Clermont Ferrand,FR,FR,15.13,SNCF,day,0.04899697674418605,0.151,0.741324258139535,2.28463,1.543305741860465,90.4,Back-on-Track 2022,2026-03-22,3.0818227987488545,0,short
C2,Clermont Ferrand,Vichy,day,Clermont Ferrand → Vichy,FR,FR,46.35,SNCF,day,0.04899697674418605,0.151,2.2710098720930234,6.99885,4.727840127906976,90.3,Back-on-Track 2022,2026-03-22,3.081822798748855,0,short
C40,Volvic,Clermont Ferrand,day,Volvic → Clermont Ferrand,FR,FR,12.16,SNCF,day,0.04899697674418605,0.151,0.5958032372093024,1.83616,1.2403567627906975,90.3,Back-on-Track 2022,2026-03-22,3.0818227987488545,0,short
C6,Nantes,Clisson,day,Nantes → Clisson,FR,FR,24.25,SNCF Voyageurs LO,day,0.04899697674418605,0.151,1.1881766860465117,3.66175,2.473573313953488,90.3,Back-on-Track 2022,2026-03-22,3.081822798748855,0,short
C43,Saint Gervais Les Bains Le Fayet,Cluses,day,Saint Gervais les Bains le Fayet → Cluses,FR,FR,19.52,SNCF,day,0.04899697674418605,0.151,0.9564209860465117,2.94752,1.9910990139534883,90.4,Back-on-Track 2022,2026-03-22,3.0818227987488545,0,short
P15,Metzeral,Colmar,day,Metzeral → Colmar,FR,FR,21.47,SNCF,day,0.04899697674418605,0.151,1.0519650906976745,3.24197,2.190004909302325,90.3,Back-on-Track 2022,2026-03-22,3.0818227987488545,0,short
C10,Mulhouse,Colmar,day,Mulhouse → Colmar,FR,FR,36.79,SNCF,day,0.04899697674418605,0.151,1.8025987744186047,5.555289999999999,3.752691225581395,90.2,Back-on-Track 2022,2026-03-22,3.0818227987488545,0,short
P15,Munster,Colmar,day,Munster → Colmar,FR,FR,16.39,SNCF,day,0.04899697674418605,0.151,0.8030604488372094,2.47489,1.6718295511627903,90.3,Back-on-Track 2022,2026-03-22,3.0818227987488545,0,short
807B,Colmar,Paris Est,day,Colmar → Paris Est,FR,FR,378.41,SNCF,day,0.04899697674418605,0.151,18.540945969767446,57.13991,38.59896403023255,90.3,Back-on-Track 2022,2026-03-22,3.0818227987488545,0,short
C10,Colmar,Raedersheim,day,Colmar → Raedersheim,FR,FR,21.29,SNCF,day,0.04899697674418605,0.151,1.043145634883721,3.21479,2.171644365116279,90.2,Back-on-Track 2022,2026-03-22,3.081822798748855,0,short
C20+,Strasbourg,Colmar,day,Strasbourg → Colmar,FR,FR,63.65,SNCF,day,0.04899697674418605,0.151,3.118657569767442,9.61115,6.492492430232558,90.3,Back-on-Track 2022,2026-03-22,3.081822798748855,0,short
C6,L Isle Jourdain,Colomiers,day,l Isle Jourdain → Colomiers,FR,FR,19.73,SNCF,day,0.04899697674418605,0.151,0.9667103511627908,2.97923,2.012519648837209,90.1,Back-on-Track 2022,2026-03-22,3.0818227987488545,0,short
P23,Montlucon,Commentry,day,Montlucon → Commentry,FR,FR,12.03,SNCF,day,0.04899697674418605,0.151,0.5894336302325581,1.8165299999999998,1.2270963697674415,90.2,Back-on-Track 2022,2026-03-22,3.0818227987488545,0,short
C46+,Luneville,Commercy,day,Luneville → Commercy,FR,FR,69.56,SNCF,day,0.04899697674418605,0.151,3.4082297023255816,10.50356,7.095330297674419,90.3,Back-on-Track 2022,2026-03-22,3.081822798748855,0,short
C46,Commercy,Nancy,day,Commercy → Nancy,FR,FR,43.8,SNCF,day,0.04899697674418605,0.151,2.1460675813953487,6.6137999999999995,4.467732418604651,90.3,Back-on-Track 2022,2026-03-22,3.081822798748855,0,short
C46+,Commercy,Revigny,day,Commercy → Revigny,FR,FR,44.65,SNCF,day,0.04899697674418605,0.151,2.187715011627907,6.74215,4.554434988372092,90.2,Back-on-Track 2022,2026-03-22,3.081822798748855,0,short
S10,Como Camerlata,Mendrisio,day,Como Camerlata → Mendrisio,CH,CH,12.23,SBB (Schweizerische Bundesbahnen SBB),day,0.04899697674418605,0.151,0.5992330255813955,1.84673,1.2474969744186044,90.3,Back-on-Track 2022,2026-03-22,3.0818227987488545,0,short
Frankfurt(Main)Hbf → Como S. Giovanni,Frankfurt Main Hbf,Como S Giovanni,day,Frankfurt Main → Como S Giovanni,DE,DE,478.9,SBB,day,0.04899697674418605,0.151,23.4646521627907,72.31389999999999,48.84924783720929,90.3,Back-on-Track 2022,2026-03-22,3.0818227987488545,0,short
RE,Locarno,Como S Giovanni,day,Locarno → Como S Giovanni,CH,CH,45.53,SBB (Schweizerische Bundesbahnen SBB),day,0.04899697674418605,0.151,2.2308323511627908,6.87503,4.644197648837209,90.2,Back-on-Track 2022,2026-03-22,3.081822798748855,0,short
EC,Lugano,Como S Giovanni,day,Lugano → Como S Giovanni,CH,CH,23.92,SBB (Schweizerische Bundesbahnen SBB),day,0.04899697674418605,0.151,1.1720076837209303,3.61192,2.4399123162790697,90.4,Back-on-Track 2022,2026-03-22,3.081822798748855,0,short
EC,Olten,Como S Giovanni,day,Olten → Como S Giovanni,CH,CH,193.29,SBB (Schweizerische Bundesbahnen SBB),day,0.04899697674418605,0.151,9.47062563488372,29.18679,19.716164365116278,90.3,Back-on-Track 2022,2026-03-22,3.081822798748855,0,short
EC,Como S Giovanni,Zurich Hb,day,Como S Giovanni → Zurich Hb,CH,CH,179.17,SBB (Schweizerische Bundesbahnen SBB),day,0.04899697674418605,0.151,8.778788323255814,27.054669999999998,18.275881676744184,90.3,Back-on-Track 2022,2026-03-22,3.081822798748855,0,short
C13,Compiegne,Creil,day,Compiegne → Creil,FR,FR,31.12,SNCF,day,0.04899697674418605,0.151,1.52478591627907,4.69912,3.1743340837209297,90.2,Back-on-Track 2022,2026-03-22,3.0818227987488545,0,short
K13,Compiegne,Maubeuge,day,Compiegne → Maubeuge,FR,FR,125.18,SNCF,day,0.04899697674418605,0.151,6.13344154883721,18.90218,12.768738451162791,90.3,Back-on-Track 2022,2026-03-22,3.081822798748855,0,short
C13,Compiegne,Paris Gare Du Nord,day,Compiegne → Paris du Nord,FR,FR,69.23,SNCF,day,0.04899697674418605,0.151,3.3920607000000005,10.45373,7.0616693,90.3,Back-on-Track 2022,2026-03-22,3.0818227987488545,0,short
K14,Compiegne,Saint Quentin,day,Compiegne → Saint Quentin,FR,FR,57.64,SNCF,day,0.04899697674418605,0.151,2.824185739534884,8.70364,5.879454260465116,90.2,Back-on-Track 2022,2026-03-22,3.081822798748855,0,short
P14,Ribecourt,Compiegne,day,Ribecourt → Compiegne,FR,FR,11.99,SNCF,day,0.04899697674418605,0.151,0.5874737511627908,1.81049,1.2230162488372092,90.2,Back-on-Track 2022,2026-03-22,3.0818227987488545,0,short
P14,Tergnier,Compiegne,day,Tergnier → Compiegne,FR,FR,43.16,SNCF,day,0.04899697674418605,0.151,2.1147095162790697,6.51716,4.40245048372093,90.4,Back-on-Track 2022,2026-03-22,3.081822798748855,0,short
P57,Conflans Jarny,Hagondange,day,Conflans Jarny → Hagondange,FR,FR,23.63,SNCF,day,0.04899697674418605,0.151,1.1577985604651164,3.5681299999999996,2.4103314395348834,90.3,Back-on-Track 2022,2026-03-22,3.081822798748854,0,short
P47,Conflans Jarny,Longwy,day,Conflans Jarny → Longwy,FR,FR,39.22,SNCF,day,0.04899697674418605,0.151,1.9216614279069768,5.922219999999999,4.000558572093023,90.3,Back-on-Track 2022,2026-03-22,3.0818227987488545,0,short
P560,Conflans Jarny,Metz,day,Conflans Jarny → Metz,FR,FR,23.35,SNCF,day,0.04899697674418605,0.151,1.1440794069767444,3.52585,2.3817705930232558,90.2,Back-on-Track 2022,2026-03-22,3.0818227987488545,0,short
TER,Metz Ville,Conflans Jarny,day,Metz Ville → Conflans Jarny,CH,CH,23.4,SNCF (Société Nationale des Chemins de fer Français),day,0.04899697674418605,0.151,1.1465292558139535,3.5334,2.386870744186046,90.2,Back-on-Track 2022,2026-03-22,3.081822798748855,0,short
P47,Nancy,Conflans Jarny,day,Nancy → Conflans Jarny,FR,FR,57.5,SNCF,day,0.04899697674418605,0.151,2.817326162790698,8.6825,5.865173837209301,90.3,Back-on-Track 2022,2026-03-22,3.0818227987488545,0,short
P560,Conflans Jarny,Verdun,day,Conflans Jarny → Verdun,FR,FR,35.5,SNCF,day,0.04899697674418605,0.151,1.7393926744186048,5.3605,3.621107325581395,90.2,Back-on-Track 2022,2026-03-22,3.081822798748855,0,short
P851,Mirecourt,Contrexeville Centre,day,Mirecourt → Contrexeville Centre,FR,FR,21.62,SNCF,day,0.04899697674418605,0.151,1.0593146372093025,3.26462,2.205305362790697,90.4,Back-on-Track 2022,2026-03-22,3.081822798748854,0,short
P851,Nancy,Contrexeville Centre,day,Nancy → Contrexeville Centre,FR,FR,59.9,SNCF,day,0.04899697674418605,0.151,2.9349189069767445,9.0449,6.109981093023256,90.3,Back-on-Track 2022,2026-03-22,3.0818227987488545,0,short
RE,Coppet,Etoy,day,Coppet → Etoy,CH,CH,25.39,SBB (Schweizerische Bundesbahnen SBB),day,0.04899697674418605,0.151,1.2440332395348839,3.83389,2.589856760465116,90.2,Back-on-Track 2022,2026-03-22,3.0818227987488545,0,short
L1,Coppet,Evian Les Bains,day,Coppet → Evian les Bains,FR,FR,31.21,SNCF,day,0.04899697674418605,0.151,1.5291956441860466,4.71271,3.183514355813954,90.2,Back-on-Track 2022,2026-03-22,3.081822798748855,0,short
R,Coppet,Geneve,day,Coppet → Geneve,CH,CH,12.42,SBB (Schweizerische Bundesbahnen SBB),day,0.04899697674418605,0.151,0.6085424511627907,1.8754199999999999,1.266877548837209,90.5,Back-on-Track 2022,2026-03-22,3.0818227987488545,0,short
L3,Coppet,Saint Gervais Les Bains Le Fayet,day,Coppet → Saint Gervais les Bains le Fayet,FR,FR,60.46,SNCF,day,0.04899697674418605,0.151,2.9623572139534886,9.12946,6.167102786046511,90.2,Back-on-Track 2022,2026-03-22,3.0818227987488545,0,short
L1,Coppet,Thonon Les Bains,day,Coppet → Thonon les Bains,FR,FR,23.27,SNCF,day,0.04899697674418605,0.151,1.1401596488372094,3.5137699999999996,2.37361035116279,90.1,Back-on-Track 2022,2026-03-22,3.0818227987488545,0,short
P12,Decize,Cosne Sur Loire,day,Decize → Cosne Sur Loire,FR,FR,75.84,SNCF,day,0.04899697674418605,0.151,3.7159307162790705,11.45184,7.735909283720931,90.3,Back-on-Track 2022,2026-03-22,3.0818227987488545,0,short
K2+,Les Aubrais Gare Routiere,Cosne Sur Loire,day,les Aubrais → Cosne Sur Loire,FR,FR,95.57,SNCF,day,0.04899697674418605,0.151,4.68264106744186,14.431069999999998,9.748428932558138,90.3,Back-on-Track 2022,2026-03-22,3.0818227987488545,0,short
P12,Cosne Sur Loire,Nevers,day,Cosne Sur Loire → Nevers,FR,FR,50.24,SNCF,day,0.04899697674418605,0.151,2.4616081116279074,7.58624,5.124631888372093,90.3,Back-on-Track 2022,2026-03-22,3.0818227987488545,0,short
P12,Nevers Le Banlay,Cosne Sur Loire,day,Nevers le Banlay → Cosne Sur Loire,FR,FR,48.54,SNCF,day,0.04899697674418605,0.151,2.378313251162791,7.32954,4.951226748837209,90.3,Back-on-Track 2022,2026-03-22,3.0818227987488545,0,short
R,St Maurice,Cossonay Penthalaz,day,St Maurice → Cossonay Penthalaz,CH,CH,56.76,SBB (Schweizerische Bundesbahnen SBB),day,0.04899697674418605,0.151,2.7810684,8.57076,5.789691599999999,90.3,Back-on-Track 2022,2026-03-22,3.081822798748855,0,short
R,Cossonay Penthalaz,Villeneuve Vd,day,Cossonay Penthalaz → Villeneuve Vd,CH,CH,38.55,SBB (Schweizerische Bundesbahnen SBB),day,0.04899697674418605,0.151,1.8888334534883722,5.82105,3.9322165465116274,90.3,Back-on-Track 2022,2026-03-22,3.0818227987488545,0,short
Coswig(b Dresden) → Dresden Hbf,Coswig B Dresden,Dresden Hbf,day,Coswig B Dresden → Dresden,DE,DE,14.05,DB,day,0.04899697674418605,0.151,0.688407523255814,2.12155,1.433142476744186,90.1,Back-on-Track 2022,2026-03-22,3.081822798748855,0,short
Halle(Saale)Hbf → Coswig(b Dresden),Halle Saale Hbf,Coswig B Dresden,day,Halle Saale → Coswig B Dresden,DE,DE,117.52,DB,day,0.04899697674418605,0.151,5.758124706976744,17.74552,11.987395293023255,90.2,Back-on-Track 2022,2026-03-22,3.081822798748855,0,short
Coswig(b Dresden) → Köln Hbf,Coswig B Dresden,Koln Hbf,day,Coswig B Dresden → Koln,DE,DE,463.24,DB,day,0.04899697674418605,0.151,22.697359506976746,69.94924,47.25188049302326,90.3,Back-on-Track 2022,2026-03-22,3.081822798748855,0,short
Coswig(b Dresden) → Leipzig Hbf,Coswig B Dresden,Leipzig Hbf,day,Coswig B Dresden → Leipzig,DE,DE,86.96,DB,day,0.04899697674418605,0.151,4.260777097674419,13.130959999999998,8.87018290232558,90.3,Back-on-Track 2022,2026-03-22,3.0818227987488545,0,short
Norddeich Mole → Coswig(b Dresden),Norddeich Mole,Coswig B Dresden,day,Norddeich Mole → Coswig B Dresden,DE,DE,516.76,DB,day,0.04899697674418605,0.151,25.319677702325585,78.03076,52.711082297674416,90.3,Back-on-Track 2022,2026-03-22,3.0818227987488545,0,medium
Emden Hbf → Cottbus Hbf,Emden Hbf,Cottbus Hbf,day,Emden → Cottbus,DE,DE,514.13,DB,day,0.04899697674418605,0.151,25.190815653488375,77.63363,52.442814346511625,90.3,Back-on-Track 2022,2026-03-22,3.0818227987488545,0,medium
Emden Außenhafen → Cottbus Hbf,Emden Auenhafen,Cottbus Hbf,day,Emden Auenhafen → Cottbus,DE,DE,513.88,DB,day,0.04899697674418605,0.151,25.178566409302327,77.59588,52.41731359069767,90.3,Back-on-Track 2022,2026-03-22,3.0818227987488545,0,medium
Cottbus Hbf → Leer(Ostfriesl),Cottbus Hbf,Leer Ostfriesl,day,Cottbus → Leer Ostfriesl,DE,DE,492.46,DB,day,0.04899697674418605,0.151,24.12905116744186,74.36146,50.232408832558136,90.3,Back-on-Track 2022,2026-03-22,3.0818227987488545,0,short
Cottbus Hbf → Norddeich Mole,Cottbus Hbf,Norddeich Mole,night,Cottbus → Norddeich Mole,DE,DE,525.66,DB,night,0.04899697674418605,0.151,25.75575079534884,79.37465999999999,53.61890920465115,90.3,Back-on-Track 2022,2026-03-22,3.0818227987488545,0,medium
K80,Courtrai,Lille Flandres,day,Courtrai → Lille Flandres,FR,FR,24.77,SNCF,day,0.04899697674418605,0.151,1.2136551139534884,3.7402699999999998,2.526614886046511,90.2,Back-on-Track 2022,2026-03-22,3.081822798748855,0,short
C305,Lison,Coutances,day,Lison → Coutances,FR,FR,35.06,SNCF,day,0.04899697674418605,0.151,1.717834004651163,5.29406,3.576225995348837,90.3,Back-on-Track 2022,2026-03-22,3.0818227987488545,0,short
F32,Coutras,Niversac,day,Coutras → Niversac,FR,FR,74.63,SNCF,day,0.04899697674418605,0.151,3.6566443744186046,11.269129999999999,7.612485625581394,90.3,Back-on-Track 2022,2026-03-22,3.0818227987488545,0,short
F32,Coutras,Perigueux,day,Coutras → Perigueux,FR,FR,67.96,SNCF,day,0.04899697674418605,0.151,3.329834539534884,10.261959999999998,6.932125460465114,90.3,Back-on-Track 2022,2026-03-22,3.0818227987488545,0,short
C10,Saint Just En Chaussee,Creil,day,Saint Just En Chaussee → Creil,FR,FR,26.83,SNCF,day,0.04899697674418605,0.151,1.3145888860465116,4.051329999999999,2.736741113953488,90.2,Back-on-Track 2022,2026-03-22,3.0818227987488545,0,short
K12,Creil,Lille Flandres,day,Creil → Lille Flandres,FR,FR,158.58,SNCF,day,0.04899697674418605,0.151,7.769940572093025,23.94558,16.175639427906976,90.3,Back-on-Track 2022,2026-03-22,3.0818227987488545,0,short
K13,Creil,Maubeuge,day,Creil → Maubeuge,FR,FR,155.42,SNCF,day,0.04899697674418605,0.151,7.6151101255813956,23.46842,15.853309874418603,90.3,Back-on-Track 2022,2026-03-22,3.0818227987488545,0,short
C10,Creil,Paris Gare Du Nord,day,Creil → Paris du Nord,FR,FR,43.47,SNCF,day,0.04899697674418605,0.151,2.1298985790697675,6.563969999999999,4.434071420930232,90.3,Back-on-Track 2022,2026-03-22,3.0818227987488545,0,short
K14,Saint Quentin,Creil,day,Saint Quentin → Creil,FR,FR,87.58,SNCF,day,0.04899697674418605,0.151,4.2911552232558146,13.22458,8.933424776744186,90.2,Back-on-Track 2022,2026-03-22,3.0818227987488545,0,short
INCONNU,Crepy En Valois,Laon,day,Crepy En Valois → Laon,FR,FR,65.38,OCEdefault,day,0.04899697674418605,0.151,3.203422339534884,9.87238,6.668957660465116,90.2,Back-on-Track 2022,2026-03-22,3.0818227987488545,0,short
K15,Crepy En Valois,Paris Gare Du Nord,day,Crepy En Valois → Paris du Nord,FR,FR,55.0,SNCF,day,0.04899697674418605,0.151,2.694833720930233,8.305,5.610166279069767,90.3,Back-on-Track 2022,2026-03-22,3.0818227987488545,0,short
P831,Thionville,Creutzwald Gare Routiere,day,Thionville → Creutzwald,FR,FR,41.65,SNCF,day,0.04899697674418605,0.151,2.040724081395349,6.289149999999999,4.24842591860465,90.3,Back-on-Track 2022,2026-03-22,3.081822798748854,0,short
R,Le Day,Cully,day,le Day → Cully,CH,CH,35.93,SBB (Schweizerische Bundesbahnen SBB),day,0.04899697674418605,0.151,1.7604613744186048,5.4254299999999995,3.6649686255813947,90.3,Back-on-Track 2022,2026-03-22,3.0818227987488545,0,short
R,Vallorbe,Cully,day,Vallorbe → Cully,CH,CH,36.9,SBB (Schweizerische Bundesbahnen SBB),day,0.04899697674418605,0.151,1.8079884418604653,5.571899999999999,3.763911558139534,90.2,Back-on-Track 2022,2026-03-22,3.0818227987488545,0,short
INCONNU,Dijon,Culmont Chalindrey,day,Dijon → Culmont Chalindrey,FR,FR,62.48,OCEdefault,day,0.04899697674418605,0.151,3.0613311069767444,9.434479999999999,6.373148893023254,90.3,Back-on-Track 2022,2026-03-22,3.0818227987488545,0,short
C72+,Culmont Chalindrey,Saint Dizier,day,Culmont Chalindrey → Saint Dizier,FR,FR,99.55,SNCF,day,0.04899697674418605,0.151,4.877649034883722,15.03205,10.154400965116277,90.3,Back-on-Track 2022,2026-03-22,3.0818227987488545,0,short
INCONNU,Lyon Perrache,Culmont Chalindrey,day,Lyon Perrache → Culmont Chalindrey,FR,FR,234.02,OCEdefault,day,0.04899697674418605,0.151,11.46627249767442,35.33702,23.87074750232558,90.3,Back-on-Track 2022,2026-03-22,3.0818227987488545,0,short
K45,Culmont Chalindrey,Nancy,day,Culmont Chalindrey → Nancy,FR,FR,111.8,SNCF,day,0.04899697674418605,0.151,5.477862,16.8818,11.403937999999998,90.2,Back-on-Track 2022,2026-03-22,3.0818227987488545,0,short
K4,Culmont Chalindrey,Paris Est,night,Culmont Chalindrey → Paris Est,FR,FR,256.96,SNCF,night,0.04899697674418605,0.151,12.590263144186046,38.800959999999996,26.21069685581395,90.3,Back-on-Track 2022,2026-03-22,3.0818227987488545,0,short
C72,Culmont Chalindrey,Reims,night,Culmont Chalindrey → Reims,FR,FR,192.07,SNCF,night,0.04899697674418605,0.151,9.410849323255814,29.00257,19.591720676744185,90.3,Back-on-Track 2022,2026-03-22,3.081822798748855,0,short
K4,Troyes,Culmont Chalindrey,day,Troyes → Culmont Chalindrey,FR,FR,115.79,SNCF,day,0.04899697674418605,0.151,5.6733599372093035,17.48429,11.810930062790698,90.3,Back-on-Track 2022,2026-03-22,3.0818227987488545,0,short
TER,Vittel,Culmont Chalindrey,day,Vittel → Culmont Chalindrey,CH,CH,57.29,SNCF (Société Nationale des Chemins de fer Français),day,0.04899697674418605,0.151,2.8070367976744186,8.650789999999999,5.84375320232558,90.3,Back-on-Track 2022,2026-03-22,3.0818227987488545,0,short
C6,Saint Cyprien Arenes,L Isle Jourdain,day,Saint Cyprien Arenes → l Isle Jourdain,FR,FR,26.43,SNCF,day,0.04899697674418605,0.151,1.2949900953488374,3.9909299999999996,2.695939904651162,90.3,Back-on-Track 2022,2026-03-22,3.0818227987488545,0,short
S33,Winterthur,Dachsen,day,Winterthur → Dachsen,CH,CH,20.29,SBB (Schweizerische Bundesbahnen SBB),day,0.04899697674418605,0.151,0.9941486581395349,3.0637899999999996,2.0696413418604647,90.4,Back-on-Track 2022,2026-03-22,3.0818227987488545,0,short
P851,Damblain Eglise,Nancy,day,Damblain Eglise → Nancy,FR,FR,76.26,SNCF,day,0.04899697674418605,0.151,3.7365094465116284,11.51526,7.778750553488371,90.3,Back-on-Track 2022,2026-03-22,3.0818227987488545,0,short
Darmstadt Hbf → Dortmund Hbf,Darmstadt Hbf,Dortmund Hbf,day,Darmstadt → Dortmund,DE,DE,200.67,DB,day,0.04899697674418605,0.151,9.832223323255814,30.301169999999995,20.46894667674418,90.3,Back-on-Track 2022,2026-03-22,3.0818227987488545,0,short
Graz Hbf → Darmstadt Hbf,Graz Hbf,Darmstadt Hbf,night,Graz → Darmstadt,DE,DE,588.96,DB,night,0.04899697674418605,0.151,28.85725942325582,88.93296000000001,60.07570057674419,90.3,Back-on-Track 2022,2026-03-22,3.081822798748855,0,medium
Hamburg Hbf → Darmstadt Hbf,Hamburg Hbf,Darmstadt Hbf,day,Hamburg → Darmstadt,DE,DE,420.06,DB,day,0.04899697674418605,0.151,20.581670051162792,63.42906,42.847389948837204,90.3,Back-on-Track 2022,2026-03-22,3.081822798748855,0,short
Hamburg-Altona → Darmstadt Hbf,Hamburg Altona,Darmstadt Hbf,night,Hamburg Altona → Darmstadt,DE,DE,418.97,DB,night,0.04899697674418605,0.151,20.528263346511633,63.26447,42.73620665348837,90.3,Back-on-Track 2022,2026-03-22,3.0818227987488545,0,short
Darmstadt Hbf → Klagenfurt Hbf,Darmstadt Hbf,Klagenfurt Hbf,day,Darmstadt → Klagenfurt,DE,DE,554.98,ÖBB,day,0.04899697674418605,0.151,27.192342153488376,83.80198,56.609637846511625,90.3,Back-on-Track 2022,2026-03-22,3.0818227987488545,0,medium
Darmstadt Hbf → München Hbf,Darmstadt Hbf,Munchen Hbf,day,Darmstadt → Munchen,DE,DE,287.6,DB,day,0.04899697674418605,0.151,14.091530511627909,43.427600000000005,29.336069488372097,90.3,Back-on-Track 2022,2026-03-22,3.081822798748855,0,short
Salzburg Hbf → Darmstadt Hbf,Salzburg Hbf,Darmstadt Hbf,night,Salzburg → Darmstadt,DE,DE,395.98,DB,night,0.04899697674418605,0.151,19.401822851162795,59.79298,40.39115714883721,90.3,Back-on-Track 2022,2026-03-22,3.0818227987488545,0,short
Darmstadt Hbf → Stuttgart Hbf,Darmstadt Hbf,Stuttgart Hbf,day,Darmstadt → Stuttgart,DE,DE,127.47,DB,day,0.04899697674418605,0.151,6.245644625581396,19.24797,13.002325374418604,90.3,Back-on-Track 2022,2026-03-22,3.0818227987488545,0,short
R,Davos Glaris,Filisur,day,Davos Glaris → Filisur,CH,CH,10.77,RhB (Rhätische Bahn),day,0.04899697674418605,0.151,0.5276974395348838,1.6262699999999999,1.098572560465116,90.3,Back-on-Track 2022,2026-03-22,3.0818227987488545,0,short
R,Filisur,Davos Platz,day,Filisur → Davos Platz,CH,CH,16.73,RhB (Rhätische Bahn),day,0.04899697674418605,0.151,0.8197194209302326,2.52623,1.7065105790697674,90.5,Back-on-Track 2022,2026-03-22,3.0818227987488545,0,short
R,Landquart,Davos Platz,day,Landquart → Davos Platz,CH,CH,28.16,RhB (Rhätische Bahn),day,0.04899697674418605,0.151,1.3797548651162792,4.25216,2.8724051348837207,90.4,Back-on-Track 2022,2026-03-22,3.0818227987488545,0,short
D51,Dax,Hendaye,day,Dax → Hendaye,FR,FR,71.73,SNCF,day,0.04899697674418605,0.151,3.5145531418604654,10.83123,7.316676858139534,90.3,Back-on-Track 2022,2026-03-22,3.0818227987488545,0,short
D52,Lourdes,Dax,day,Lourdes → Dax,FR,FR,106.7,SNCF,day,0.04899697674418605,0.151,5.2279774186046515,16.1117,10.883722581395347,90.3,Back-on-Track 2022,2026-03-22,3.0818227987488545,0,short
D52,Dax,Pau,day,Dax → Pau,FR,FR,72.71,SNCF,day,0.04899697674418605,0.151,3.5625701790697675,10.979209999999998,7.41663982093023,90.3,Back-on-Track 2022,2026-03-22,3.0818227987488545,0,short
D52,Tarbes,Dax,day,Tarbes → Dax,FR,FR,104.97,SNCF,day,0.04899697674418605,0.151,5.14321264883721,15.85047,10.70725735116279,90.3,Back-on-Track 2022,2026-03-22,3.0818227987488545,0,short
TER,Laroche Migennes,Gare De Lyon,night,Laroche Migennes → de Lyon,FR,FR,129.08,TER,night,0.04899697674418605,0.151,6.324529758139536,19.49108,13.166550241860463,90.3,Back-on-Track 2022,2026-03-22,3.0818227987488545,0,short
K6,Dijon,Decize,day,Dijon → Decize,FR,FR,129.9,SNCF,day,0.04899697674418605,0.151,6.364707279069768,19.6149,13.25019272093023,90.3,Back-on-Track 2022,2026-03-22,3.0818227987488545,0,short
P26,Decize,Moulins Sur Allier,day,Decize → Moulins Sur Allier,FR,FR,32.21,SNCF,day,0.04899697674418605,0.151,1.5781926209302328,4.86371,3.285517379069767,90.3,Back-on-Track 2022,2026-03-22,3.0818227987488545,0,short
K6,Nevers,Decize,day,Nevers → Decize,FR,FR,29.26,SNCF,day,0.04899697674418605,0.151,1.433651539534884,4.41826,2.9846084604651164,90.3,Back-on-Track 2022,2026-03-22,3.0818227987488545,0,short
R,Delle,Delemont,day,Delle → Delemont,CH,CH,30.15,SBB (Schweizerische Bundesbahnen SBB),day,0.04899697674418605,0.151,1.4772588488372094,4.55265,3.0753911511627905,90.3,Back-on-Track 2022,2026-03-22,3.081822798748855,0,short
IC51,Delemont,Lausanne,day,Delemont → Lausanne,CH,CH,108.76,SBB (Schweizerische Bundesbahnen SBB),day,0.04899697674418605,0.151,5.328911190697675,16.42276,11.093848809302326,90.3,Back-on-Track 2022,2026-03-22,3.0818227987488545,0,short
R,Delemont,Porrentruy,day,Delemont → Porrentruy,CH,CH,21.35,SBB (Schweizerische Bundesbahnen SBB),day,0.04899697674418605,0.151,1.0460854534883723,3.22385,2.1777645465116278,90.2,Back-on-Track 2022,2026-03-22,3.0818227987488545,0,short
IC51,Yverdon Les Bains,Delemont,day,Yverdon les Bains → Delemont,CH,CH,83.96,SBB (Schweizerische Bundesbahnen SBB),day,0.04899697674418605,0.151,4.1137861674418605,12.677959999999999,8.564173832558138,90.2,Back-on-Track 2022,2026-03-22,3.0818227987488545,0,short
R,Delle,Porrentruy,day,Delle → Porrentruy,CH,CH,10.8,SBB (Schweizerische Bundesbahnen SBB),day,0.04899697674418605,0.151,0.5291673488372094,1.6308,1.1016326511627907,90.4,Back-on-Track 2022,2026-03-22,3.0818227987488545,0,short
RE,Offenburg,Denzlingen,day,Offenburg → Denzlingen,CH,CH,45.58,DB Regio (DB Regio AG Baden-Württemberg),day,0.04899697674418605,0.151,2.2332822,6.88258,4.649297799999999,90.2,Back-on-Track 2022,2026-03-22,3.081822798748855,0,short
C24,Epinal,Saint Die Des Vosges,day,Epinal → Saint Die des Vosges,FR,FR,39.28,SNCF,day,0.04899697674418605,0.151,1.9246012465116282,5.93128,4.006678753488372,90.3,Back-on-Track 2022,2026-03-22,3.0818227987488545,0,short
C42,Saint Die Des Vosges,Luneville,day,Saint Die des Vosges → Luneville,FR,FR,47.61,SNCF,day,0.04899697674418605,0.151,2.3327460627906977,7.1891099999999994,4.856363937209302,90.2,Back-on-Track 2022,2026-03-22,3.0818227987488545,0,short
C24+,Molsheim,Saint Die Des Vosges,day,Molsheim → Saint Die des Vosges,FR,FR,49.63,SNCF,day,0.04899697674418605,0.151,2.431719955813954,7.49413,5.062410044186047,90.3,Back-on-Track 2022,2026-03-22,3.0818227987488545,0,short
C42,Saint Die Des Vosges,Nancy,day,Saint Die des Vosges → Nancy,FR,FR,72.87,SNCF,day,0.04899697674418605,0.151,3.570409695348838,11.00337,7.4329603046511625,90.3,Back-on-Track 2022,2026-03-22,3.0818227987488545,0,short
805B,Paris Est,Saint Die Des Vosges,day,Paris Est → Saint Die des Vosges,FR,FR,344.03,SNCF,day,0.04899697674418605,0.151,16.856429909302324,51.94852999999999,35.09210009069767,90.3,Back-on-Track 2022,2026-03-22,3.0818227987488545,0,short
C24+,Saint Die Des Vosges,Rothau,day,Saint Die des Vosges → Rothau,FR,FR,27.47,SNCF,day,0.04899697674418605,0.151,1.3459469511627908,4.14797,2.802023048837209,90.4,Back-on-Track 2022,2026-03-22,3.0818227987488545,0,short
C24+,Saales,Saint Die Des Vosges,day,Saales → Saint Die des Vosges,FR,FR,13.99,SNCF,day,0.04899697674418605,0.151,0.6854677046511629,2.1124899999999998,1.427022295348837,90.0,Back-on-Track 2022,2026-03-22,3.081822798748854,0,short
P811,Selestat,Saint Die Des Vosges,day,Selestat → Saint Die des Vosges,FR,FR,36.69,SNCF,day,0.04899697674418605,0.151,1.797699076744186,5.540189999999999,3.7424909232558132,90.3,Back-on-Track 2022,2026-03-22,3.0818227987488545,0,short
C24+,Strasbourg,Saint Die Des Vosges,day,Strasbourg → Saint Die des Vosges,FR,FR,67.03,SNCF,day,0.04899697674418605,0.151,3.284267351162791,10.12153,6.837262648837209,90.3,Back-on-Track 2022,2026-03-22,3.0818227987488545,0,short
P4,Romans Bourg De Peage,Die,day,Romans Bourg de Peage → Die,FR,FR,40.68,SNCF,day,0.04899697674418605,0.151,1.9931970139534885,6.1426799999999995,4.149482986046511,90.3,Back-on-Track 2022,2026-03-22,3.0818227987488545,0,short
P64,Romans Gare Routiere,Die,day,Romans → Die,FR,FR,40.55,SNCF,day,0.04899697674418605,0.151,1.9868274069767442,6.123049999999999,4.1362225930232555,90.2,Back-on-Track 2022,2026-03-22,3.0818227987488545,0,short
P64,Valence Gare Routiere,Die,day,Valence → Die,FR,FR,41.62,SNCF,day,0.04899697674418605,0.151,2.0392541720930235,6.284619999999999,4.245365827906976,90.3,Back-on-Track 2022,2026-03-22,3.0818227987488545,0,short
P818,Diemeringen,Sarralbe Centre,day,Diemeringen → Sarralbe Centre,FR,FR,13.11,SNCF,day,0.04899697674418605,0.151,0.6423503651162791,1.9796099999999999,1.3372596348837207,90.5,Back-on-Track 2022,2026-03-22,3.081822798748855,0,short
P34,Diemeringen,Sarreguemines,day,Diemeringen → Sarreguemines,FR,FR,20.41,SNCF,day,0.04899697674418605,0.151,1.0000282953488373,3.0819099999999997,2.0818817046511624,90.1,Back-on-Track 2022,2026-03-22,3.0818227987488545,0,short
P34,Strasbourg,Diemeringen,day,Strasbourg → Diemeringen,FR,FR,56.38,SNCF,day,0.04899697674418605,0.151,2.7624495488372096,8.51338,5.75093045116279,90.3,Back-on-Track 2022,2026-03-22,3.0818227987488545,0,short
K1,Paris Saint Lazare,Dieppe,day,Paris Saint Lazare → Dieppe,FR,FR,147.04,SNCF,day,0.04899697674418605,0.151,7.2045154604651165,22.203039999999998,14.99852453953488,90.3,Back-on-Track 2022,2026-03-22,3.0818227987488545,0,short
K1,Dieppe,Rouen Rive Droite,day,Dieppe → Rouen Rive Droite,FR,FR,52.62,SNCF,day,0.04899697674418605,0.151,2.57822091627907,7.945619999999999,5.3673990837209296,90.2,Back-on-Track 2022,2026-03-22,3.0818227987488545,0,short
S19,Effretikon,Dietikon,day,Effretikon → Dietikon,CH,CH,21.31,SBB (Schweizerische Bundesbahnen SBB),day,0.04899697674418605,0.151,1.0441255744186047,3.2178099999999996,2.1736844255813947,90.2,Back-on-Track 2022,2026-03-22,3.0818227987488545,0,short
S19,Pfaffikon Zh,Dietikon,day,Pfaffikon Zh → Dietikon,CH,CH,28.92,SBB (Schweizerische Bundesbahnen SBB),day,0.04899697674418605,0.151,1.4169925674418606,4.36692,2.9499274325581397,90.4,Back-on-Track 2022,2026-03-22,3.081822798748855,0,short
S17,Dietikon,Wohlen Ag,day,Dietikon → Wohlen Ag,CH,CH,12.01,AVA-bd (Aargau Verkehr AG),day,0.04899697674418605,0.151,0.5884536906976745,1.81351,1.2250563093023255,90.2,Back-on-Track 2022,2026-03-22,3.0818227987488545,0,short
P72,Lozanne,Digoin,day,Lozanne → Digoin,FR,FR,88.19,SNCF,day,0.04899697674418605,0.151,4.321043379069768,13.31669,8.99564662093023,90.3,Back-on-Track 2022,2026-03-22,3.0818227987488545,0,short
K6,Dijon,Etang Sur Arroux,day,Dijon → Etang Sur Arroux,FR,FR,81.49,SNCF,day,0.04899697674418605,0.151,3.992763634883721,12.304989999999998,8.312226365116278,90.3,Back-on-Track 2022,2026-03-22,3.0818227987488545,0,short
P20,Is Sur Tille,Dijon,day,Is Sur Tille → Dijon,FR,FR,23.22,SNCF,day,0.04899697674418605,0.151,1.1377098,3.50622,2.3685102,90.1,Back-on-Track 2022,2026-03-22,3.0818227987488545,0,short
K7,Laroche Migennes,Dijon,day,Laroche Migennes → Dijon,FR,FR,133.76,SNCF,day,0.04899697674418605,0.151,6.553835609302325,20.19776,13.643924390697673,90.3,Back-on-Track 2022,2026-03-22,3.081822798748855,0,short
P20,Les Laumes Alesia,Dijon,day,les Laumes Alesia → Dijon,FR,FR,48.99,SNCF,day,0.04899697674418605,0.151,2.400361890697675,7.39749,4.997128109302325,90.2,Back-on-Track 2022,2026-03-22,3.0818227987488545,0,short
K7,Dijon,Lyon Part Dieu,night,Dijon → Lyon Part Dieu,FR,FR,174.25,SNCF,night,0.04899697674418605,0.151,8.537723197674419,26.31175,17.77402680232558,90.3,Back-on-Track 2022,2026-03-22,3.081822798748855,0,short
K7,Lyon Perrache,Dijon,night,Lyon Perrache → Dijon,FR,FR,175.8,SNCF,night,0.04899697674418605,0.151,8.613668511627909,26.5458,17.932131488372093,90.3,Back-on-Track 2022,2026-03-22,3.0818227987488545,0,short
TER,Macon,Dijon,day,Macon → Dijon,CH,CH,114.45,SNCF (Société Nationale des Chemins de fer Français),day,0.04899697674418605,0.151,5.607703988372093,17.28195,11.674246011627904,90.3,Back-on-Track 2022,2026-03-22,3.0818227987488545,0,short
K45,Dijon,Nancy,day,Dijon → Nancy,FR,FR,174.27,SNCF,day,0.04899697674418605,0.151,8.538703137209303,26.31477,17.776066862790696,90.3,Back-on-Track 2022,2026-03-22,3.0818227987488545,0,short
K6,Nevers,Dijon,night,Nevers → Dijon,FR,FR,146.73,SNCF,night,0.04899697674418605,0.151,7.189326397674419,22.156229999999997,14.966903602325578,90.3,Back-on-Track 2022,2026-03-22,3.0818227987488545,0,short
TER,Paris Bercy,Dijon,day,Paris Bercy → Dijon,CH,CH,258.78,SNCF (Société Nationale des Chemins de fer Français),day,0.04899697674418605,0.151,12.679437641860465,39.075779999999995,26.396342358139528,90.3,Back-on-Track 2022,2026-03-22,3.0818227987488545,0,short
K7,Dijon,Paris Bercy Bourg Pays D Auv,night,Dijon → Paris Bercy Bourg Pays D Auv,FR,FR,258.82,SNCF,night,0.04899697674418605,0.151,12.681397520930233,39.08182,26.400422479069768,90.3,Back-on-Track 2022,2026-03-22,3.081822798748855,0,short
TER,Paris Gare De Lyon,Dijon,day,Paris de Lyon → Dijon,CH,CH,259.68,SNCF (Société Nationale des Chemins de fer Français),day,0.04899697674418605,0.151,12.723534920930234,39.21168,26.488145079069767,90.3,Back-on-Track 2022,2026-03-22,3.0818227987488545,0,short
611A,Paris Gare De Lyon Hall 1 2,Dijon,day,Paris de Lyon Hall 1 2 → Dijon,FR,FR,259.75,SNCF,day,0.04899697674418605,0.151,12.726964709302326,39.222249999999995,26.49528529069767,90.3,Back-on-Track 2022,2026-03-22,3.0818227987488545,0,short
K5,Paris Est,Dijon,day,Paris Est → Dijon,FR,FR,262.86,SNCF,day,0.04899697674418605,0.151,12.879345306976745,39.69186,26.812514693023253,90.3,Back-on-Track 2022,2026-03-22,3.0818227987488545,0,short
P18,Pontarlier,Dijon,night,Pontarlier → Dijon,FR,FR,110.8,SNCF,night,0.04899697674418605,0.151,5.428865023255814,16.7308,11.301934976744185,90.3,Back-on-Track 2022,2026-03-22,3.0818227987488545,0,short
INCONNU,Reims,Dijon,day,Reims → Dijon,FR,FR,227.73,OCEdefault,day,0.04899697674418605,0.151,11.158081513953489,34.387229999999995,23.229148486046505,90.3,Back-on-Track 2022,2026-03-22,3.0818227987488545,0,short
P7,Dijon,Seurre,day,Dijon → Seurre,FR,FR,37.55,SNCF,day,0.04899697674418605,0.151,1.8398364767441862,5.67005,3.8302135232558134,90.2,Back-on-Track 2022,2026-03-22,3.0818227987488545,0,short
K45,Toul,Dijon,day,Toul → Dijon,FR,FR,163.56,SNCF,day,0.04899697674418605,0.151,8.01394551627907,24.69756,16.68361448372093,90.3,Back-on-Track 2022,2026-03-22,3.0818227987488545,0,short
K5,Troyes,Dijon,night,Troyes → Dijon,FR,FR,129.84,SNCF,night,0.04899697674418605,0.151,6.361767460465117,19.60584,13.244072539534884,90.3,Back-on-Track 2022,2026-03-22,3.0818227987488545,0,short
P31,Dol De Bretagne,Dinan,day,Dol de Bretagne → Dinan,FR,FR,24.35,SNCF,day,0.04899697674418605,0.151,1.1930763837209304,3.67685,2.48377361627907,90.3,Back-on-Track 2022,2026-03-22,3.0818227987488545,0,short
P6,Rennes,Dinan,day,Rennes → Dinan,FR,FR,48.33,SNCF,day,0.04899697674418605,0.151,2.3680238860465117,7.297829999999999,4.929806113953488,90.2,Back-on-Track 2022,2026-03-22,3.0818227987488545,0,short
RE,Disentis Muster,Ilanz,day,Disentis Muster → Ilanz,CH,CH,27.97,RhB (Rhätische Bahn),day,0.04899697674418605,0.151,1.3704454395348837,4.22347,2.853024560465116,90.3,Back-on-Track 2022,2026-03-22,3.081822798748855,0,short
R,Disentis Muster,Reichenau Tamins,day,Disentis Muster → Reichenau Tamins,CH,CH,44.5,RhB (Rhätische Bahn),day,0.04899697674418605,0.151,2.1803654651162794,6.7195,4.53913453488372,90.3,Back-on-Track 2022,2026-03-22,3.0818227987488545,0,short
PE,Disentis Muster,St Moritz,day,Disentis Muster → St Moritz,CH,CH,79.11,RhB (Rhätische Bahn),day,0.04899697674418605,0.151,3.8761508302325582,11.94561,8.069459169767441,90.3,Back-on-Track 2022,2026-03-22,3.081822798748855,0,short
PE,Disentis Muster,Zermatt,day,Disentis Muster → Zermatt,CH,CH,113.82,MGB-fo (Matterhorn Gotthard Bahn (fo)),day,0.04899697674418605,0.151,5.576835893023256,17.186819999999997,11.609984106976741,90.3,Back-on-Track 2022,2026-03-22,3.0818227987488545,0,short
P31,Trouville Deauville,Dives Cabourg,day,Trouville Deauville → Dives Cabourg,FR,FR,16.13,SNCF,day,0.04899697674418605,0.151,0.790321234883721,2.4356299999999997,1.6453087651162788,90.1,Back-on-Track 2022,2026-03-22,3.0818227987488545,0,short
INCONNU,Saint Dizier,Joinville,day,Saint Dizier → Joinville,FR,FR,26.31,OCEdefault,day,0.04899697674418605,0.151,1.289110458139535,3.9728099999999995,2.6836995418604648,90.2,Back-on-Track 2022,2026-03-22,3.0818227987488545,0,short
K1,Saint Dizier,Paris Est,night,Saint Dizier → Paris Est,FR,FR,191.58,SNCF,night,0.04899697674418605,0.151,9.386840804651165,28.92858,19.541739195348836,90.3,Back-on-Track 2022,2026-03-22,3.0818227987488545,0,short
C71,Reims,Saint Dizier,day,Reims → Saint Dizier,FR,FR,96.24,SNCF,day,0.04899697674418605,0.151,4.715469041860465,14.532239999999998,9.816770958139532,90.3,Back-on-Track 2022,2026-03-22,3.0818227987488545,0,short
K2,Troyes,Saint Dizier,day,Troyes → Saint Dizier,FR,FR,75.61,SNCF,day,0.04899697674418605,0.151,3.704661411627907,11.41711,7.712448588372093,90.3,Back-on-Track 2022,2026-03-22,3.0818227987488545,0,short
INCONNU,Dole,Mouchard,day,Dole → Mouchard,FR,FR,27.09,OCEdefault,day,0.04899697674418605,0.151,1.3273281000000001,4.09059,2.7632619,90.3,Back-on-Track 2022,2026-03-22,3.0818227987488545,0,short
P18,Dole,Pontarlier,day,Dole → Pontarlier,FR,FR,69.12,SNCF,day,0.04899697674418605,0.151,3.38667103255814,10.43712,7.05044896744186,90.3,Back-on-Track 2022,2026-03-22,3.0818227987488545,0,short
EC,Domodossola I,Geneve,day,Domodossola I → Geneve,CH,CH,166.2,SBB (Schweizerische Bundesbahnen SBB),day,0.04899697674418605,0.151,8.143297534883722,25.096199999999996,16.952902465116274,90.3,Back-on-Track 2022,2026-03-22,3.081822798748854,0,short
RE,Iselle Di Trasquera,Domodossola I,day,Iselle Di Trasquera → Domodossola I,CH,CH,12.3,BLS-bls (BLS AG (bls)),day,0.04899697674418605,0.151,0.6026628139534884,1.8573,1.2546371860465115,90.4,Back-on-Track 2022,2026-03-22,3.0818227987488545,0,short
EC,Domodossola I,Lausanne,day,Domodossola I → Lausanne,CH,CH,135.59,SBB (Schweizerische Bundesbahnen SBB),day,0.04899697674418605,0.151,6.6435000767441865,20.47409,13.830589923255815,90.3,Back-on-Track 2022,2026-03-22,3.081822798748855,0,short
PE,Domodossola I,Locarno Fart,day,Domodossola I → Locarno Fart,CH,CH,39.53,FART (Ferrovie Autolinee Regionali Ticinesi),day,0.04899697674418605,0.151,1.9368504906976747,5.96903,4.032179509302326,90.3,Back-on-Track 2022,2026-03-22,3.0818227987488545,0,short
RE,Spiez,Domodossola I,day,Spiez → Domodossola I,CH,CH,79.15,BLS-bls (BLS AG (bls)),day,0.04899697674418605,0.151,3.878110709302326,11.95165,8.073539290697674,90.3,Back-on-Track 2022,2026-03-22,3.081822798748855,0,short
IC,Zurich Hb,Domodossola I,day,Zurich Hb → Domodossola I,CH,CH,141.65,SBB (Schweizerische Bundesbahnen SBB),day,0.04899697674418605,0.151,6.940421755813954,21.38915,14.448728244186047,90.3,Back-on-Track 2022,2026-03-22,3.081822798748855,0,short
P88,Dompierre Halte Routiere,Pontarlier,day,Dompierre Halte → Pontarlier,FR,FR,13.11,SNCF,day,0.04899697674418605,0.151,0.6423503651162791,1.9796099999999999,1.3372596348837207,90.5,Back-on-Track 2022,2026-03-22,3.081822798748855,0,short
RE,Herbertingen,Donaueschingen,day,Herbertingen → Donaueschingen,CH,CH,69.28,DB Regio (DB Regio AG Baden-Württemberg),day,0.04899697674418605,0.151,3.39451054883721,10.46128,7.0667694511627905,90.3,Back-on-Track 2022,2026-03-22,3.0818227987488545,0,short
RE,Herrlingen,Donaueschingen,day,Herrlingen → Donaueschingen,CH,CH,116.13,DB Regio (DB Regio AG Baden-Württemberg),day,0.04899697674418605,0.151,5.690018909302326,17.535629999999998,11.845611090697671,90.3,Back-on-Track 2022,2026-03-22,3.081822798748854,0,short
RE,Ulm Hbf,Donaueschingen,day,Ulm → Donaueschingen,CH,CH,120.94,DB Regio (DB Regio AG Baden-Württemberg),day,0.04899697674418605,0.151,5.925694367441861,18.26194,12.336245632558139,90.3,Back-on-Track 2022,2026-03-22,3.0818227987488545,0,short
A3,Linz Donau Hauptbahnhof 9,Dornbirn Bahnhof,night,Linz Donau 9 → Dornbirn,AT,AT,353.35,ÖBB,night,0.04899697674418605,0.151,17.313081732558143,53.355850000000004,36.04276826744186,90.3,Back-on-Track 2022,2026-03-22,3.0818227987488545,0,short
IC 55,Dortmund Hbf,Dresden Neustadt,day,Dortmund → Dresden Neustadt,DE,DE,439.53,DB,day,0.04899697674418605,0.151,21.535641188372093,66.36903,44.8333888116279,90.3,Back-on-Track 2022,2026-03-22,3.081822798748855,0,short
Dortmund Hbf → Frankfurt(Main)Hbf,Dortmund Hbf,Frankfurt Main Hbf,night,Dortmund → Frankfurt Main,DE,DE,178.23,DB,night,0.04899697674418605,0.151,8.73273116511628,26.912729999999996,18.17999883488372,90.3,Back-on-Track 2022,2026-03-22,3.0818227987488545,0,short
Dortmund Hbf → Freiburg(Breisgau) Hbf,Dortmund Hbf,Freiburg Breisgau Hbf,night,Dortmund → Freiburg Breisgau,DE,DE,392.39,DB,night,0.04899697674418605,0.151,19.225923704651162,59.25089,40.02496629534883,90.3,Back-on-Track 2022,2026-03-22,3.081822798748855,0,short
Dortmund Hbf → Garmisch-Partenkirchen,Dortmund Hbf,Garmisch Partenkirchen,day,Dortmund → Garmisch Partenkirchen,DE,DE,518.93,DB,day,0.04899697674418605,0.151,25.426001141860464,78.35842999999998,52.93242885813952,90.3,Back-on-Track 2022,2026-03-22,3.0818227987488545,0,medium
IC 51,Dortmund Hbf,Gera Hbf,day,Dortmund → Gera,DE,DE,329.41,DB,day,0.04899697674418605,0.151,16.14009410930233,49.74091,33.600815890697675,90.3,Back-on-Track 2022,2026-03-22,3.0818227987488545,0,short
Hamburg-Altona → Dortmund Hbf,Hamburg Altona,Dortmund Hbf,day,Hamburg Altona → Dortmund,DE,DE,281.45,DB,day,0.04899697674418605,0.151,13.790199104651164,42.498949999999994,28.708750895348828,90.3,Back-on-Track 2022,2026-03-22,3.0818227987488545,0,short
IC 55,Dortmund Hbf,Hannover Hbf,day,Dortmund → Hannover,DE,DE,183.23,DB,day,0.04899697674418605,0.151,8.977716048837209,27.66773,18.69001395116279,90.3,Back-on-Track 2022,2026-03-22,3.081822798748855,0,short
Dortmund Hbf → Heidelberg Hbf,Dortmund Hbf,Heidelberg Hbf,day,Dortmund → Heidelberg,DE,DE,250.36,DB,day,0.04899697674418605,0.151,12.26688309767442,37.80436,25.537476902325583,90.3,Back-on-Track 2022,2026-03-22,3.081822798748855,0,short
Immendingen → Dortmund Hbf,Immendingen,Dortmund Hbf,day,Immendingen → Dortmund,DE,DE,408.6,DB,day,0.04899697674418605,0.151,20.02016469767442,61.6986,41.67843530232558,90.3,Back-on-Track 2022,2026-03-22,3.0818227987488545,0,short
Dortmund Hbf → Innsbruck Hbf,Dortmund Hbf,Innsbruck Hbf,day,Dortmund → Innsbruck,DE,DE,552.27,ÖBB,day,0.04899697674418605,0.151,27.059560346511628,83.39277,56.33320965348837,90.3,Back-on-Track 2022,2026-03-22,3.081822798748855,0,medium
Dortmund Hbf → Interlaken Ost,Dortmund Hbf,Interlaken Ost,day,Dortmund → Interlaken Ost,DE,DE,537.61,SBB,day,0.04899697674418605,0.151,26.341264667441862,81.17911,54.83784533255813,90.3,Back-on-Track 2022,2026-03-22,3.0818227987488545,0,medium
Dortmund Hbf → Karlsruhe Hbf,Dortmund Hbf,Karlsruhe Hbf,night,Dortmund → Karlsruhe,DE,DE,288.59,DB,night,0.04899697674418605,0.151,14.14003751860465,43.57709,29.437052481395348,90.3,Back-on-Track 2022,2026-03-22,3.081822798748855,0,short
Klagenfurt Hbf → Dortmund Hbf,Klagenfurt Hbf,Dortmund Hbf,day,Klagenfurt → Dortmund,DE,DE,738.63,DB,day,0.04899697674418605,0.151,36.19063693255814,111.53313,75.34249306744186,90.3,Back-on-Track 2022,2026-03-22,3.081822798748855,0,medium
Dortmund Hbf → Koblenz Hbf,Dortmund Hbf,Koblenz Hbf,night,Dortmund → Koblenz,DE,DE,130.08,DB,night,0.04899697674418605,0.151,6.373526734883722,19.64208,13.268553265116278,90.3,Back-on-Track 2022,2026-03-22,3.0818227987488545,0,short
Dortmund Hbf → Konstanz,Dortmund Hbf,Konstanz,day,Dortmund → Konstanz,DE,DE,446.6,DB,day,0.04899697674418605,0.151,21.88204981395349,67.4366,45.55455018604651,90.3,Back-on-Track 2022,2026-03-22,3.0818227987488545,0,short
IC 51,Leipzig Hbf,Dortmund Hbf,day,Leipzig → Dortmund,DE,DE,341.74,DB,day,0.04899697674418605,0.151,16.74422683255814,51.60274,34.858513167441856,90.3,Back-on-Track 2022,2026-03-22,3.0818227987488545,0,short
Dortmund Hbf → Lindau Hbf,Dortmund Hbf,Lindau Hbf,day,Dortmund → Lindau,DE,DE,469.96,DB,day,0.04899697674418605,0.151,23.026619190697676,70.96396,47.93734080930233,90.3,Back-on-Track 2022,2026-03-22,3.0818227987488545,0,short
ICE 62,Lindau Reutin,Dortmund Hbf,day,Lindau Reutin → Dortmund,DE,DE,469.68,DB,day,0.04899697674418605,0.151,23.012900037209306,70.92168,47.90877996279069,90.3,Back-on-Track 2022,2026-03-22,3.081822798748854,0,short
München Hbf → Dortmund Hbf,Munchen Hbf,Dortmund Hbf,night,Munchen → Dortmund,DE,DE,476.82,DB,night,0.04899697674418605,0.151,23.36273845116279,71.99982,48.63708154883721,90.3,Back-on-Track 2022,2026-03-22,3.081822798748855,0,short
Dortmund Hbf → Nürnberg Hbf,Dortmund Hbf,Nurnberg Hbf,night,Dortmund → Nurnberg,DE,DE,344.65,DB,night,0.04899697674418605,0.151,16.88680803488372,52.04214999999999,35.15534196511627,90.3,Back-on-Track 2022,2026-03-22,3.0818227987488545,0,short
Dortmund Hbf → Oberstdorf,Dortmund Hbf,Oberstdorf,day,Dortmund → Oberstdorf,DE,DE,499.94,DB,day,0.04899697674418605,0.151,24.495548553488373,75.49094,50.99539144651162,90.3,Back-on-Track 2022,2026-03-22,3.0818227987488545,0,short
Dortmund Hbf → Offenburg,Dortmund Hbf,Offenburg,night,Dortmund → Offenburg,DE,DE,339.98,DB,night,0.04899697674418605,0.151,16.657992153488376,51.336980000000004,34.67898784651163,90.3,Back-on-Track 2022,2026-03-22,3.0818227987488545,0,short
DEDTM -> FRPNO,Dortmund Hbf,Paris Nord,day,Dortmund → Paris Nord,DE,FR,466.67,Eurostar,day,0.04899697674418605,0.151,22.865419137209305,70.46717,47.601750862790695,90.3,Back-on-Track 2022,2026-03-22,3.0818227987488545,1,short
D1,Passau Hauptbahnhof,Dortmund Hauptbahnhof,night,Passau → Dortmund,AT,AT,538.43,ÖBB,night,0.04899697674418605,0.151,26.38144218837209,81.30292999999999,54.9214878116279,90.3,Back-on-Track 2022,2026-03-22,3.081822798748855,0,medium
Dortmund Hbf → Seefeld in Tirol,Dortmund Hbf,Seefeld In Tirol,day,Dortmund → Seefeld In Tirol,DE,DE,538.14,DB,day,0.04899697674418605,0.151,26.36723306511628,81.25914,54.89190693488372,90.3,Back-on-Track 2022,2026-03-22,3.081822798748855,0,medium
Singen(Hohentwiel) → Dortmund Hbf,Singen Hohentwiel,Dortmund Hbf,day,Singen Hohentwiel → Dortmund,DE,DE,429.68,DB,day,0.04899697674418605,0.151,21.053020967441864,64.88168,43.828659032558136,90.3,Back-on-Track 2022,2026-03-22,3.0818227987488545,0,short
Dortmund Hbf → Stuttgart Hbf,Dortmund Hbf,Stuttgart Hbf,night,Dortmund → Stuttgart,DE,DE,327.8,DB,night,0.04899697674418605,0.151,16.061208976744187,49.4978,33.436591023255815,90.3,Back-on-Track 2022,2026-03-22,3.081822798748855,0,short
Dortmund Hbf → Weimar,Dortmund Hbf,Weimar,day,Dortmund → Weimar,DE,DE,275.38,DB,day,0.04899697674418605,0.151,13.492787455813954,41.58238,28.089592544186047,90.3,Back-on-Track 2022,2026-03-22,3.081822798748855,0,short
IC 33,Westerland Sylt,Dortmund Hbf,day,Westerland Sylt → Dortmund,DE,DE,381.07,DB,day,0.04899697674418605,0.151,18.671277927906978,57.54157,38.87029207209302,90.3,Back-on-Track 2022,2026-03-22,3.081822798748855,0,short
Dortmund Hbf → Wien Hbf,Dortmund Hbf,Wien Hbf,night,Dortmund → Wien,DE,DE,738.2,ÖBB,night,0.04899697674418605,0.151,36.16956823255814,111.46820000000001,75.29863176744186,90.3,Back-on-Track 2022,2026-03-22,3.081822798748855,0,medium
P816,Dossenheim Sur Zinsel Pressoir,Haguenau Arret Ritmo Moulin Neuf,day,Dossenheim Sur Zinsel Pressoir → Haguenau Arret Ritmo Moulin Neuf,FR,FR,27.71,SNCF,day,0.04899697674418605,0.151,1.3577062255813954,4.18421,2.8265037744186046,90.2,Back-on-Track 2022,2026-03-22,3.081822798748855,0,short
P42,Douai,Lens,day,Douai → Lens,FR,FR,19.54,SNCF,day,0.04899697674418605,0.151,0.9574009255813953,2.9505399999999997,1.9931390744186044,90.4,Back-on-Track 2022,2026-03-22,3.081822798748855,0,short
C40,Lille Flandres,Douai,day,Lille Flandres → Douai,FR,FR,29.49,SNCF,day,0.04899697674418605,0.151,1.4449208441860466,4.45299,3.008069155813953,90.4,Back-on-Track 2022,2026-03-22,3.0818227987488545,0,short
261A,Paris Gare Du Nord,Douai,day,Paris du Nord → Douai,FR,FR,174.1,SNCF,day,0.04899697674418605,0.151,8.53037365116279,26.289099999999998,17.758726348837207,90.3,Back-on-Track 2022,2026-03-22,3.081822798748855,0,short
K40,Saint Quentin,Douai,day,Saint Quentin → Douai,FR,FR,60.93,SNCF,day,0.04899697674418605,0.151,2.985385793023256,9.200429999999999,6.215044206976743,90.3,Back-on-Track 2022,2026-03-22,3.0818227987488545,0,short
P43,Valenciennes,Douai,day,Valenciennes → Douai,FR,FR,30.31,SNCF,day,0.04899697674418605,0.151,1.4850983651162792,4.57681,3.091711634883721,90.4,Back-on-Track 2022,2026-03-22,3.0818227987488545,0,short
ICE 50,Dresden Neustadt,Frankfurt Main Hbf,day,Dresden Neustadt → Frankfurt Main,DE,DE,373.94,DB,day,0.04899697674418605,0.151,18.321929483720933,56.46494,38.14301051627906,90.3,Back-on-Track 2022,2026-03-22,3.0818227987488545,0,short
ICE 51,Koln Hbf,Dresden Neustadt,day,Koln → Dresden Neustadt,DE,DE,474.57,DB,day,0.04899697674418605,0.151,23.252495253488373,71.66006999999999,48.407574746511614,90.3,Back-on-Track 2022,2026-03-22,3.0818227987488545,0,short
ICE 50,Leipzig Hbf,Dresden Neustadt,day,Leipzig → Dresden Neustadt,DE,DE,99.62,DB,day,0.04899697674418605,0.151,4.881078823255814,15.04262,10.161541176744185,90.3,Back-on-Track 2022,2026-03-22,3.0818227987488545,0,short
Norddeich Mole → Dresden-Neustadt,Norddeich Mole,Dresden Neustadt,day,Norddeich Mole → Dresden Neustadt,DE,DE,529.62,DB,day,0.04899697674418605,0.151,25.949778823255816,79.97261999999999,54.02284117674418,90.3,Back-on-Track 2022,2026-03-22,3.0818227987488545,0,medium
IC 17,Rostock Hbf,Dresden Neustadt,day,Rostock → Dresden Neustadt,DE,DE,352.15,DB,day,0.04899697674418605,0.151,17.254285360465115,53.17464999999999,35.92036463953488,90.3,Back-on-Track 2022,2026-03-22,3.081822798748855,0,short
ICE 50,Dresden Neustadt,Wiesbaden Hbf,day,Dresden Neustadt → Wiesbaden,DE,DE,403.58,DB,day,0.04899697674418605,0.151,19.774199874418606,60.94058,41.16638012558139,90.3,Back-on-Track 2022,2026-03-22,3.0818227987488545,0,short
Dresden Hbf → Emden Hbf,Dresden Hbf,Emden Hbf,day,Dresden → Emden,DE,DE,514.94,DB,day,0.04899697674418605,0.151,25.230503204651168,77.75594000000001,52.52543679534884,90.3,Back-on-Track 2022,2026-03-22,3.081822798748855,0,medium
Erfurt Hbf → Dresden Hbf,Erfurt Hbf,Dresden Hbf,day,Erfurt → Dresden,DE,DE,188.6,DB,day,0.04899697674418605,0.151,9.24082981395349,28.478599999999997,19.237770186046507,90.3,Back-on-Track 2022,2026-03-22,3.0818227987488545,0,short
Dresden Hbf → Frankfurt(M) Flughafen Fernbf,Dresden Hbf,Frankfurt M Flughafen Fernbf,day,Dresden → Frankfurt M Flughafen Fernbf,DE,DE,380.8,DB,day,0.04899697674418605,0.151,18.658048744186047,57.5008,38.84275125581395,90.3,Back-on-Track 2022,2026-03-22,3.081822798748855,0,short
Dresden Hbf → Frankfurt(Main)Hbf,Dresden Hbf,Frankfurt Main Hbf,day,Dresden → Frankfurt Main,DE,DE,372.57,DB,day,0.04899697674418605,0.151,18.254803625581395,56.25807,38.0032663744186,90.3,Back-on-Track 2022,2026-03-22,3.081822798748855,0,short
Halle(Saale)Hbf → Dresden Hbf,Halle Saale Hbf,Dresden Hbf,day,Halle Saale → Dresden,DE,DE,130.78,DB,day,0.04899697674418605,0.151,6.407824618604652,19.74778,13.339955381395347,90.3,Back-on-Track 2022,2026-03-22,3.0818227987488545,0,short
Dresden Hbf → Hamburg Dammtor,Dresden Hbf,Hamburg Dammtor,day,Dresden → Hamburg Dammtor,DE,DE,378.43,DB,day,0.04899697674418605,0.151,18.54192590930233,57.14293,38.60100409069767,90.3,Back-on-Track 2022,2026-03-22,3.0818227987488545,0,short
Dresden Hbf → Hannover Hbf,Dresden Hbf,Hannover Hbf,day,Dresden → Hannover,DE,DE,312.5,DB,day,0.04899697674418605,0.151,15.31155523255814,47.1875,31.875944767441858,90.3,Back-on-Track 2022,2026-03-22,3.081822798748855,0,short
Dresden Hbf → Köln Hbf,Dresden Hbf,Koln Hbf,night,Dresden → Koln,DE,DE,474.02,DB,night,0.04899697674418605,0.151,23.22554691627907,71.57701999999999,48.35147308372092,90.3,Back-on-Track 2022,2026-03-22,3.0818227987488545,0,short
Dresden Hbf → Leer(Ostfriesl),Dresden Hbf,Leer Ostfriesl,day,Dresden → Leer Ostfriesl,DE,DE,491.98,DB,day,0.04899697674418605,0.151,24.105532618604656,74.28898,50.18344738139534,90.3,Back-on-Track 2022,2026-03-22,3.081822798748854,0,short
Dresden Hbf → Leipzig Hbf,Dresden Hbf,Leipzig Hbf,day,Dresden → Leipzig,DE,DE,99.99,DB,day,0.04899697674418605,0.151,4.899207704651163,15.098489999999998,10.199282295348835,90.3,Back-on-Track 2022,2026-03-22,3.0818227987488545,0,short
Magdeburg Hbf → Dresden Hbf,Magdeburg Hbf,Dresden Hbf,night,Magdeburg → Dresden,DE,DE,189.3,DB,night,0.04899697674418605,0.151,9.27512769767442,28.584300000000002,19.30917230232558,90.3,Back-on-Track 2022,2026-03-22,3.0818227987488545,0,short
Norddeich Mole → Dresden Hbf,Norddeich Mole,Dresden Hbf,day,Norddeich Mole → Dresden,DE,DE,530.75,DB,day,0.04899697674418605,0.151,26.005145406976748,80.14325,54.13810459302324,90.3,Back-on-Track 2022,2026-03-22,3.0818227987488545,0,medium
Dresden Hbf → Ostseebad Binz,Dresden Hbf,Ostseebad Binz,day,Dresden → Ostseebad Binz,DE,DE,374.19,DB,day,0.04899697674418605,0.151,18.334178727906977,56.50269,38.16851127209303,90.3,Back-on-Track 2022,2026-03-22,3.081822798748855,0,short
Dresden Hbf → Praha hl.n.,Dresden Hbf,Praha Hl N,day,Dresden → Praha Hl N,DE,DE,117.51,CD,day,0.04899697674418605,0.151,5.757634737209303,17.74401,11.986375262790697,90.2,Back-on-Track 2022,2026-03-22,3.0818227987488545,0,short
Dresden Hbf → Rostock Hbf,Dresden Hbf,Rostock Hbf,day,Dresden → Rostock,DE,DE,354.66,DB,day,0.04899697674418605,0.151,17.377267772093028,53.55366,36.17639222790697,90.3,Back-on-Track 2022,2026-03-22,3.081822798748854,0,short
Dresden Hbf → Saarbrücken Hbf,Dresden Hbf,Saarbrucken Hbf,day,Dresden → Saarbrucken,DE,DE,520.16,DB,day,0.04899697674418605,0.151,25.486267423255814,78.54415999999999,53.05789257674418,90.3,Back-on-Track 2022,2026-03-22,3.0818227987488545,0,medium
Dresden Hbf → Westerland(Sylt),Dresden Hbf,Westerland Sylt,day,Dresden → Westerland Sylt,DE,DE,562.33,DB,day,0.04899697674418605,0.151,27.552469932558143,84.91183000000001,57.35936006744187,90.3,Back-on-Track 2022,2026-03-22,3.081822798748855,0,medium
Dresden Hbf → Wiesbaden Hbf,Dresden Hbf,Wiesbaden Hbf,day,Dresden → Wiesbaden,DE,DE,402.33,DB,day,0.04899697674418605,0.151,19.712953653488373,60.75183,41.03887634651163,90.3,Back-on-Track 2022,2026-03-22,3.0818227987488545,0,short
K4,Dreux,Granville,night,Dreux → Granville,FR,FR,217.01,SNCF,night,0.04899697674418605,0.151,10.632833923255815,32.76851,22.135676076744183,90.3,Back-on-Track 2022,2026-03-22,3.0818227987488545,0,short
S9,Rafz,Dubendorf,day,Rafz → Dubendorf,CH,CH,23.44,SBB (Schweizerische Bundesbahnen SBB),day,0.04899697674418605,0.151,1.1484891348837212,3.53944,2.3909508651162787,90.2,Back-on-Track 2022,2026-03-22,3.081822798748854,0,short
S9,Schaffhausen,Dubendorf,day,Schaffhausen → Dubendorf,CH,CH,33.17,SBB (Schweizerische Bundesbahnen SBB),day,0.04899697674418605,0.151,1.6252297186046514,5.00867,3.383440281395349,90.4,Back-on-Track 2022,2026-03-22,3.081822798748855,0,short
Stuttgart Hbf → Duisburg Hbf,Stuttgart Hbf,Duisburg Hbf,day,Stuttgart → Duisburg,DE,DE,340.52,DB,day,0.04899697674418605,0.151,16.684450520930234,51.418519999999994,34.73406947906976,90.3,Back-on-Track 2022,2026-03-22,3.0818227987488545,0,short
K52,Hazebrouck,Dunkerque,day,Hazebrouck → Dunkerque,FR,FR,36.06,SNCF,day,0.04899697674418605,0.151,1.766830981395349,5.44506,3.6782290186046507,90.4,Back-on-Track 2022,2026-03-22,3.0818227987488545,0,short
K90+,Dunkerque,Lille Europe,day,Dunkerque → Lille Europe,FR,FR,65.98,SNCF,day,0.04899697674418605,0.151,3.232820525581396,9.96298,6.730159474418604,90.3,Back-on-Track 2022,2026-03-22,3.0818227987488545,0,short
K70,Dunkerque,Lille Flandres,day,Dunkerque → Lille Flandres,FR,FR,65.88,SNCF,day,0.04899697674418605,0.151,3.227920827906977,9.94788,6.719959172093023,90.3,Back-on-Track 2022,2026-03-22,3.081822798748855,0,short
261C,Dunkerque,Paris Gare Du Nord,night,Dunkerque → Paris du Nord,FR,FR,239.1,SNCF,night,0.04899697674418605,0.151,11.715177139534884,36.104099999999995,24.38892286046511,90.3,Back-on-Track 2022,2026-03-22,3.0818227987488545,0,short
Erfurt Hbf → Düsseldorf Hbf,Erfurt Hbf,Dusseldorf Hbf,day,Erfurt → Dusseldorf,DE,DE,297.61,DB,day,0.04899697674418605,0.151,14.581990248837212,44.93911,30.357119751162788,90.3,Back-on-Track 2022,2026-03-22,3.0818227987488545,0,short
ICE 41,Dusseldorf Hbf,Frankfurt Main Hbf,day,Dusseldorf → Frankfurt Main,DE,DE,180.74,DB,day,0.04899697674418605,0.151,8.855713576744188,27.29174,18.43602642325581,90.3,Back-on-Track 2022,2026-03-22,3.0818227987488545,0,short
Düsseldorf Hbf → Gera Hbf,Dusseldorf Hbf,Gera Hbf,day,Dusseldorf → Gera,DE,DE,371.07,DB,day,0.04899697674418605,0.151,18.181308160465118,56.031569999999995,37.85026183953488,90.3,Back-on-Track 2022,2026-03-22,3.0818227987488545,0,short
ICE 43,Hamburg Altona S,Dusseldorf Hbf,day,Hamburg Altona S → Dusseldorf,DE,DE,335.67,DB,day,0.04899697674418605,0.151,16.446815183720933,50.686170000000004,34.239354816279075,90.3,Back-on-Track 2022,2026-03-22,3.081822798748855,0,short
Düsseldorf Hbf → Innsbruck Hbf,Dusseldorf Hbf,Innsbruck Hbf,day,Dusseldorf → Innsbruck,DE,DE,552.4,ÖBB,day,0.04899697674418605,0.151,27.065929953488375,83.41239999999999,56.34647004651161,90.3,Back-on-Track 2022,2026-03-22,3.0818227987488545,0,medium
Düsseldorf Hbf → Karlsruhe Hbf,Dusseldorf Hbf,Karlsruhe Hbf,day,Dusseldorf → Karlsruhe,DE,DE,272.82,DB,day,0.04899697674418605,0.151,13.367355195348837,41.19582,27.828464804651162,90.3,Back-on-Track 2022,2026-03-22,3.081822798748855,0,short
Düsseldorf Hbf → Koblenz Hbf,Dusseldorf Hbf,Koblenz Hbf,day,Dusseldorf → Koblenz,DE,DE,111.59,SWX,day,0.04899697674418605,0.151,5.467572634883721,16.85009,11.38251736511628,90.3,Back-on-Track 2022,2026-03-22,3.081822798748855,0,short
Düsseldorf Hbf → Leer(Ostfriesl),Dusseldorf Hbf,Leer Ostfriesl,day,Dusseldorf → Leer Ostfriesl,DE,DE,228.31,DB,day,0.04899697674418605,0.151,11.186499760465118,34.47481,23.28831023953488,90.3,Back-on-Track 2022,2026-03-22,3.0818227987488545,0,short
Düsseldorf Hbf → Leipzig Hbf,Dusseldorf Hbf,Leipzig Hbf,day,Dusseldorf → Leipzig,DE,DE,388.78,DB,day,0.04899697674418605,0.151,19.04904461860465,58.70578,39.65673538139535,90.3,Back-on-Track 2022,2026-03-22,3.081822798748855,0,short
Düsseldorf Hbf → Luxembourg,Dusseldorf Hbf,Luxembourg,day,Dusseldorf → Luxembourg,DE,DE,186.13,SWX,day,0.04899697674418605,0.151,9.11980728139535,28.105629999999998,18.98582271860465,90.3,Back-on-Track 2022,2026-03-22,3.0818227987488545,0,short
München Hbf → Düsseldorf Hbf,Munchen Hbf,Dusseldorf Hbf,night,Munchen → Dusseldorf,DE,DE,484.33,DB,night,0.04899697674418605,0.151,23.730705746511628,73.13382999999999,49.40312425348836,90.3,Back-on-Track 2022,2026-03-22,3.0818227987488545,0,short
Nürnberg Hbf → Düsseldorf Hbf,Nurnberg Hbf,Dusseldorf Hbf,night,Nurnberg → Dusseldorf,DE,DE,362.66,DB,night,0.04899697674418605,0.151,17.769243586046514,54.76166,36.992416413953485,90.3,Back-on-Track 2022,2026-03-22,3.0818227987488545,0,short
Düsseldorf Hbf → Stuttgart Hbf,Dusseldorf Hbf,Stuttgart Hbf,day,Dusseldorf → Stuttgart,DE,DE,320.08,DB,day,0.04899697674418605,0.151,15.68295231627907,48.33208,32.64912768372093,90.3,Back-on-Track 2022,2026-03-22,3.0818227987488545,0,short
Düsseldorf Hbf → Weimar,Dusseldorf Hbf,Weimar,day,Dusseldorf → Weimar,DE,DE,317.39,DB,day,0.04899697674418605,0.151,15.55115044883721,47.925889999999995,32.37473955116278,90.3,Back-on-Track 2022,2026-03-22,3.0818227987488545,0,short
Düsseldorf Hbf → Wien Hbf (Autoreisezuganlage),Dusseldorf Hbf,Wien Hbf Autoreisezuganlage,day,Dusseldorf → Wien Autoreisezuganlage,DE,DE,768.03,ÖBB,day,0.04899697674418605,0.151,37.63114804883721,115.97252999999999,78.34138195116279,90.3,Back-on-Track 2022,2026-03-22,3.0818227987488545,0,medium
IR75,Ebikon,Konstanz,day,Ebikon → Konstanz,CH,CH,89.63,SBB (Schweizerische Bundesbahnen SBB),day,0.04899697674418605,0.151,4.391599025581396,13.53413,9.142530974418603,90.3,Back-on-Track 2022,2026-03-22,3.0818227987488545,0,short
S1,Ebikon,Zug,day,Ebikon → Zug,CH,CH,16.42,SBB (Schweizerische Bundesbahnen SBB),day,0.04899697674418605,0.151,0.804530358139535,2.47942,1.674889641860465,90.3,Back-on-Track 2022,2026-03-22,3.081822798748855,0,short
IR70,Ebikon,Zurich Hb,day,Ebikon → Zurich Hb,CH,CH,35.93,SBB (Schweizerische Bundesbahnen SBB),day,0.04899697674418605,0.151,1.7604613744186048,5.4254299999999995,3.6649686255813947,90.3,Back-on-Track 2022,2026-03-22,3.0818227987488545,0,short
R,Lausanne Flon,Echallens,day,Lausanne Flon → Echallens,CH,CH,13.2,LEB (Lausanne-Echallens-Bercher),day,0.04899697674418605,0.151,0.6467600930232559,1.9931999999999999,1.346439906976744,90.5,Back-on-Track 2022,2026-03-22,3.0818227987488545,0,short
S19,Koblenz,Effretikon,day,Koblenz → Effretikon,CH,CH,39.6,SBB (Schweizerische Bundesbahnen SBB),day,0.04899697674418605,0.151,1.9402802790697677,5.9796000000000005,4.039319720930233,90.4,Back-on-Track 2022,2026-03-22,3.081822798748855,0,short
S8,Pfaffikon Sz,Effretikon,day,Pfaffikon Sz → Effretikon,CH,CH,25.72,SBB (Schweizerische Bundesbahnen SBB),day,0.04899697674418605,0.151,1.2602022418604653,3.88372,2.623517758139535,90.3,Back-on-Track 2022,2026-03-22,3.0818227987488545,0,short
S24,Effretikon,Thalwil,day,Effretikon → Thalwil,CH,CH,17.11,SBB (Schweizerische Bundesbahnen SBB),day,0.04899697674418605,0.151,0.8383382720930233,2.5836099999999997,1.7452717279069765,90.2,Back-on-Track 2022,2026-03-22,3.0818227987488545,0,short
S24,Zug,Effretikon,day,Zug → Effretikon,CH,CH,30.88,SBB (Schweizerische Bundesbahnen SBB),day,0.04899697674418605,0.151,1.5130266418604652,4.6628799999999995,3.1498533581395343,90.3,Back-on-Track 2022,2026-03-22,3.0818227987488545,0,short
S19,Effretikon,Zurich Hb,day,Effretikon → Zurich Hb,CH,CH,12.23,SBB (Schweizerische Bundesbahnen SBB),day,0.04899697674418605,0.151,0.5992330255813955,1.84673,1.2474969744186044,90.3,Back-on-Track 2022,2026-03-22,3.0818227987488545,0,short
S24,Effretikon,Zurich Wipkingen,day,Effretikon → Zurich Wipkingen,CH,CH,12.39,SBB (Schweizerische Bundesbahnen SBB),day,0.04899697674418605,0.151,0.6070725418604652,1.87089,1.2638174581395347,90.4,Back-on-Track 2022,2026-03-22,3.0818227987488545,0,short
RB,Freiburg Breisgau Hbf,Efringen Kirchen,day,Freiburg Breisgau → Efringen Kirchen,CH,CH,43.3,DB Regio (DB Regio AG Baden-Württemberg),day,0.04899697674418605,0.151,2.121569093023256,6.5383,4.416730906976744,90.2,Back-on-Track 2022,2026-03-22,3.081822798748855,0,short
RE,Offenburg,Efringen Kirchen,day,Offenburg → Efringen Kirchen,CH,CH,95.6,DB Regio (DB Regio AG Baden-Württemberg),day,0.04899697674418605,0.151,4.684110976744186,14.435599999999999,9.751489023255813,90.3,Back-on-Track 2022,2026-03-22,3.0818227987488545,0,short
L27,Egletons,Meymac,day,Egletons → Meymac,FR,FR,16.16,SNCF,day,0.04899697674418605,0.151,0.7917911441860466,2.44016,1.6483688558139535,90.1,Back-on-Track 2022,2026-03-22,3.081822798748855,0,short
L27,Tulle,Egletons,day,Tulle → Egletons,FR,FR,28.95,SNCF,day,0.04899697674418605,0.151,1.4184624767441862,4.371449999999999,2.952987523255813,90.2,Back-on-Track 2022,2026-03-22,3.081822798748854,0,short
RB,Ehingen Donau,Herrlingen,day,Ehingen Donau → Herrlingen,CH,CH,19.49,DB Regio (DB Regio AG Baden-Württemberg),day,0.04899697674418605,0.151,0.954951076744186,2.9429899999999996,1.9880389232558136,90.4,Back-on-Track 2022,2026-03-22,3.0818227987488545,0,short
RB,Ehingen Donau,Ulm Hbf,day,Ehingen Donau → Ulm,CH,CH,22.9,DB Regio (DB Regio AG Baden-Württemberg),day,0.04899697674418605,0.151,1.1220307674418606,3.4578999999999995,2.3358692325581387,90.3,Back-on-Track 2022,2026-03-22,3.081822798748854,0,short
S40,Rapperswil Sg,Einsiedeln,day,Rapperswil Sg → Einsiedeln,CH,CH,12.02,SOB-sob (Schweizerische Südostbahn (sob)),day,0.04899697674418605,0.151,0.5889436604651163,1.8150199999999999,1.2260763395348837,90.2,Back-on-Track 2022,2026-03-22,3.081822798748855,0,short
S13,Wadenswil,Einsiedeln,day,Wadenswil → Einsiedeln,CH,CH,12.36,SOB-sob (Schweizerische Südostbahn (sob)),day,0.04899697674418605,0.151,0.6056026325581395,1.8663599999999998,1.2607573674418604,90.4,Back-on-Track 2022,2026-03-22,3.081822798748855,0,short
RE,Zurich Hb,Einsiedeln,day,Zurich Hb → Einsiedeln,CH,CH,31.75,SBB (Schweizerische Bundesbahnen SBB),day,0.04899697674418605,0.151,1.5556540116279072,4.79425,3.2385959883720927,90.4,Back-on-Track 2022,2026-03-22,3.0818227987488545,0,short
Eisenach → Hamburg Hbf,Eisenach,Hamburg Hbf,night,Eisenach → Hamburg,DE,DE,287.27,DB,night,0.04899697674418605,0.151,14.075361509302326,43.37777,29.302408490697673,90.3,Back-on-Track 2022,2026-03-22,3.081822798748855,0,short
Eisenach → Hamburg-Altona,Eisenach,Hamburg Altona,night,Eisenach → Hamburg Altona,DE,DE,287.68,DB,night,0.04899697674418605,0.151,14.095450269767444,43.43968,29.34422973023256,90.3,Back-on-Track 2022,2026-03-22,3.081822798748855,0,short
Eisenach → Rostock Hbf,Eisenach,Rostock Hbf,day,Eisenach → Rostock,DE,DE,365.67,DB,day,0.04899697674418605,0.151,17.916724486046515,55.21617,37.299445513953486,90.3,Back-on-Track 2022,2026-03-22,3.081822798748854,0,short
Eisenach → Warnemünde,Eisenach,Warnemunde,day,Eisenach → Warnemunde,DE,DE,375.12,DB,day,0.04899697674418605,0.151,18.37974591627907,56.643119999999996,38.263374083720926,90.3,Back-on-Track 2022,2026-03-22,3.0818227987488545,0,short
C10,Yvetot,Elbeuf Saint Aubin,day,Yvetot → Elbeuf Saint Aubin,FR,FR,40.17,SNCF,day,0.04899697674418605,0.151,1.9682085558139537,6.06567,4.097461444186046,90.3,Back-on-Track 2022,2026-03-22,3.0818227987488545,0,short
S35,Elgg,Wil Sg,day,Elgg → Wil Sg,CH,CH,13.94,THURBO (THURBO),day,0.04899697674418605,0.151,0.6830178558139535,2.10494,1.4219221441860466,90.0,Back-on-Track 2022,2026-03-22,3.081822798748855,0,short
INCONNU,Volvic,Saint Eloy Les Mines Lycee,day,Volvic → Saint Eloy les Mines Lycee,FR,FR,35.83,OCEdefault,day,0.04899697674418605,0.151,1.7555616767441862,5.410329999999999,3.654768323255813,90.3,Back-on-Track 2022,2026-03-22,3.0818227987488545,0,short
Hannover Hbf → Emden Außenhafen,Hannover Hbf,Emden Auenhafen,day,Hannover → Emden Auenhafen,DE,DE,202.46,DB,day,0.04899697674418605,0.151,9.919927911627909,30.571460000000002,20.651532088372093,90.3,Back-on-Track 2022,2026-03-22,3.0818227987488545,0,short
Emden Außenhafen → Köln Hbf,Emden Auenhafen,Koln Hbf,day,Emden Auenhafen → Koln,DE,DE,267.48,DB,day,0.04899697674418605,0.151,13.105711339534885,40.38948,27.283768660465114,90.3,Back-on-Track 2022,2026-03-22,3.0818227987488545,0,short
Leipzig Hbf → Emden Außenhafen,Leipzig Hbf,Emden Auenhafen,night,Leipzig → Emden Auenhafen,DE,DE,416.96,DB,night,0.04899697674418605,0.151,20.429779423255816,62.96095999999999,42.53118057674418,90.3,Back-on-Track 2022,2026-03-22,3.0818227987488545,0,short
IC 56,Emden Hbf,Halle Saale Hbf,day,Emden → Halle Saale,DE,DE,386.95,DB,day,0.04899697674418605,0.151,18.95938015116279,58.429449999999996,39.470069848837205,90.3,Back-on-Track 2022,2026-03-22,3.081822798748855,0,short
Hannover Hbf → Emden Hbf,Hannover Hbf,Emden Hbf,day,Hannover → Emden,DE,DE,203.38,DB,day,0.04899697674418605,0.151,9.965005130232559,30.710379999999997,20.74537486976744,90.3,Back-on-Track 2022,2026-03-22,3.0818227987488545,0,short
Emden Hbf → Immendingen,Emden Hbf,Immendingen,day,Emden → Immendingen,DE,DE,613.69,DB,day,0.04899697674418605,0.151,30.06895465813954,92.66719,62.598235341860466,90.3,Back-on-Track 2022,2026-03-22,3.081822798748855,0,medium
Emden Hbf → Koblenz Hbf,Emden Hbf,Koblenz Hbf,day,Emden → Koblenz,DE,DE,336.68,DB,day,0.04899697674418605,0.151,16.49630213023256,50.83868,34.34237786976743,90.3,Back-on-Track 2022,2026-03-22,3.0818227987488545,0,short
Emden Hbf → Köln Hbf,Emden Hbf,Koln Hbf,day,Emden → Koln,DE,DE,270.24,DB,day,0.04899697674418605,0.151,13.240942995348838,40.80624,27.565297004651164,90.3,Back-on-Track 2022,2026-03-22,3.081822798748855,0,short
Emden Hbf → Konstanz,Emden Hbf,Konstanz,day,Emden → Konstanz,DE,DE,650.17,DB,day,0.04899697674418605,0.151,31.856364369767444,98.17567,66.31930563023255,90.3,Back-on-Track 2022,2026-03-22,3.0818227987488545,0,medium
Emden Hbf → Leipzig Hbf,Emden Hbf,Leipzig Hbf,night,Emden → Leipzig,DE,DE,417.82,DB,night,0.04899697674418605,0.151,20.471916823255814,63.090819999999994,42.61890317674418,90.3,Back-on-Track 2022,2026-03-22,3.0818227987488545,0,short
Magdeburg Hbf → Emden Hbf,Magdeburg Hbf,Emden Hbf,night,Magdeburg → Emden,DE,DE,328.47,DB,night,0.04899697674418605,0.151,16.094036951162792,49.59897,33.50493304883721,90.3,Back-on-Track 2022,2026-03-22,3.081822798748855,0,short
Emden Hbf → Radolfzell,Emden Hbf,Radolfzell,day,Emden → Radolfzell,DE,DE,638.74,DB,day,0.04899697674418605,0.151,31.2963289255814,96.44973999999999,65.15341107441859,90.3,Back-on-Track 2022,2026-03-22,3.0818227987488545,0,medium
Singen(Hohentwiel) → Emden Hbf,Singen Hohentwiel,Emden Hbf,day,Singen Hohentwiel → Emden,DE,DE,634.55,DB,day,0.04899697674418605,0.151,31.091031593023256,95.81705,64.72601840697673,90.3,Back-on-Track 2022,2026-03-22,3.081822798748855,0,medium
Stuttgart Hbf → Emden Hbf,Stuttgart Hbf,Emden Hbf,day,Stuttgart → Emden,DE,DE,528.32,DB,day,0.04899697674418605,0.151,25.886082753488378,79.77632,53.89023724651162,90.3,Back-on-Track 2022,2026-03-22,3.081822798748854,0,medium
S9,Lenzburg,Emmenbrucke,day,Lenzburg → Emmenbrucke,CH,CH,36.64,SBB (Schweizerische Bundesbahnen SBB),day,0.04899697674418605,0.151,1.795249227906977,5.53264,3.737390772093023,90.3,Back-on-Track 2022,2026-03-22,3.0818227987488545,0,short
RB,Emmendingen,Mullheim Im Markgraflerland,day,Emmendingen → Mullheim im Markgraflerland,CH,CH,39.08,DB Regio (DB Regio AG Baden-Württemberg),day,0.04899697674418605,0.151,1.9148018511627907,5.901079999999999,3.9862781488372088,90.2,Back-on-Track 2022,2026-03-22,3.081822798748855,0,short
RB,Emmendingen,Neuenburg Baden,day,Emmendingen → Neuenburg Baden,CH,CH,40.28,DB Regio (DB Regio AG Baden-Württemberg),day,0.04899697674418605,0.151,1.9735982232558142,6.08228,4.108681776744186,90.3,Back-on-Track 2022,2026-03-22,3.0818227987488545,0,short
IR,Engelberg,Luzern,day,Engelberg → Luzern,CH,CH,26.59,ZB (Zentralbahn),day,0.04899697674418605,0.151,1.302829611627907,4.01509,2.712260388372093,90.3,Back-on-Track 2022,2026-03-22,3.081822798748855,0,short
S6,Engen,Konstanz,day,Engen → Konstanz,CH,CH,37.38,SBB (SBB GmbH),day,0.04899697674418605,0.151,1.8315069906976746,5.64438,3.8128730093023253,90.3,Back-on-Track 2022,2026-03-22,3.0818227987488545,0,short
C46+,Epernay,Luneville,day,Epernay → Luneville,FR,FR,192.62,SNCF,day,0.04899697674418605,0.151,9.437797660465117,29.08562,19.647822339534883,90.3,Back-on-Track 2022,2026-03-22,3.0818227987488545,0,short
P55,Metz,Epernay,day,Metz → Epernay,FR,FR,161.64,SNCF,day,0.04899697674418605,0.151,7.919871320930232,24.407639999999997,16.487768679069767,90.3,Back-on-Track 2022,2026-03-22,3.081822798748855,0,short
TER,Metz Ville,Epernay,day,Metz Ville → Epernay,CH,CH,161.66,SNCF (Société Nationale des Chemins de fer Français),day,0.04899697674418605,0.151,7.920851260465117,24.41066,16.489808739534883,90.3,Back-on-Track 2022,2026-03-22,3.081822798748855,0,short
C46+,Nancy,Epernay,day,Nancy → Epernay,FR,FR,166.77,SNCF,day,0.04899697674418605,0.151,8.171225811627908,25.18227,17.01104418837209,90.3,Back-on-Track 2022,2026-03-22,3.0818227987488545,0,short
K2,Paris Est,Epernay,day,Paris Est → Epernay,FR,FR,118.42,SNCF,day,0.04899697674418605,0.151,5.802221986046512,17.88142,12.079198013953487,90.3,Back-on-Track 2022,2026-03-22,3.0818227987488545,0,short
C73,Epernay,Reims,day,Epernay → Reims,FR,FR,24.17,SNCF,day,0.04899697674418605,0.151,1.184256927906977,3.64967,2.465413072093023,90.2,Back-on-Track 2022,2026-03-22,3.081822798748854,0,short
P31,Montmelian,Epierre Saint Leger,day,Montmelian → Epierre Saint Leger,FR,FR,20.1,SNCF,day,0.04899697674418605,0.151,0.9848392325581397,3.0351,2.05026076744186,90.3,Back-on-Track 2022,2026-03-22,3.0818227987488545,0,short
P31,Saint Pierre D Albigny,Epierre Saint Leger,day,Saint Pierre d Albigny → Epierre Saint Leger,FR,FR,15.4,SNCF,day,0.04899697674418605,0.151,0.7545534418604652,2.3254,1.570846558139535,90.1,Back-on-Track 2022,2026-03-22,3.0818227987488545,0,short
C24+,Epinal,Laveline Devant Bruyeres Maison Pour Tous,day,Epinal → Laveline Devant Bruyeres Maison Pour Tous,FR,FR,23.01,SNCF,day,0.04899697674418605,0.151,1.1274204348837211,3.47451,2.3470895651162786,90.3,Back-on-Track 2022,2026-03-22,3.0818227987488545,0,short
C40,Epinal,Metz,night,Epinal → Metz,FR,FR,105.38,SNCF,night,0.04899697674418605,0.151,5.163301409302326,15.912379999999999,10.749078590697673,90.2,Back-on-Track 2022,2026-03-22,3.0818227987488545,0,short
TER,Epinal,Metz Ville,day,Epinal → Metz Ville,CH,CH,105.36,SNCF (Société Nationale des Chemins de fer Français),day,0.04899697674418605,0.151,5.162321469767442,15.90936,10.747038530232558,90.2,Back-on-Track 2022,2026-03-22,3.0818227987488545,0,short
C24+,Epinal,Molsheim,day,Epinal → Molsheim,FR,FR,87.81,SNCF,day,0.04899697674418605,0.151,4.302424527906977,13.25931,8.956885472093022,90.3,Back-on-Track 2022,2026-03-22,3.0818227987488545,0,short
C40,Epinal,Nancy,day,Epinal → Nancy,FR,FR,60.23,SNCF,day,0.04899697674418605,0.151,2.9510879093023257,9.094729999999998,6.143642090697673,90.3,Back-on-Track 2022,2026-03-22,3.0818227987488545,0,short
C43,Epinal,Remiremont,day,Epinal → Remiremont,FR,FR,21.43,SNCF,day,0.04899697674418605,0.151,1.050005211627907,3.2359299999999998,2.185924788372093,90.3,Back-on-Track 2022,2026-03-22,3.0818227987488545,0,short
C24+,Rothau,Epinal,day,Rothau → Epinal,FR,FR,64.69,SNCF,day,0.04899697674418605,0.151,3.1696144255813956,9.768189999999999,6.598575574418604,90.2,Back-on-Track 2022,2026-03-22,3.0818227987488545,0,short
C24+,Epinal,Saales,day,Epinal → Saales,FR,FR,52.94,SNCF,day,0.04899697674418605,0.151,2.593899948837209,7.993939999999999,5.40004005116279,90.3,Back-on-Track 2022,2026-03-22,3.081822798748855,0,short
C24+,Strasbourg,Epinal,night,Strasbourg → Epinal,FR,FR,105.61,SNCF,night,0.04899697674418605,0.151,5.174570713953488,15.947109999999999,10.77253928604651,90.3,Back-on-Track 2022,2026-03-22,3.0818227987488545,0,short
RE,Friedrichshafen Stadt,Erbach Wurtt,day,Friedrichshafen Stadt → Erbach Wurtt,CH,CH,81.1,DB Regio (DB Regio AG Baden-Württemberg),day,0.04899697674418605,0.151,3.9736548139534884,12.246099999999998,8.272445186046511,90.2,Back-on-Track 2022,2026-03-22,3.0818227987488545,0,short
RE,Erbach Wurtt,Lindau Reutin,day,Erbach Wurtt → Lindau Reutin,CH,CH,87.19,DB Regio (DB Regio AG Baden-Württemberg),day,0.04899697674418605,0.151,4.272046402325581,13.16569,8.89364359767442,90.3,Back-on-Track 2022,2026-03-22,3.081822798748855,0,short
Erfurt Hbf → Frankfurt(M) Flughafen Fernbf,Erfurt Hbf,Frankfurt M Flughafen Fernbf,night,Erfurt → Frankfurt M Flughafen Fernbf,DE,DE,202.25,DB,night,0.04899697674418605,0.151,9.909638546511628,30.539749999999998,20.630111453488368,90.3,Back-on-Track 2022,2026-03-22,3.0818227987488545,0,short
Erfurt Hbf → Frankfurt(Main)Hbf,Erfurt Hbf,Frankfurt Main Hbf,night,Erfurt → Frankfurt Main,DE,DE,193.44,DB,night,0.04899697674418605,0.151,9.47797518139535,29.209439999999997,19.73146481860465,90.3,Back-on-Track 2022,2026-03-22,3.0818227987488545,0,short
Erfurt Hbf → Frankfurt(Main)Süd,Erfurt Hbf,Frankfurt Main Sud,night,Erfurt → Frankfurt Main Sud,DE,DE,192.5,DB,night,0.04899697674418605,0.151,9.431918023255815,29.0675,19.635581976744184,90.3,Back-on-Track 2022,2026-03-22,3.0818227987488545,0,short
Graz Hbf → Erfurt Hbf,Graz Hbf,Erfurt Hbf,night,Graz → Erfurt,DE,DE,538.3,DB,night,0.04899697674418605,0.151,26.375072581395347,81.2833,54.90822741860465,90.3,Back-on-Track 2022,2026-03-22,3.081822798748855,0,medium
Erfurt Hbf → Hamburg Hbf,Erfurt Hbf,Hamburg Hbf,day,Erfurt → Hamburg,DE,DE,295.36,DB,day,0.04899697674418605,0.151,14.471747051162792,44.59936,30.127612948837204,90.3,Back-on-Track 2022,2026-03-22,3.0818227987488545,0,short
Hamburg-Altona → Erfurt Hbf,Hamburg Altona,Erfurt Hbf,day,Hamburg Altona → Erfurt,DE,DE,296.55,DB,day,0.04899697674418605,0.151,14.530053453488375,44.77905,30.248996546511624,90.3,Back-on-Track 2022,2026-03-22,3.0818227987488545,0,short
Erfurt Hbf → Kiel Hbf,Erfurt Hbf,Kiel Hbf,day,Erfurt → Kiel,DE,DE,376.65,DB,day,0.04899697674418605,0.151,18.454711290697674,56.87414999999999,38.41943870930232,90.3,Back-on-Track 2022,2026-03-22,3.081822798748855,0,short
Erfurt Hbf → Köln Hbf,Erfurt Hbf,Koln Hbf,day,Erfurt → Koln,DE,DE,285.73,DB,day,0.04899697674418605,0.151,13.99990616511628,43.14523,29.14532383488372,90.3,Back-on-Track 2022,2026-03-22,3.0818227987488545,0,short
München Ost → Erfurt Hbf,Munchen Ost,Erfurt Hbf,day,Munchen Ost → Erfurt,DE,DE,318.99,DB,day,0.04899697674418605,0.151,15.62954561162791,48.16749,32.53794438837209,90.3,Back-on-Track 2022,2026-03-22,3.0818227987488545,0,short
Wiesbaden Hbf → Erfurt Hbf,Wiesbaden Hbf,Erfurt Hbf,day,Wiesbaden → Erfurt,DE,DE,221.55,DB,day,0.04899697674418605,0.151,10.85528019767442,33.45405,22.598769802325585,90.3,Back-on-Track 2022,2026-03-22,3.081822798748855,0,short
IR26,Erstfeld,Locarno,day,Erstfeld → Locarno,CH,CH,72.97,SOB-sob (Schweizerische Südostbahn (sob)),day,0.04899697674418605,0.151,3.575309393023256,11.018469999999999,7.443160606976743,90.3,Back-on-Track 2022,2026-03-22,3.0818227987488545,0,short
IR46,Erstfeld,Luzern,day,Erstfeld → Luzern,CH,CH,36.34,SOB-sob (Schweizerische Südostbahn (sob)),day,0.04899697674418605,0.151,1.7805501348837212,5.4873400000000006,3.7067898651162796,90.2,Back-on-Track 2022,2026-03-22,3.081822798748855,0,short
IR26,Olten,Erstfeld,day,Olten → Erstfeld,CH,CH,81.59,SOB-sob (Schweizerische Südostbahn (sob)),day,0.04899697674418605,0.151,3.99766333255814,12.32009,8.32242666744186,90.3,Back-on-Track 2022,2026-03-22,3.081822798748855,0,short
IR46,Erstfeld,Zurich Hb,day,Erstfeld → Zurich Hb,CH,CH,62.59,SOB-sob (Schweizerische Südostbahn (sob)),day,0.04899697674418605,0.151,3.066720774418605,9.45109,6.384369225581396,90.2,Back-on-Track 2022,2026-03-22,3.081822798748855,0,short
RE,Erzingen Baden,Friedrichshafen Hafen,day,Erzingen Baden → Friedrichshafen Hafen,CH,CH,78.85,DB Regio (DB Regio AG Baden-Württemberg),day,0.04899697674418605,0.151,3.8634116162790697,11.906349999999998,8.042938383720928,90.3,Back-on-Track 2022,2026-03-22,3.0818227987488545,0,short
RE,Friedrichshafen Stadt,Erzingen Baden,day,Friedrichshafen Stadt → Erzingen Baden,CH,CH,78.18,DB Regio (DB Regio AG Baden-Württemberg),day,0.04899697674418605,0.151,3.830583641860466,11.80518,7.974596358139534,90.3,Back-on-Track 2022,2026-03-22,3.0818227987488545,0,short
S64,Schaffhausen,Erzingen Baden,day,Schaffhausen → Erzingen Baden,CH,CH,15.77,SBB GmbH (SBB GmbH (Grenzverkehr)),day,0.04899697674418605,0.151,0.772682323255814,2.3812699999999998,1.6085876767441858,90.3,Back-on-Track 2022,2026-03-22,3.0818227987488545,0,short
RE,Singen Hohentwiel,Erzingen Baden,day,Singen Hohentwiel → Erzingen Baden,CH,CH,32.69,DB Regio (DB Regio AG Baden-Württemberg),day,0.04899697674418605,0.151,1.601711169767442,4.93619,3.334478830232558,90.2,Back-on-Track 2022,2026-03-22,3.0818227987488545,0,short
RE,Ulm Hbf,Erzingen Baden,day,Ulm → Erzingen Baden,CH,CH,141.75,DB Regio (DB Regio AG Baden-Württemberg),day,0.04899697674418605,0.151,6.945321453488373,21.40425,14.458928546511629,90.3,Back-on-Track 2022,2026-03-22,3.081822798748855,0,short
RB,Erzingen Baden,Waldshut,day,Erzingen Baden → Waldshut,CH,CH,16.34,DB Regio (DB Regio AG Baden-Württemberg),day,0.04899697674418605,0.151,0.8006106000000001,2.46734,1.6667294,90.2,Back-on-Track 2022,2026-03-22,3.081822798748855,0,short
ICE 41,Essen Hbf,Frankfurt Main Hbf,day,Essen → Frankfurt Main,DE,DE,189.15,DB,day,0.04899697674418605,0.151,9.267778151162792,28.56165,19.293871848837206,90.3,Back-on-Track 2022,2026-03-22,3.0818227987488545,0,short
Essen Hbf → Freiburg(Breisgau) Hbf,Essen Hbf,Freiburg Breisgau Hbf,day,Essen → Freiburg Breisgau,DE,DE,388.59,DB,day,0.04899697674418605,0.151,19.039735193023255,58.67708999999999,39.63735480697674,90.3,Back-on-Track 2022,2026-03-22,3.081822798748855,0,short
Essen Hbf → Karlsruhe Hbf,Essen Hbf,Karlsruhe Hbf,day,Essen → Karlsruhe,DE,DE,290.56,DB,day,0.04899697674418605,0.151,14.2365615627907,43.87456,29.637998437209305,90.3,Back-on-Track 2022,2026-03-22,3.081822798748855,0,short
München Hbf → Essen Hbf,Munchen Hbf,Essen Hbf,night,Munchen → Essen,DE,DE,491.66,DB,night,0.04899697674418605,0.151,24.089853586046516,74.24066,50.15080641395349,90.3,Back-on-Track 2022,2026-03-22,3.0818227987488545,0,short
Nürnberg Hbf → Essen Hbf,Nurnberg Hbf,Essen Hbf,night,Nurnberg → Essen,DE,DE,364.21,DB,night,0.04899697674418605,0.151,17.8451889,54.995709999999995,37.15052109999999,90.3,Back-on-Track 2022,2026-03-22,3.0818227987488545,0,short
P16,Montchanin,Etang Sur Arroux,day,Montchanin → Etang Sur Arroux,FR,FR,25.67,SNCF,day,0.04899697674418605,0.151,1.257752393023256,3.87617,2.6184176069767444,90.3,Back-on-Track 2022,2026-03-22,3.081822798748855,0,short
K6,Etang Sur Arroux,Nevers,day,Etang Sur Arroux → Nevers,FR,FR,79.57,SNCF,day,0.04899697674418605,0.151,3.8986894395348837,12.015069999999998,8.116380560465114,90.3,Back-on-Track 2022,2026-03-22,3.0818227987488545,0,short
K71,Etaples Le Touquet,Lille Flandres,day,Etaples le Touquet → Lille Flandres,FR,FR,101.66,SNCF,day,0.04899697674418605,0.151,4.981032655813954,15.35066,10.369627344186046,90.3,Back-on-Track 2022,2026-03-22,3.0818227987488545,0,short
P53,Saint Pol Sur Ternoise,Etaples Le Touquet,day,Saint Pol Sur Ternoise → Etaples le Touquet,FR,FR,51.65,SNCF,day,0.04899697674418605,0.151,2.5306938488372093,7.799149999999999,5.268456151162789,90.3,Back-on-Track 2022,2026-03-22,3.0818227987488545,0,short
P28,Firminy,Saint Etienne Chateaucreux,day,Firminy → Saint Etienne Chateaucreux,FR,FR,10.55,SNCF,day,0.04899697674418605,0.151,0.5169181046511628,1.59305,1.0761318953488372,90.1,Back-on-Track 2022,2026-03-22,3.081822798748855,0,short
P28,Saint Etienne Chateaucreux,Le Puy En Velay,day,Saint Etienne Chateaucreux → le Puy En Velay,FR,FR,59.67,SNCF,day,0.04899697674418605,0.151,2.9236496023255816,9.01017,6.086520397674419,90.2,Back-on-Track 2022,2026-03-22,3.081822798748855,0,short
C18,Lyon Part Dieu,Saint Etienne Chateaucreux,day,Lyon Part Dieu → Saint Etienne Chateaucreux,FR,FR,50.23,SNCF,day,0.04899697674418605,0.151,2.461118141860465,7.5847299999999995,5.123611858139535,90.3,Back-on-Track 2022,2026-03-22,3.081822798748855,0,short
C28,Saint Etienne Chateaucreux,Lyon Perrache,day,Saint Etienne Chateaucreux → Lyon Perrache,FR,FR,47.44,SNCF,day,0.04899697674418605,0.151,2.324416576744186,7.16344,4.839023423255814,90.3,Back-on-Track 2022,2026-03-22,3.081822798748855,0,short
C20,Saint Etienne Chateaucreux,Montbrison,day,Saint Etienne Chateaucreux → Montbrison,FR,FR,30.79,SNCF,day,0.04899697674418605,0.151,1.5086169139534884,4.64929,3.1406730860465113,90.3,Back-on-Track 2022,2026-03-22,3.0818227987488545,0,short
TGV,Paris Gare De Lyon,Saint Etienne Chateaucreux,day,Paris de Lyon → Saint Etienne Chateaucreux,CH,CH,408.02,SNCF (Société Nationale des Chemins de fer Français),day,0.04899697674418605,0.151,19.99174645116279,61.611019999999996,41.61927354883721,90.3,Back-on-Track 2022,2026-03-22,3.081822798748855,0,short
601B,Paris Gare De Lyon Hall 1 2,Saint Etienne Chateaucreux,day,Paris de Lyon Hall 1 2 → Saint Etienne Chateaucreux,FR,FR,408.06,SNCF,day,0.04899697674418605,0.151,19.99370633023256,61.617059999999995,41.62335366976744,90.3,Back-on-Track 2022,2026-03-22,3.0818227987488545,0,short
C30,Saint Etienne Chateaucreux,Roanne,day,Saint Etienne Chateaucreux → Roanne,FR,FR,71.23,SNCF,day,0.04899697674418605,0.151,3.4900546534883725,10.75573,7.265675346511627,90.3,Back-on-Track 2022,2026-03-22,3.0818227987488545,0,short
E02,Evian Les Bains,Grenoble,day,Evian les Bains → Grenoble,FR,FR,149.79,SNCF,day,0.04899697674418605,0.151,7.3392571465116285,22.61829,15.27903285348837,90.3,Back-on-Track 2022,2026-03-22,3.0818227987488545,0,short
TGV,Evian Les Bains,Paris Gare De Lyon,day,Evian les Bains → Paris de Lyon,CH,CH,416.18,SNCF (Société Nationale des Chemins de fer Français),day,0.04899697674418605,0.151,20.39156178139535,62.84318,42.45161821860465,90.3,Back-on-Track 2022,2026-03-22,3.0818227987488545,0,short
621H,Paris Gare De Lyon Hall 1 2,Evian Les Bains,day,Paris de Lyon Hall 1 2 → Evian les Bains,FR,FR,416.2,SNCF,day,0.04899697674418605,0.151,20.392541720930232,62.846199999999996,42.453658279069764,90.3,Back-on-Track 2022,2026-03-22,3.081822798748855,0,short
C13,Lisieux,Evreux Normandie,day,Lisieux → Evreux Normandie,FR,FR,68.21,SNCF,day,0.04899697674418605,0.151,3.34208378372093,10.29971,6.957626216279069,90.3,Back-on-Track 2022,2026-03-22,3.081822798748855,0,short
C2,Mantes La Jolie,Evreux Normandie,day,Mantes la Jolie → Evreux Normandie,FR,FR,40.52,SNCF,day,0.04899697674418605,0.151,1.9853574976744188,6.11852,4.133162502325582,90.2,Back-on-Track 2022,2026-03-22,3.081822798748855,0,short
C2,Paris Saint Lazare,Evreux Normandie,day,Paris Saint Lazare → Evreux Normandie,FR,FR,87.31,SNCF,day,0.04899697674418605,0.151,4.277926039534885,13.18381,8.905883960465115,90.3,Back-on-Track 2022,2026-03-22,3.081822798748854,0,short
C2,Serquigny,Evreux Normandie,day,Serquigny → Evreux Normandie,FR,FR,32.88,SNCF,day,0.04899697674418605,0.151,1.6110205953488375,4.96488,3.3538594046511623,90.3,Back-on-Track 2022,2026-03-22,3.0818227987488545,0,short
L26,Eymoutiers Vassiviere,Limoges Benedictins,day,Eymoutiers Vassiviere → Limoges Benedictins,FR,FR,38.27,SNCF,day,0.04899697674418605,0.151,1.8751143000000003,5.778770000000001,3.9036557000000003,90.2,Back-on-Track 2022,2026-03-22,3.081822798748855,0,short
L26,Eymoutiers Vassiviere,Ussel,day,Eymoutiers Vassiviere → Ussel,FR,FR,48.95,SNCF,day,0.04899697674418605,0.151,2.3984020116279074,7.39145,4.993047988372092,90.2,Back-on-Track 2022,2026-03-22,3.0818227987488545,0,short
P9,Faubourg D Orleans,Valencay,day,Faubourg d Orleans → Valencay,FR,FR,26.48,SNCF,day,0.04899697674418605,0.151,1.2974399441860467,3.99848,2.7010400558139533,90.3,Back-on-Track 2022,2026-03-22,3.0818227987488545,0,short
P14,Fecamp,Le Havre,day,Fecamp → le Havre,FR,FR,34.71,SNCF,day,0.04899697674418605,0.151,1.7006850627906978,5.24121,3.5405249372093017,90.2,Back-on-Track 2022,2026-03-22,3.0818227987488545,0,short
Fehmarn-Burg → Hamburg Hbf,Fehmarn Burg,Hamburg Hbf,day,Fehmarn Burg → Hamburg,DE,DE,125.62,DB,day,0.04899697674418605,0.151,6.155000218604652,18.96862,12.81361978139535,90.3,Back-on-Track 2022,2026-03-22,3.081822798748855,0,short
Fehmarn-Burg → Köln Hbf,Fehmarn Burg,Koln Hbf,day,Fehmarn Burg → Koln,DE,DE,482.3,DB,day,0.04899697674418605,0.151,23.631241883720932,72.8273,49.19605811627906,90.3,Back-on-Track 2022,2026-03-22,3.0818227987488545,0,short
Köln Messe/Deutz Gl.11-12 → Fehmarn-Burg,Koln Messe Deutz Gl 11 12,Fehmarn Burg,day,Koln Messe Deutz Gl 11 12 → Fehmarn Burg,DE,DE,481.81,DB,day,0.04899697674418605,0.151,23.607233365116283,72.75331,49.14607663488371,90.3,Back-on-Track 2022,2026-03-22,3.0818227987488545,0,short
A15-A,Feldkirch Bahnhof,Graz Hbf 2,night,Feldkirch → Graz 2,AT,AT,439.72,ÖBB,night,0.04899697674418605,0.151,21.544950613953493,66.39772,44.85276938604652,90.3,Back-on-Track 2022,2026-03-22,3.0818227987488545,0,short
A15-A,Feldkirch Bahnhof,Graz Hbf 4,night,Feldkirch → Graz 4,AT,AT,439.7,ÖBB,night,0.04899697674418605,0.151,21.543970674418606,66.3947,44.8507293255814,90.3,Back-on-Track 2022,2026-03-22,3.081822798748855,0,short
A3,Hegyeshalom Palyaudvar,Feldkirch Bahnhof,night,Hegyeshalom Palyaudvar → Feldkirch,AT,AT,570.38,ÖBB,night,0.04899697674418605,0.151,27.94689559534884,86.12738,58.18048440465117,90.3,Back-on-Track 2022,2026-03-22,3.081822798748855,0,medium
A88,Jesenice Si Zelezniska Posta,Feldkirch Bahnhof,night,Jesenice Si Zelezniska Posta → Feldkirch,AT,AT,350.02,ÖBB,night,0.04899697674418605,0.151,17.1499218,52.853019999999994,35.70309819999999,90.3,Back-on-Track 2022,2026-03-22,3.0818227987488545,0,short
A11,Linz Donau Hauptbahnhof 9,Feldkirch Bahnhof,night,Linz Donau 9 → Feldkirch,AT,AT,369.12,ÖBB,night,0.04899697674418605,0.151,18.085764055813954,55.73712,37.651355944186044,90.3,Back-on-Track 2022,2026-03-22,3.081822798748855,0,short
München Hbf → Feldkirch,Munchen Hbf,Feldkirch,day,Munchen → Feldkirch,DE,DE,177.18,ÖBB,day,0.04899697674418605,0.151,8.681284339534885,26.75418,18.072895660465115,90.3,Back-on-Track 2022,2026-03-22,3.0818227987488545,0,short
Feldkirch → München Hbf Gl.5-10,Feldkirch,Munchen Hbf Gl 5 10,day,Feldkirch → Munchen Gl 5 10,DE,DE,176.98,DB,day,0.04899697674418605,0.151,8.671484944186046,26.723979999999997,18.05249505581395,90.3,Back-on-Track 2022,2026-03-22,3.081822798748855,0,short
A-1,Salzburg Hauptbahnhof,Feldkirch Bahnhof,night,Salzburg → Feldkirch,AT,AT,266.0,ÖBB,night,0.04899697674418605,0.151,13.033195813953489,40.166,27.132804186046506,90.3,Back-on-Track 2022,2026-03-22,3.0818227987488545,0,short
EC,Feldkirch,Sargans,day,Feldkirch → Sargans,CH,CH,24.86,SBB (Schweizerische Bundesbahnen SBB),day,0.04899697674418605,0.151,1.2180648418604652,3.75386,2.5357951581395346,90.2,Back-on-Track 2022,2026-03-22,3.081822798748855,0,short
R,Feldkirch,Schaan Vaduz,day,Feldkirch → Schaan Vaduz,CH,CH,10.87,ÖBB (Österreichische Bundesbahnen),day,0.04899697674418605,0.151,0.5325971372093024,1.6413699999999998,1.1087728627906974,90.4,Back-on-Track 2022,2026-03-22,3.0818227987488545,0,short
A15-A,Feldkirch Bahnhof,Villach Hauptbahnhof,night,Feldkirch → Villach,AT,AT,329.5,ÖBB,night,0.04899697674418605,0.151,16.144503837209303,49.7545,33.609996162790694,90.3,Back-on-Track 2022,2026-03-22,3.081822798748855,0,short
A11,Wien Hauptbahnhof,Feldkirch Bahnhof,night,Wien → Feldkirch,AT,AT,517.3,ÖBB,night,0.04899697674418605,0.151,25.346136069767443,78.11229999999999,52.76616393023255,90.3,Back-on-Track 2022,2026-03-22,3.0818227987488545,0,medium
EC,Feldkirch,Zurich Hb,day,Feldkirch → Zurich Hb,CH,CH,81.65,SBB (Schweizerische Bundesbahnen SBB),day,0.04899697674418605,0.151,4.0006031511627915,12.32915,8.32854684883721,90.3,Back-on-Track 2022,2026-03-22,3.0818227987488545,0,short
P835,Sarrebourg Hopital,Fenetrange Gendarmerie,day,Sarrebourg Hopital → Fenetrange Gendarmerie,FR,FR,12.85,SNCF,day,0.04899697674418605,0.151,0.6296111511627908,1.9403499999999998,1.3107388488372091,90.3,Back-on-Track 2022,2026-03-22,3.0818227987488545,0,short
P835,Sarrebourg Lp Messmer,Fenetrange Gendarmerie,day,Sarrebourg Lp Messmer → Fenetrange Gendarmerie,FR,FR,12.51,SNCF,day,0.04899697674418605,0.151,0.6129521790697675,1.8890099999999999,1.2760578209302325,90.0,Back-on-Track 2022,2026-03-22,3.0818227987488545,0,short
P835,Fenetrange Gendarmerie,Sarrebourg Route De Phalsbourg,day,Fenetrange Gendarmerie → Sarrebourg Route de Phalsbourg,FR,FR,12.22,SNCF,day,0.04899697674418605,0.151,0.5987430558139536,1.84522,1.2464769441860466,90.3,Back-on-Track 2022,2026-03-22,3.0818227987488545,0,short
S1,St Gallen,Feuerthalen,day,St Gallen → Feuerthalen,CH,CH,62.01,THURBO (THURBO),day,0.04899697674418605,0.151,3.038302527906977,9.36351,6.325207472093023,90.3,Back-on-Track 2022,2026-03-22,3.0818227987488545,0,short
S1,Wil Sg,Feuerthalen,day,Wil Sg → Feuerthalen,CH,CH,39.12,THURBO (THURBO),day,0.04899697674418605,0.151,1.9167617302325581,5.907119999999999,3.990358269767441,90.2,Back-on-Track 2022,2026-03-22,3.0818227987488545,0,short
R,Fiesch,Visp,day,Fiesch → Visp,CH,CH,23.07,MGB-fo (Matterhorn Gotthard Bahn (fo)),day,0.04899697674418605,0.151,1.130360253488372,3.48357,2.3532097465116277,90.4,Back-on-Track 2022,2026-03-22,3.081822798748855,0,short
R,Fiesch,Zermatt,day,Fiesch → Zermatt,CH,CH,51.87,MGB-bvz (Matterhorn Gotthard Bahn (bvz)),day,0.04899697674418605,0.151,2.5414731837209303,7.832369999999999,5.290896816279069,90.2,Back-on-Track 2022,2026-03-22,3.0818227987488545,0,short
P27,Tessonnieres,Figeac,day,Tessonnieres → Figeac,FR,FR,75.49,SNCF,day,0.04899697674418605,0.151,3.6987817744186047,11.39899,7.700208225581395,90.2,Back-on-Track 2022,2026-03-22,3.081822798748855,0,short
P27,Figeac,Toulouse Matabiau,day,Figeac → Toulouse Matabiau,FR,FR,119.78,SNCF,day,0.04899697674418605,0.151,5.868857874418605,18.08678,12.217922125581396,90.3,Back-on-Track 2022,2026-03-22,3.081822798748855,0,short
C28,Lyon Perrache,Firminy,day,Lyon Perrache → Firminy,FR,FR,57.77,SNCF,day,0.04899697674418605,0.151,2.830555346511628,8.72327,5.892714653488371,90.3,Back-on-Track 2022,2026-03-22,3.0818227987488545,0,short
INCONNU,Reims,Fismes,day,Reims → Fismes,FR,FR,25.43,OCEdefault,day,0.04899697674418605,0.151,1.2459931186046513,3.83993,2.5939368813953485,90.2,Back-on-Track 2022,2026-03-22,3.0818227987488545,0,short
Flensburg → Fredericia st,Flensburg,Fredericia St,day,Flensburg → Fredericia St,DE,DE,90.36,DSB,day,0.04899697674418605,0.151,4.427366818604652,13.644359999999999,9.216993181395347,90.2,Back-on-Track 2022,2026-03-22,3.0818227987488545,0,short
Flensburg → Köln Hbf,Flensburg,Koln Hbf,day,Flensburg → Koln,DE,DE,457.25,DB,day,0.04899697674418605,0.151,22.403867616279072,69.04475,46.64088238372092,90.3,Back-on-Track 2022,2026-03-22,3.0818227987488545,0,short
Flensburg → München Hbf,Flensburg,Munchen Hbf,day,Flensburg → Munchen,DE,DE,752.06,DB,day,0.04899697674418605,0.151,36.84866633023256,113.56105999999998,76.71239366976742,90.3,Back-on-Track 2022,2026-03-22,3.0818227987488545,0,medium
Schwarzach-St.Veit → Flensburg,Schwarzach St Veit,Flensburg,day,Schwarzach St Veit → Flensburg,DE,DE,868.49,DB,day,0.04899697674418605,0.151,42.553384332558146,131.14199,88.58860566744184,90.3,Back-on-Track 2022,2026-03-22,3.0818227987488545,0,medium
Tinglev st → Flensburg,Tinglev St,Flensburg,day,Tinglev St → Flensburg,DE,DE,21.34,DSB,day,0.04899697674418605,0.151,1.0455954837209303,3.22234,2.1767445162790695,90.2,Back-on-Track 2022,2026-03-22,3.081822798748855,0,short
K941,Saint Florentin Gare Routiere,Troyes Gare Routiere,day,Saint Florentin → Troyes,FR,FR,42.88,SNCF,day,0.04899697674418605,0.151,2.100990362790698,6.47488,4.373889637209302,90.3,Back-on-Track 2022,2026-03-22,3.0818227987488545,0,short
A12,Flughafen Wien Bahnhof,Graz Hbf 1B E,night,Flughafen Wien → Graz 1b E,AT,AT,144.84,ÖBB,night,0.04899697674418605,0.151,7.096722111627908,21.87084,14.774117888372093,90.3,Back-on-Track 2022,2026-03-22,3.081822798748855,0,short
A12,Flughafen Wien Bahnhof,Graz Hbf 3,night,Flughafen Wien → Graz 3,AT,AT,144.81,ÖBB,night,0.04899697674418605,0.151,7.095252202325582,21.86631,14.771057797674416,90.3,Back-on-Track 2022,2026-03-22,3.0818227987488545,0,short
A1,Innsbruck Hauptbahnhof,Flughafen Wien Bahnhof,night,Innsbruck → Flughafen Wien,AT,AT,397.96,ÖBB,night,0.04899697674418605,0.151,19.498836865116278,60.09195999999999,40.59312313488371,90.3,Back-on-Track 2022,2026-03-22,3.081822798748855,0,short
A1,Jenbach Bahnhof,Flughafen Wien Bahnhof,night,Jenbach → Flughafen Wien,AT,AT,366.91,ÖBB,night,0.04899697674418605,0.151,17.977480737209305,55.40341,37.425929262790696,90.3,Back-on-Track 2022,2026-03-22,3.0818227987488545,0,short
A13,Linz Donau Hauptbahnhof 10,Flughafen Wien Bahnhof,night,Linz Donau 10 → Flughafen Wien,AT,AT,169.43,ÖBB,night,0.04899697674418605,0.151,8.301557769767443,25.58393,17.282372230232554,90.3,Back-on-Track 2022,2026-03-22,3.081822798748854,0,short
A13,Linz Donau Hauptbahnhof 7,Flughafen Wien Bahnhof,night,Linz Donau 7 → Flughafen Wien,AT,AT,169.45,ÖBB,night,0.04899697674418605,0.151,8.302537709302326,25.586949999999998,17.284412290697674,90.3,Back-on-Track 2022,2026-03-22,3.0818227987488545,0,short
Flughafen Wien → München Hbf,Flughafen Wien,Munchen Hbf,day,Flughafen Wien → Munchen,DE,DE,371.37,DB,day,0.04899697674418605,0.151,18.196007253488375,56.07687,37.880862746511625,90.3,Back-on-Track 2022,2026-03-22,3.0818227987488545,0,short
Flughafen Wien → München Hbf Gl.5-10,Flughafen Wien,Munchen Hbf Gl 5 10,day,Flughafen Wien → Munchen Gl 5 10,DE,DE,371.59,DB,day,0.04899697674418605,0.151,18.206786588372093,56.11008999999999,37.9033034116279,90.3,Back-on-Track 2022,2026-03-22,3.0818227987488545,0,short
A1,Flughafen Wien Bahnhof,Salzburg Hauptbahnhof,night,Flughafen Wien → Salzburg,AT,AT,264.19,ÖBB,night,0.04899697674418605,0.151,12.944511286046513,39.89269,26.94817871395349,90.3,Back-on-Track 2022,2026-03-22,3.081822798748855,0,short
A12,Villach Hauptbahnhof,Flughafen Wien Bahnhof,night,Villach → Flughafen Wien,AT,AT,263.96,ÖBB,night,0.04899697674418605,0.151,12.93324198139535,39.85796,26.92471801860465,90.3,Back-on-Track 2022,2026-03-22,3.0818227987488545,0,short
A13,Vocklabruck Bahnhof,Flughafen Wien Bahnhof,night,Vocklabruck → Flughafen Wien,AT,AT,215.8,ÖBB,night,0.04899697674418605,0.151,10.573547581395351,32.5858,22.012252418604646,90.3,Back-on-Track 2022,2026-03-22,3.081822798748854,0,short
A13,Flughafen Wien Bahnhof,Wels Hauptbahnhof,night,Flughafen Wien → Wels,AT,AT,188.32,ÖBB,night,0.04899697674418605,0.151,9.227110660465117,28.43632,19.20920933953488,90.3,Back-on-Track 2022,2026-03-22,3.0818227987488545,0,short
P4,Latour De Carol Enveitg,Foix,day,Latour de Carol Enveitg → Foix,FR,FR,61.77,SNCF,day,0.04899697674418605,0.151,3.0265432534883727,9.32727,6.300726746511628,90.3,Back-on-Track 2022,2026-03-22,3.0818227987488545,0,short
C4,Foix,Toulouse Matabiau,day,Foix → Toulouse Matabiau,FR,FR,72.4,SNCF,day,0.04899697674418605,0.151,3.5473811162790705,10.932400000000001,7.385018883720931,90.3,Back-on-Track 2022,2026-03-22,3.0818227987488545,0,short
P14,Villefranche Vernet Les Bains,Font Romeu Odeillo Via,day,Villefranche Vernet les Bains → Font Romeu Odeillo Via,FR,FR,29.4,SNCF,day,0.04899697674418605,0.151,1.4405111162790698,4.4394,2.99888888372093,90.3,Back-on-Track 2022,2026-03-22,3.081822798748855,0,short
C52,Forbach,Metz,day,Forbach → Metz,FR,FR,53.42,SNCF,day,0.04899697674418605,0.151,2.617418497674419,8.06642,5.449001502325582,90.2,Back-on-Track 2022,2026-03-22,3.081822798748855,0,short
TER,Forbach,Metz Ville,day,Forbach → Metz Ville,CH,CH,53.3,SNCF (Société Nationale des Chemins de fer Français),day,0.04899697674418605,0.151,2.6115388604651164,8.0483,5.436761139534883,90.2,Back-on-Track 2022,2026-03-22,3.0818227987488545,0,short
671A,Francfort Sur Le Main,Lyon Part Dieu,day,Francfort Sur le Main → Lyon Part Dieu,FR,FR,560.07,SNCF,day,0.04899697674418605,0.151,27.441736765116286,84.57057,57.128833234883714,90.3,Back-on-Track 2022,2026-03-22,3.0818227987488545,0,medium
671A,Marseille Saint Charles,Francfort Sur Le Main,day,Marseille Saint Charles → Francfort Sur le Main,FR,FR,796.75,SNCF,day,0.04899697674418605,0.151,39.038341220930235,120.30924999999999,81.27090877906976,90.3,Back-on-Track 2022,2026-03-22,3.0818227987488545,0,medium
651A,Francfort Sur Le Main,Paris Est,night,Francfort Sur le Main → Paris Est,FR,FR,475.26,SNCF,night,0.04899697674418605,0.151,23.28630316744186,71.76426,48.477956832558135,90.3,Back-on-Track 2022,2026-03-22,3.0818227987488545,0,short
Frankfurt(M) Flughafen Fernbf → Hamburg-Altona,Frankfurt M Flughafen Fernbf,Hamburg Altona,night,Frankfurt M Flughafen Fernbf → Hamburg Altona,DE,DE,400.27,DB,night,0.04899697674418605,0.151,19.612019881395348,60.44076999999999,40.828750118604646,90.3,Back-on-Track 2022,2026-03-22,3.081822798748855,0,short
ICE 49,Frankfurt M Flughafen Fernbf,Koln Hbf,day,Frankfurt M Flughafen Fernbf → Koln,DE,DE,150.93,DB,day,0.04899697674418605,0.151,7.395113700000001,22.79043,15.3953163,90.3,Back-on-Track 2022,2026-03-22,3.0818227987488545,0,short
ICE 47,Munchen Hbf,Frankfurt M Flughafen Fernbf,day,Munchen → Frankfurt M Flughafen Fernbf,DE,DE,304.22,DB,day,0.04899697674418605,0.151,14.905860265116281,45.93722,31.031359734883722,90.3,Back-on-Track 2022,2026-03-22,3.0818227987488545,0,short
ICE 4,Frankfurt M Flughafen Regionalbf,Hamburg Hbf,day,Frankfurt M Flughafen Regionalbf → Hamburg,DE,DE,401.65,DB,day,0.04899697674418605,0.151,19.679635709302325,60.64914999999999,40.96951429069767,90.3,Back-on-Track 2022,2026-03-22,3.0818227987488545,0,short
ICE 4,Frankfurt M Flughafen Regionalbf,Hamburg Altona S,day,Frankfurt M Flughafen Regionalbf → Hamburg Altona S,DE,DE,400.46,DB,day,0.04899697674418605,0.151,19.621329306976744,60.46946,40.84813069302325,90.3,Back-on-Track 2022,2026-03-22,3.081822798748855,0,short
Graz Hbf → Frankfurt(Main)Hbf,Graz Hbf,Frankfurt Main Hbf,night,Graz → Frankfurt Main,DE,DE,600.09,DB,night,0.04899697674418605,0.151,29.402595774418607,90.61359,61.210994225581395,90.3,Back-on-Track 2022,2026-03-22,3.081822798748855,0,medium
ICE 50,Frankfurt Main Hbf,Halle Saale Hbf,day,Frankfurt Main → Halle Saale,DE,DE,278.94,DB,day,0.04899697674418605,0.151,13.667216693023256,42.11994,28.452723306976743,90.3,Back-on-Track 2022,2026-03-22,3.081822798748855,0,short
Frankfurt(Main)Hbf → Hamburg Hbf,Frankfurt Main Hbf,Hamburg Hbf,night,Frankfurt Main → Hamburg,DE,DE,394.07,DB,night,0.04899697674418605,0.151,19.308238625581396,59.504569999999994,40.1963313744186,90.3,Back-on-Track 2022,2026-03-22,3.0818227987488545,0,short
Frankfurt(Main)Hbf → Hamburg-Altona,Frankfurt Main Hbf,Hamburg Altona,night,Frankfurt Main → Hamburg Altona,DE,DE,392.95,DB,night,0.04899697674418605,0.151,19.253362011627907,59.335449999999994,40.08208798837209,90.3,Back-on-Track 2022,2026-03-22,3.081822798748855,0,short
Frankfurt(Main)Hbf → Hamburg Dammtor,Frankfurt Main Hbf,Hamburg Dammtor,day,Frankfurt Main → Hamburg Dammtor,DE,DE,394.66,DB,day,0.04899697674418605,0.151,19.337146841860466,59.59366,40.25651315813953,90.3,Back-on-Track 2022,2026-03-22,3.081822798748855,0,short
Hamburg-Harburg → Frankfurt(Main)Hbf,Hamburg Harburg,Frankfurt Main Hbf,night,Hamburg Harburg → Frankfurt Main,DE,DE,383.39,DB,night,0.04899697674418605,0.151,18.78495091395349,57.89189,39.10693908604651,90.3,Back-on-Track 2022,2026-03-22,3.0818227987488545,0,short
Frankfurt(Main)Hbf → Hamm(Westf),Frankfurt Main Hbf,Hamm Westf,day,Frankfurt Main → Hamm Westf,DE,DE,184.7,DB,day,0.04899697674418605,0.151,9.049741604651164,27.889699999999998,18.839958395348834,90.3,Back-on-Track 2022,2026-03-22,3.0818227987488545,0,short
Frankfurt(Main)Hbf → Hannover Hbf,Frankfurt Main Hbf,Hannover Hbf,day,Frankfurt Main → Hannover,DE,DE,263.27,DB,day,0.04899697674418605,0.151,12.899434067441861,39.753769999999996,26.854335932558136,90.3,Back-on-Track 2022,2026-03-22,3.0818227987488545,0,short
Frankfurt(Main)Hbf → Heidelberg Hbf,Frankfurt Main Hbf,Heidelberg Hbf,day,Frankfurt Main → Heidelberg,DE,DE,78.24,DB,day,0.04899697674418605,0.151,3.8335234604651163,11.814239999999998,7.980716539534882,90.2,Back-on-Track 2022,2026-03-22,3.0818227987488545,0,short
Frankfurt(Main)Hbf → Interlaken Ost,Frankfurt Main Hbf,Interlaken Ost,day,Frankfurt Main → Interlaken Ost,DE,DE,384.41,SBB,day,0.04899697674418605,0.151,18.834927830232562,58.04591,39.21098216976743,90.3,Back-on-Track 2022,2026-03-22,3.081822798748854,0,short
Frankfurt(Main)Hbf → Karlsruhe Hbf,Frankfurt Main Hbf,Karlsruhe Hbf,day,Frankfurt Main → Karlsruhe,DE,DE,125.26,DB,day,0.04899697674418605,0.151,6.137361306976745,18.91426,12.776898693023254,90.3,Back-on-Track 2022,2026-03-22,3.0818227987488545,0,short
Frankfurt(Main)Hbf → Kassel-Wilhelmshöhe,Frankfurt Main Hbf,Kassel Wilhelmshohe,day,Frankfurt Main → Kassel Wilhelmshohe,DE,DE,144.99,DB,day,0.04899697674418605,0.151,7.104071658139536,21.89349,14.789418341860465,90.3,Back-on-Track 2022,2026-03-22,3.0818227987488545,0,short
Frankfurt(Main)Hbf → Kiel Hbf,Frankfurt Main Hbf,Kiel Hbf,night,Frankfurt Main → Kiel,DE,DE,478.44,DB,night,0.04899697674418605,0.151,23.442113553488372,72.24444,48.80232644651163,90.3,Back-on-Track 2022,2026-03-22,3.081822798748855,0,short
Frankfurt(Main)Hbf → Klagenfurt Hbf,Frankfurt Main Hbf,Klagenfurt Hbf,day,Frankfurt Main → Klagenfurt,DE,DE,569.76,ÖBB,day,0.04899697674418605,0.151,27.916517469767445,86.03376,58.11724253023256,90.3,Back-on-Track 2022,2026-03-22,3.0818227987488545,0,medium
Köln Hbf → Frankfurt(Main)Hbf,Koln Hbf,Frankfurt Main Hbf,night,Koln → Frankfurt Main,DE,DE,152.2,DB,night,0.04899697674418605,0.151,7.457339860465116,22.9822,15.524860139534884,90.3,Back-on-Track 2022,2026-03-22,3.081822798748855,0,short
Köln Messe/Deutz Gl.11-12 → Frankfurt(Main)Hbf,Koln Messe Deutz Gl 11 12,Frankfurt Main Hbf,day,Koln Messe Deutz Gl 11 12 → Frankfurt Main,DE,DE,151.25,DB,day,0.04899697674418605,0.151,7.41079273255814,22.83875,15.427957267441862,90.3,Back-on-Track 2022,2026-03-22,3.081822798748855,0,short
Leipzig Hbf → Frankfurt(Main)Hbf,Leipzig Hbf,Frankfurt Main Hbf,night,Leipzig → Frankfurt Main,DE,DE,295.69,DB,night,0.04899697674418605,0.151,14.487916053488373,44.64919,30.161273946511624,90.3,Back-on-Track 2022,2026-03-22,3.0818227987488545,0,short
Frankfurt(Main)Hbf → Lübeck Hbf,Frankfurt Main Hbf,Lubeck Hbf,night,Frankfurt Main → Lubeck,DE,DE,440.08,DB,night,0.04899697674418605,0.151,21.562589525581398,66.45208,44.889490474418594,90.3,Back-on-Track 2022,2026-03-22,3.0818227987488545,0,short
Frankfurt(Main)Hbf → Milano Centrale,Frankfurt Main Hbf,Milano Centrale,day,Frankfurt Main → Milano,DE,DE,515.3,EC,day,0.04899697674418605,0.151,25.24814211627907,77.81029999999998,52.562157883720914,90.3,Back-on-Track 2022,2026-03-22,3.0818227987488545,0,medium
München Hbf → Frankfurt(Main)Hbf,Munchen Hbf,Frankfurt Main Hbf,night,Munchen → Frankfurt Main,DE,DE,303.6,DB,night,0.04899697674418605,0.151,14.875482139534887,45.8436,30.968117860465114,90.3,Back-on-Track 2022,2026-03-22,3.0818227987488545,0,short
Frankfurt(Main)Hbf → München Ost,Frankfurt Main Hbf,Munchen Ost,day,Frankfurt Main → Munchen Ost,DE,DE,307.0,DB,day,0.04899697674418605,0.151,15.042071860465118,46.357,31.31492813953488,90.3,Back-on-Track 2022,2026-03-22,3.0818227987488545,0,short
Frankfurt(Main)Hbf → Münster(Westf)Hbf,Frankfurt Main Hbf,Munster Westf Hbf,night,Frankfurt Main → Munster Westf,DE,DE,217.84,DB,night,0.04899697674418605,0.151,10.67350141395349,32.89384,22.22033858604651,90.3,Back-on-Track 2022,2026-03-22,3.081822798748854,0,short
Frankfurt(Main)Hbf → Oldenburg(Oldb),Frankfurt Main Hbf,Oldenburg Oldb,day,Frankfurt Main → Oldenburg Oldb,DE,DE,339.09,DB,day,0.04899697674418605,0.151,16.61438484418605,51.202589999999994,34.588205155813945,90.3,Back-on-Track 2022,2026-03-22,3.081822798748854,0,short
Frankfurt(Main)Hbf → Paris Est,Frankfurt Main Hbf,Paris Est,night,Frankfurt Main → Paris Est,DE,DE,475.3,DB,night,0.04899697674418605,0.151,23.28826304651163,71.7703,48.482036953488375,90.3,Back-on-Track 2022,2026-03-22,3.081822798748855,0,short
ICE 1,Frankfurt Main Hbf,Passau Hbf,day,Frankfurt Main → Passau,DE,DE,386.41,DB,day,0.04899697674418605,0.151,18.932921783720932,58.34791,39.41498821627907,90.3,Back-on-Track 2022,2026-03-22,3.0818227987488545,0,short
ICE 91,Frankfurt Main Hbf,Regensburg Hbf,day,Frankfurt Main → Regensburg,DE,DE,276.14,DB,day,0.04899697674418605,0.151,13.530025158139535,41.69714,28.16711484186046,90.3,Back-on-Track 2022,2026-03-22,3.0818227987488545,0,short
Rostock Hbf → Frankfurt(Main)Hbf,Rostock Hbf,Frankfurt Main Hbf,day,Rostock → Frankfurt Main,DE,DE,500.94,DB,day,0.04899697674418605,0.151,24.54454553023256,75.64193999999999,51.09739446976743,90.3,Back-on-Track 2022,2026-03-22,3.081822798748854,0,medium
Salzburg Hbf → Frankfurt(Main)Hbf,Salzburg Hbf,Frankfurt Main Hbf,night,Salzburg → Frankfurt Main,DE,DE,409.06,DB,night,0.04899697674418605,0.151,20.042703306976748,61.76806,41.72535669302325,90.3,Back-on-Track 2022,2026-03-22,3.0818227987488545,0,short
Frankfurt(Main)Hbf → Siegburg/Bonn,Frankfurt Main Hbf,Siegburg Bonn,day,Frankfurt Main → Siegburg Bonn,DE,DE,128.56,DB,day,0.04899697674418605,0.151,6.299051330232559,19.41256,13.113508669767441,90.3,Back-on-Track 2022,2026-03-22,3.0818227987488545,0,short
IC 34,Siegen Hbf,Frankfurt Main Hbf,day,Siegen → Frankfurt Main,DE,DE,96.99,DB,day,0.04899697674418605,0.151,4.752216774418605,14.645489999999999,9.893273225581394,90.3,Back-on-Track 2022,2026-03-22,3.081822798748855,0,short
Frankfurt(Main)Hbf → Stralsund Hbf,Frankfurt Main Hbf,Stralsund Hbf,night,Frankfurt Main → Stralsund,DE,DE,555.37,DB,night,0.04899697674418605,0.151,27.211450974418607,83.86086999999999,56.64941902558138,90.3,Back-on-Track 2022,2026-03-22,3.0818227987488545,0,medium
ICE 82,Frankfurt Main Hbf,Strasbourg,day,Frankfurt Main → Strasbourg,DE,FR,182.05,DB,day,0.04899697674418605,0.151,8.919899616279071,27.48955,18.56965038372093,90.3,Back-on-Track 2022,2026-03-22,3.0818227987488545,1,short
Frankfurt(Main)Hbf → Stuttgart Hbf,Frankfurt Main Hbf,Stuttgart Hbf,night,Frankfurt Main → Stuttgart,DE,DE,151.81,DB,night,0.04899697674418605,0.151,7.438231039534885,22.92331,15.485078960465117,90.3,Back-on-Track 2022,2026-03-22,3.0818227987488545,0,short
Frankfurt(Main)Hbf → Utrecht Centraal,Frankfurt Main Hbf,Utrecht Centraal,day,Frankfurt Main → Utrecht Centraal,DE,DE,331.85,DB,day,0.04899697674418605,0.151,16.259646732558142,50.10935,33.84970326744185,90.3,Back-on-Track 2022,2026-03-22,3.0818227987488545,0,short
Warnemünde → Frankfurt(Main)Hbf,Warnemunde,Frankfurt Main Hbf,day,Warnemunde → Frankfurt Main,DE,DE,509.26,DB,day,0.04899697674418605,0.151,24.952200376744187,76.89826,51.946059623255806,90.3,Back-on-Track 2022,2026-03-22,3.0818227987488545,0,medium
Frankfurt(Main)Hbf → Westerland(Sylt),Frankfurt Main Hbf,Westerland Sylt,day,Frankfurt Main → Westerland Sylt,DE,DE,534.23,DB,day,0.04899697674418605,0.151,26.175654886046516,80.66873,54.49307511395348,90.3,Back-on-Track 2022,2026-03-22,3.0818227987488545,0,medium
Frankfurt(Main)Hbf → Wien Hbf,Frankfurt Main Hbf,Wien Hbf,day,Frankfurt Main → Wien,DE,DE,599.94,ÖBB,day,0.04899697674418605,0.151,29.39524622790698,90.59094,61.19569377209302,90.3,Back-on-Track 2022,2026-03-22,3.0818227987488545,0,medium
Frankfurt(Main)Hbf → Wiesbaden Hbf,Frankfurt Main Hbf,Wiesbaden Hbf,day,Frankfurt Main → Wiesbaden,DE,DE,30.24,DB,day,0.04899697674418605,0.151,1.4816685767441862,4.56624,3.0845714232558135,90.3,Back-on-Track 2022,2026-03-22,3.0818227987488545,0,short
EC,Frankfurt Main Hbf,Zurich Hb,day,Frankfurt Main → Zurich Hb,CH,CH,303.53,SBB (Schweizerische Bundesbahnen SBB),day,0.04899697674418605,0.151,14.872052351162791,45.833029999999994,30.9609776488372,90.3,Back-on-Track 2022,2026-03-22,3.0818227987488545,0,short
Frankfurt(Oder) → Gdynia Glowna,Frankfurt Oder,Gdynia Glowna,day,Frankfurt Oder → Gdynia Glowna,DE,DE,358.56,PKP,day,0.04899697674418605,0.151,17.56835598139535,54.142559999999996,36.57420401860465,90.3,Back-on-Track 2022,2026-03-22,3.0818227987488545,0,short
Warszawa Wschodnia → Frankfurt(Oder),Warszawa Wschodnia,Frankfurt Oder,night,Warszawa Wschodnia → Frankfurt Oder,DE,DE,442.4,DB,night,0.04899697674418605,0.151,21.676262511627908,66.80239999999999,45.12613748837208,90.3,Back-on-Track 2022,2026-03-22,3.0818227987488545,0,short
Wien Hbf → Frankfurt(Oder),Wien Hbf,Frankfurt Oder,night,Wien → Frankfurt Oder,DE,DE,479.55,ÖBB,night,0.04899697674418605,0.151,23.496500197674422,72.41205,48.91554980232557,90.3,Back-on-Track 2022,2026-03-22,3.0818227987488545,0,short
C1,Franois,Saint Vit,day,Franois → Saint Vit,FR,FR,10.85,SNCF,day,0.04899697674418605,0.151,0.5316171976744186,1.63835,1.1067328023255814,90.4,Back-on-Track 2022,2026-03-22,3.081822798748855,0,short
P78,Frasne,Jougne,day,Frasne → Jougne,FR,FR,20.67,SNCF,day,0.04899697674418605,0.151,1.0127675093023258,3.12117,2.1084024906976744,90.3,Back-on-Track 2022,2026-03-22,3.0818227987488545,0,short
TER,Frasne,Labergement Sainte Marie,day,Frasne → Labergement Sainte Marie,CH,CH,12.99,SNCF (Société Nationale des Chemins de fer Français),day,0.04899697674418605,0.151,0.6364707279069768,1.96149,1.3250192720930232,90.4,Back-on-Track 2022,2026-03-22,3.0818227987488545,0,short
TGV,Frasne,Lausanne,day,Frasne → Lausanne,CH,CH,52.24,SBB (Schweizerische Bundesbahnen SBB),day,0.04899697674418605,0.151,2.5596020651162794,7.88824,5.32863793488372,90.3,Back-on-Track 2022,2026-03-22,3.0818227987488545,0,short
P38,Neuchatel,Frasne,day,Neuchatel → Frasne,FR,FR,61.07,SNCF,day,0.04899697674418605,0.151,2.992245369767442,9.22157,6.229324630232558,90.3,Back-on-Track 2022,2026-03-22,3.081822798748855,0,short
TGV,Paris Gare De Lyon,Frasne,day,Paris de Lyon → Frasne,CH,CH,358.45,SNCF (Société Nationale des Chemins de fer Français),day,0.04899697674418605,0.151,17.56296631395349,54.125949999999996,36.56298368604651,90.3,Back-on-Track 2022,2026-03-22,3.081822798748855,0,short
P18,Frasne,Pontarlier,day,Frasne → Pontarlier,FR,FR,15.63,SNCF,day,0.04899697674418605,0.151,0.765822746511628,2.36013,1.5943072534883718,90.2,Back-on-Track 2022,2026-03-22,3.0818227987488545,0,short
P18,Frasne,Travers,day,Frasne → Travers,FR,FR,40.53,SNCF,day,0.04899697674418605,0.151,1.9858474674418607,6.12003,4.134182532558139,90.2,Back-on-Track 2022,2026-03-22,3.0818227987488545,0,short
P28,Vallorbe,Frasne,day,Vallorbe → Frasne,FR,FR,22.87,SNCF,day,0.04899697674418605,0.151,1.120560858139535,3.45337,2.332809141860465,90.3,Back-on-Track 2022,2026-03-22,3.081822798748855,0,short
S24,Weinfelden,Frauenfeld,day,Weinfelden → Frauenfeld,CH,CH,15.77,THURBO (THURBO),day,0.04899697674418605,0.151,0.772682323255814,2.3812699999999998,1.6085876767441858,90.3,Back-on-Track 2022,2026-03-22,3.0818227987488545,0,short
S15,Wil Sg,Frauenfeld,day,Wil Sg → Frauenfeld,CH,CH,15.2,AB-ab (Appenzeller Bahnen (ab)),day,0.04899697674418605,0.151,0.7447540465116279,2.2952,1.550445953488372,90.4,Back-on-Track 2022,2026-03-22,3.081822798748855,0,short
Hannover Hbf → Freiburg(Breisgau) Hbf,Hannover Hbf,Freiburg Breisgau Hbf,night,Hannover → Freiburg Breisgau,DE,DE,505.32,DB,night,0.04899697674418605,0.151,24.759152288372096,76.30332,51.54416771162791,90.3,Back-on-Track 2022,2026-03-22,3.0818227987488545,0,medium
RE,Freiburg Breisgau Hbf,Karlsruhe Hbf,day,Freiburg Breisgau → Karlsruhe,CH,CH,118.19,DB Regio (DB Regio AG Baden-Württemberg),day,0.04899697674418605,0.151,5.790952681395349,17.84669,12.055737318604649,90.3,Back-on-Track 2022,2026-03-22,3.081822798748855,0,short
Freiburg(Breisgau) Hbf → Kiel Hbf,Freiburg Breisgau Hbf,Kiel Hbf,night,Freiburg Breisgau → Kiel,DE,DE,720.29,DB,night,0.04899697674418605,0.151,35.29203237906977,108.76378999999999,73.47175762093022,90.3,Back-on-Track 2022,2026-03-22,3.0818227987488545,0,medium
Freiburg(Breisgau) Hbf → Köln Hbf,Freiburg Breisgau Hbf,Koln Hbf,day,Freiburg Breisgau → Koln,DE,DE,333.65,DB,day,0.04899697674418605,0.151,16.347841290697676,50.38115,34.03330870930232,90.3,Back-on-Track 2022,2026-03-22,3.0818227987488545,0,short
P11,Freiburg Breisgau Hbf,Mulhouse,day,Freiburg Breisgau → Mulhouse,FR,FR,46.77,SNCF,day,0.04899697674418605,0.151,2.291588602325582,7.06227,4.770681397674418,90.3,Back-on-Track 2022,2026-03-22,3.0818227987488545,0,short
RB,Mullheim Im Markgraflerland,Freiburg Breisgau Hbf,day,Mullheim im Markgraflerland → Freiburg Breisgau,CH,CH,27.6,DB Regio (DB Regio AG Baden-Württemberg),day,0.04899697674418605,0.151,1.352316558139535,4.1676,2.815283441860465,90.2,Back-on-Track 2022,2026-03-22,3.0818227987488545,0,short
RB,Neuenburg Baden,Freiburg Breisgau Hbf,day,Neuenburg Baden → Freiburg Breisgau,CH,CH,29.32,DB Regio (DB Regio AG Baden-Württemberg),day,0.04899697674418605,0.151,1.436591358139535,4.42732,2.990728641860465,90.3,Back-on-Track 2022,2026-03-22,3.0818227987488545,0,short
RE,Offenburg,Freiburg Breisgau Hbf,day,Offenburg → Freiburg Breisgau,CH,CH,53.81,DB Regio (DB Regio AG Baden-Württemberg),day,0.04899697674418605,0.151,2.6365273186046516,8.12531,5.4887826813953495,90.3,Back-on-Track 2022,2026-03-22,3.0818227987488545,0,short
807A,Paris Est,Freiburg Breisgau Hbf,day,Paris Est → Freiburg Breisgau,FR,FR,416.03,SNCF,day,0.04899697674418605,0.151,20.384212234883723,62.82052999999999,42.43631776511627,90.3,Back-on-Track 2022,2026-03-22,3.081822798748854,0,short
RB,Freiburg Breisgau Hbf,Weil Am Rhein,day,Freiburg Breisgau → Weil am Rhein,CH,CH,48.14,DB Regio (DB Regio AG Baden-Württemberg),day,0.04899697674418605,0.151,2.3587144604651167,7.26914,4.9104255395348835,90.3,Back-on-Track 2022,2026-03-22,3.0818227987488545,0,short
ICE 20,Freiburg Hauptbahnhof,Hamburg Hbf,day,Freiburg → Hamburg,DE,DE,636.06,DB,day,0.04899697674418605,0.151,31.165017027906977,96.04505999999999,64.88004297209301,90.3,Back-on-Track 2022,2026-03-22,3.0818227987488545,0,medium
ECE 20,Hamburg Dammtor,Freiburg Hauptbahnhof,day,Hamburg Dammtor → Freiburg,DE,DE,636.63,DB,day,0.04899697674418605,0.151,31.192945304651165,96.13113,64.93818469534884,90.3,Back-on-Track 2022,2026-03-22,3.081822798748855,0,medium
A3,Hegyeshalom Palyaudvar,Freilassing Bahnhof,night,Hegyeshalom Palyaudvar → Freilassing,AT,AT,311.11,ÖBB,night,0.04899697674418605,0.151,15.243449434883724,46.97761,31.734160565116277,90.3,Back-on-Track 2022,2026-03-22,3.0818227987488545,0,short
D10,Freilassing Bahnhof,Jesenice Si Zelezniska Posta,night,Freilassing → Jesenice Si Zelezniska Posta,AT,AT,175.77,ÖBB,night,0.04899697674418605,0.151,8.612198602325583,26.54127,17.92907139767442,90.3,Back-on-Track 2022,2026-03-22,3.0818227987488545,0,short
A7,Klagenfurt Hauptbahnhof,Freilassing Bahnhof,night,Klagenfurt → Freilassing,AT,AT,169.22,ÖBB,night,0.04899697674418605,0.151,8.291268404651163,25.55222,17.260951595348835,90.3,Back-on-Track 2022,2026-03-22,3.081822798748855,0,short
REX2,Linz Donau Hauptbahnhof 2,Freilassing Bahnhof,night,Linz Donau 2 → Freilassing,AT,AT,110.04,ÖBB,night,0.04899697674418605,0.151,5.391627320930233,16.61604,11.224412679069768,90.3,Back-on-Track 2022,2026-03-22,3.081822798748855,0,short
D9,Munchen Ostbahnhof,Freilassing Bahnhof,night,Munchen Ostbahnhof → Freilassing,AT,AT,107.03,ÖBB,night,0.04899697674418605,0.151,5.244146420930233,16.16153,10.917383579069767,90.3,Back-on-Track 2022,2026-03-22,3.081822798748855,0,short
D9,Nurnberg Hauptbahnhof,Freilassing Bahnhof,night,Nurnberg → Freilassing,AT,AT,226.67,ÖBB,night,0.04899697674418605,0.151,11.106144718604652,34.227169999999994,23.12102528139534,90.3,Back-on-Track 2022,2026-03-22,3.081822798748854,0,short
D9,Freilassing Bahnhof,Stuttgart Hauptbahnhof 10,night,Freilassing → Stuttgart 10,AT,AT,299.64,ÖBB,night,0.04899697674418605,0.151,14.681454111627907,45.245639999999995,30.564185888372087,90.3,Back-on-Track 2022,2026-03-22,3.0818227987488545,0,short
D9,Freilassing Bahnhof,Stuttgart Hauptbahnhof 9,night,Freilassing → Stuttgart 9,AT,AT,299.64,ÖBB,night,0.04899697674418605,0.151,14.681454111627907,45.245639999999995,30.564185888372087,90.3,Back-on-Track 2022,2026-03-22,3.0818227987488545,0,short
A85,Tarvisio Citta Boscoverde,Freilassing Bahnhof,night,Tarvisio Citta Boscoverde → Freilassing,AT,AT,155.42,ÖBB,night,0.04899697674418605,0.151,7.6151101255813956,23.46842,15.853309874418603,90.3,Back-on-Track 2022,2026-03-22,3.0818227987488545,0,short
S40,Fribourg Freiburg,Lausanne,day,Fribourg Freiburg → Lausanne,CH,CH,51.0,SBB (Schweizerische Bundesbahnen SBB),day,0.04899697674418605,0.151,2.4988458139534884,7.701,5.202154186046512,90.3,Back-on-Track 2022,2026-03-22,3.081822798748855,0,short
RE,Le Chable Vs,Fribourg Freiburg,day,le Chable Vs → Fribourg Freiburg,CH,CH,80.63,SBB (Schweizerische Bundesbahnen SBB),day,0.04899697674418605,0.151,3.950626234883721,12.17513,8.224503765116278,90.3,Back-on-Track 2022,2026-03-22,3.0818227987488545,0,short
S20,Fribourg Freiburg,Munchenwiler Courgevaux,day,Fribourg Freiburg → Munchenwiler Courgevaux,CH,CH,12.27,TPF (Transports publics fribourgeois),day,0.04899697674418605,0.151,0.6011929046511628,1.8527699999999998,1.251577095348837,90.4,Back-on-Track 2022,2026-03-22,3.0818227987488545,0,short
S1,Fribourg Freiburg,Munsingen,day,Fribourg Freiburg → Munsingen,CH,CH,32.03,BLS-bls (BLS AG (bls)),day,0.04899697674418605,0.151,1.5693731651162792,4.83653,3.2671568348837203,90.2,Back-on-Track 2022,2026-03-22,3.0818227987488545,0,short
S20,Fribourg Freiburg,Neuchatel,day,Fribourg Freiburg → Neuchatel,CH,CH,27.04,TPF (Transports publics fribourgeois),day,0.04899697674418605,0.151,1.3248782511627908,4.08304,2.7581617488372085,90.2,Back-on-Track 2022,2026-03-22,3.0818227987488545,0,short
S30,Payerne,Fribourg Freiburg,day,Payerne → Fribourg Freiburg,CH,CH,16.17,SBB (Schweizerische Bundesbahnen SBB),day,0.04899697674418605,0.151,0.7922811139534885,2.4416700000000002,1.6493888860465118,90.1,Back-on-Track 2022,2026-03-22,3.0818227987488545,0,short
RE,Romont Fr,Fribourg Freiburg,day,Romont Fr → Fribourg Freiburg,CH,CH,21.93,SBB (Schweizerische Bundesbahnen SBB),day,0.04899697674418605,0.151,1.0745037000000002,3.3114299999999997,2.2369262999999995,90.2,Back-on-Track 2022,2026-03-22,3.081822798748854,0,short
RE,Schmitten Fr,Fribourg Freiburg,day,Schmitten Fr → Fribourg Freiburg,CH,CH,10.27,TPF (Transports publics fribourgeois),day,0.04899697674418605,0.151,0.5031989511627907,1.55077,1.0475710488372094,90.5,Back-on-Track 2022,2026-03-22,3.081822798748855,0,short
IC1,Fribourg Freiburg,St Gallen,day,Fribourg Freiburg → St Gallen,CH,CH,181.5,SBB (Schweizerische Bundesbahnen SBB),day,0.04899697674418605,0.151,8.892951279069768,27.406499999999998,18.51354872093023,90.3,Back-on-Track 2022,2026-03-22,3.0818227987488545,0,short
S21,Fribourg Freiburg,Sugiez,day,Fribourg Freiburg → Sugiez,CH,CH,18.06,TPF (Transports publics fribourgeois),day,0.04899697674418605,0.151,0.8848854,2.72706,1.8421745999999999,90.4,Back-on-Track 2022,2026-03-22,3.0818227987488545,0,short
S1,Thun,Fribourg Freiburg,day,Thun → Fribourg Freiburg,CH,CH,36.83,BLS-bls (BLS AG (bls)),day,0.04899697674418605,0.151,1.8045586534883722,5.56133,3.756771346511628,90.2,Back-on-Track 2022,2026-03-22,3.081822798748855,0,short
EXT,Villeneuve Vd,Fribourg Freiburg,day,Villeneuve Vd → Fribourg Freiburg,CH,CH,48.15,SBB (Schweizerische Bundesbahnen SBB),day,0.04899697674418605,0.151,2.359204430232558,7.27065,4.911445569767442,90.3,Back-on-Track 2022,2026-03-22,3.081822798748855,0,short
S30,Fribourg Freiburg,Yverdon Les Bains,day,Fribourg Freiburg → Yverdon les Bains,CH,CH,38.91,SBB (Schweizerische Bundesbahnen SBB),day,0.04899697674418605,0.151,1.9064723651162792,5.87541,3.96893763488372,90.4,Back-on-Track 2022,2026-03-22,3.0818227987488545,0,short
IC1,Fribourg Freiburg,Zurich Hb,day,Fribourg Freiburg → Zurich Hb,CH,CH,123.08,SBB (Schweizerische Bundesbahnen SBB),day,0.04899697674418605,0.151,6.030547897674419,18.585079999999998,12.55453210232558,90.3,Back-on-Track 2022,2026-03-22,3.0818227987488545,0,short
RB,Fridingen B Tuttlingen,Sigmaringen,day,Fridingen B Tuttlingen → Sigmaringen,CH,CH,22.11,DB Regio (DB Regio AG Baden-Württemberg),day,0.04899697674418605,0.151,1.0833231558139536,3.3386099999999996,2.2552868441860463,90.3,Back-on-Track 2022,2026-03-22,3.0818227987488545,0,short
RE,Rheinfelden Baden,Friedrichshafen Hafen,day,Rheinfelden Baden → Friedrichshafen Hafen,CH,CH,127.78,DB Regio (DB Regio AG Baden-Württemberg),day,0.04899697674418605,0.151,6.260833688372093,19.29478,13.033946311627906,90.3,Back-on-Track 2022,2026-03-22,3.0818227987488545,0,short
RE,Singen Hohentwiel,Friedrichshafen Hafen,day,Singen Hohentwiel → Friedrichshafen Hafen,CH,CH,49.48,DB Regio (DB Regio AG Baden-Württemberg),day,0.04899697674418605,0.151,2.4243704093023255,7.47148,5.047109590697675,90.3,Back-on-Track 2022,2026-03-22,3.081822798748855,0,short
RE,Waldshut,Friedrichshafen Hafen,day,Waldshut → Friedrichshafen Hafen,CH,CH,94.71,DB Regio (DB Regio AG Baden-Württemberg),day,0.04899697674418605,0.151,4.640503667441861,14.30121,9.660706332558139,90.2,Back-on-Track 2022,2026-03-22,3.0818227987488545,0,short
RE,Friedrichshafen Stadt,Kressbronn,day,Friedrichshafen Stadt → Kressbronn,CH,CH,11.43,DB Regio (DB Regio AG Baden-Württemberg),day,0.04899697674418605,0.151,0.5600354441860466,1.72593,1.1658945558139533,90.3,Back-on-Track 2022,2026-03-22,3.0818227987488545,0,short
RE,Friedrichshafen Stadt,Lindau Reutin,day,Friedrichshafen Stadt → Lindau Reutin,CH,CH,20.53,DB Regio (DB Regio AG Baden-Württemberg),day,0.04899697674418605,0.151,1.0059079325581397,3.1000300000000003,2.0941220674418606,90.2,Back-on-Track 2022,2026-03-22,3.081822798748855,0,short
RE,Friedrichshafen Stadt,Rheinfelden Baden,day,Friedrichshafen Stadt → Rheinfelden Baden,CH,CH,127.13,DB Regio (DB Regio AG Baden-Württemberg),day,0.04899697674418605,0.151,6.2289856534883725,19.19663,12.967644346511626,90.3,Back-on-Track 2022,2026-03-22,3.0818227987488545,0,short
RE,Friedrichshafen Stadt,Singen Hohentwiel,day,Friedrichshafen Stadt → Singen Hohentwiel,CH,CH,48.77,DB Regio (DB Regio AG Baden-Württemberg),day,0.04899697674418605,0.151,2.389582555813954,7.36427,4.9746874441860465,90.3,Back-on-Track 2022,2026-03-22,3.0818227987488545,0,short
RE,Friedrichshafen Stadt,Ulm Hbf,day,Friedrichshafen Stadt → Ulm,CH,CH,91.19,DB Regio (DB Regio AG Baden-Württemberg),day,0.04899697674418605,0.151,4.468034309302326,13.769689999999999,9.301655690697672,90.3,Back-on-Track 2022,2026-03-22,3.081822798748854,0,short
RE,Waldshut,Friedrichshafen Stadt,day,Waldshut → Friedrichshafen Stadt,CH,CH,94.05,DB Regio (DB Regio AG Baden-Württemberg),day,0.04899697674418605,0.151,4.6081656627906975,14.20155,9.5933843372093,90.3,Back-on-Track 2022,2026-03-22,3.081822798748855,0,short
P813,Frohmuhl Lavoir,Saverne,day,Frohmuhl Lavoir → Saverne,FR,FR,19.1,SNCF,day,0.04899697674418605,0.151,0.9358422558139536,2.8841,1.9482577441860465,90.2,Back-on-Track 2022,2026-03-22,3.0818227987488545,0,short
P813,Saverne Haut Barr,Frohmuhl Lavoir,day,Saverne Haut Barr → Frohmuhl Lavoir,FR,FR,20.29,SNCF,day,0.04899697674418605,0.151,0.9941486581395349,3.0637899999999996,2.0696413418604647,90.4,Back-on-Track 2022,2026-03-22,3.0818227987488545,0,short
P813,Saverne Lycee Verne,Frohmuhl Lavoir,day,Saverne Lycee Verne → Frohmuhl Lavoir,FR,FR,20.26,SNCF,day,0.04899697674418605,0.151,0.9926787488372094,3.05926,2.066581251162791,90.4,Back-on-Track 2022,2026-03-22,3.081822798748855,0,short
P813,Saverne Place Des Dragons,Frohmuhl Lavoir,day,Saverne Place des Dragons → Frohmuhl Lavoir,FR,FR,19.62,SNCF,day,0.04899697674418605,0.151,0.9613206837209304,2.9626200000000003,2.00129931627907,90.5,Back-on-Track 2022,2026-03-22,3.081822798748855,0,short
R,Spiez,Frutigen,day,Spiez → Frutigen,CH,CH,11.06,BLS-bls (BLS AG (bls)),day,0.04899697674418605,0.151,0.5419065627906977,1.67006,1.1281534372093023,90.6,Back-on-Track 2022,2026-03-22,3.081822798748855,0,short
S40,Mendrisio,Gallarate,day,Mendrisio → Gallarate,CH,CH,27.15,SBB (Schweizerische Bundesbahnen SBB),day,0.04899697674418605,0.151,1.330267918604651,4.09965,2.7693820813953485,90.3,Back-on-Track 2022,2026-03-22,3.081822798748855,0,short
C71,Issoire,Gannat,day,Issoire → Gannat,FR,FR,61.68,SNCF,day,0.04899697674418605,0.151,3.0221335255813955,9.31368,6.291546474418604,90.3,Back-on-Track 2022,2026-03-22,3.081822798748855,0,short
P22,Gannat,Riom Chatel Guyon,day,Gannat → Riom Chatel Guyon,FR,FR,23.99,SNCF,day,0.04899697674418605,0.151,1.1754374720930232,3.6224899999999995,2.447052527906976,90.1,Back-on-Track 2022,2026-03-22,3.081822798748855,0,short
C71,Gannat,Vic Le Comte,day,Gannat → Vic le Comte,FR,FR,48.11,SNCF,day,0.04899697674418605,0.151,2.357244551162791,7.264609999999999,4.907365448837208,90.3,Back-on-Track 2022,2026-03-22,3.081822798748854,0,short
INCONNU,Gap Gare Routiere,La Brillanne Oraison,day,Gap → la Brillanne Oraison,FR,FR,72.41,OCEdefault,day,0.04899697674418605,0.151,3.547871086046512,10.93391,7.386038913953487,90.3,Back-on-Track 2022,2026-03-22,3.0818227987488545,0,short
INCONNU,Gap Gare Routiere,Peyruis Parc Relais,day,Gap → Peyruis Parc Relais,FR,FR,60.53,OCEdefault,day,0.04899697674418605,0.151,2.9657870023255817,9.14003,6.174242997674417,90.3,Back-on-Track 2022,2026-03-22,3.0818227987488545,0,short
P24,Grenoble,Gap,day,Grenoble → Gap,FR,FR,75.81,SNCF,day,0.04899697674418605,0.151,3.7144608069767444,11.44731,7.732849193023256,90.3,Back-on-Track 2022,2026-03-22,3.081822798748855,0,short
INCONNU,Gap,Saint Leger Les Melezes Le Village,day,Gap → Saint Leger les Melezes le Village,FR,FR,12.77,OCEdefault,day,0.04899697674418605,0.151,0.6256913930232558,1.92827,1.302578606976744,90.2,Back-on-Track 2022,2026-03-22,3.081822798748855,0,short
K2,Gap,Marseille Saint Charles,night,Gap → Marseille Saint Charles,FR,FR,151.17,SNCF,night,0.04899697674418605,0.151,7.406872974418604,22.826669999999996,15.419797025581392,90.3,Back-on-Track 2022,2026-03-22,3.0818227987488545,0,short
P4,Romans Bourg De Peage,Gap,day,Romans Bourg de Peage → Gap,FR,FR,97.94,SNCF,day,0.04899697674418605,0.151,4.7987639023255815,14.788939999999998,9.990176097674418,90.3,Back-on-Track 2022,2026-03-22,3.0818227987488545,0,short
P4,Valence Ville,Gap,day,Valence Ville → Gap,FR,FR,102.51,SNCF,day,0.04899697674418605,0.151,5.022680086046512,15.47901,10.456329913953489,90.2,Back-on-Track 2022,2026-03-22,3.0818227987488545,0,short
RE,Geneve Aeroport,Lausanne,day,Geneve Aeroport → Lausanne,CH,CH,50.72,SBB (Schweizerische Bundesbahnen SBB),day,0.04899697674418605,0.151,2.4851266604651165,7.65872,5.173593339534883,90.3,Back-on-Track 2022,2026-03-22,3.0818227987488545,0,short
IR15,Luzern,Geneve Aeroport,day,Luzern → Geneve Aeroport,CH,CH,190.85,SBB (Schweizerische Bundesbahnen SBB),day,0.04899697674418605,0.151,9.351073011627907,28.81835,19.46727698837209,90.3,Back-on-Track 2022,2026-03-22,3.081822798748855,0,short
RE,Martigny,Geneve Aeroport,day,Martigny → Geneve Aeroport,CH,CH,75.8,SBB (Schweizerische Bundesbahnen SBB),day,0.04899697674418605,0.151,3.7139708372093025,11.445799999999998,7.731829162790696,90.3,Back-on-Track 2022,2026-03-22,3.0818227987488545,0,short
IR57,Geneve Aeroport,Neuchatel,day,Geneve Aeroport → Neuchatel,CH,CH,105.73,SBB (Schweizerische Bundesbahnen SBB),day,0.04899697674418605,0.151,5.180450351162792,15.96523,10.784779648837208,90.3,Back-on-Track 2022,2026-03-22,3.0818227987488545,0,short
IC1,St Gallen,Geneve Aeroport,day,St Gallen → Geneve Aeroport,CH,CH,280.97,SBB (Schweizerische Bundesbahnen SBB),day,0.04899697674418605,0.151,13.766680555813956,42.42647,28.659789444186046,90.3,Back-on-Track 2022,2026-03-22,3.0818227987488545,0,short
RE,Geneve Aeroport,St Maurice,day,Geneve Aeroport → St Maurice,CH,CH,68.49,SBB (Schweizerische Bundesbahnen SBB),day,0.04899697674418605,0.151,3.3558029372093023,10.34199,6.986187062790696,90.3,Back-on-Track 2022,2026-03-22,3.0818227987488545,0,short
IR15,Geneve Aeroport,Sursee,day,Geneve Aeroport → Sursee,CH,CH,183.89,SBB (Schweizerische Bundesbahnen SBB),day,0.04899697674418605,0.151,9.010054053488373,27.767389999999995,18.757335946511624,90.3,Back-on-Track 2022,2026-03-22,3.081822798748854,0,short
RE,Villeneuve Vd,Geneve Aeroport,day,Villeneuve Vd → Geneve Aeroport,CH,CH,65.25,SBB (Schweizerische Bundesbahnen SBB),day,0.04899697674418605,0.151,3.1970527325581397,9.85275,6.655697267441861,90.3,Back-on-Track 2022,2026-03-22,3.081822798748855,0,short
IR90,Geneve Aeroport,Visp,day,Geneve Aeroport → Visp,CH,CH,136.2,SBB (Schweizerische Bundesbahnen SBB),day,0.04899697674418605,0.151,6.67338823255814,20.5662,13.89281176744186,90.3,Back-on-Track 2022,2026-03-22,3.0818227987488545,0,short
IC,Zurich Hb,Geneve Aeroport,day,Zurich Hb → Geneve Aeroport,CH,CH,224.45,SBB (Schweizerische Bundesbahnen SBB),day,0.04899697674418605,0.151,10.997371430232558,33.891949999999994,22.894578569767436,90.3,Back-on-Track 2022,2026-03-22,3.0818227987488545,0,short
K11,Grenoble,Geneve Cornavin,night,Grenoble → Geneve Cornavin,FR,FR,118.05,SNCF,night,0.04899697674418605,0.151,5.784093104651163,17.82555,12.041456895348837,90.3,Back-on-Track 2022,2026-03-22,3.081822798748855,0,short
K1+,Geneve Cornavin,Lyon Part Dieu,night,Geneve Cornavin → Lyon Part Dieu,FR,FR,111.02,SNCF,night,0.04899697674418605,0.151,5.439644358139535,16.76402,11.324375641860463,90.3,Back-on-Track 2022,2026-03-22,3.0818227987488545,0,short
622E,Geneve Cornavin,Marne La Vallee Chessy,day,Geneve Cornavin → Marne la Vallee Chessy,FR,FR,388.6,SNCF,day,0.04899697674418605,0.151,19.0402251627907,58.6786,39.6383748372093,90.3,Back-on-Track 2022,2026-03-22,3.0818227987488545,0,short
632A,Marseille Saint Charles,Geneve Cornavin,day,Marseille Saint Charles → Geneve Cornavin,FR,FR,328.85,SNCF,day,0.04899697674418605,0.151,16.112655802325584,49.65635,33.54369419767442,90.3,Back-on-Track 2022,2026-03-22,3.0818227987488545,0,short
622E,Paris Gare De Lyon Hall 1 2,Geneve Cornavin,day,Paris de Lyon Hall 1 2 → Geneve Cornavin,FR,FR,407.22,SNCF,day,0.04899697674418605,0.151,19.952548869767444,61.49022,41.53767113023255,90.3,Back-on-Track 2022,2026-03-22,3.0818227987488545,0,short
K11,Geneve Cornavin,Valence Ville,day,Geneve Cornavin → Valence Ville,FR,FR,172.56,SNCF,day,0.04899697674418605,0.151,8.454918306976746,26.05656,17.601641693023254,90.3,Back-on-Track 2022,2026-03-22,3.0818227987488545,0,short
R,Geneve,La Plaine,day,Geneve → la Plaine,CH,CH,11.51,SBB (Schweizerische Bundesbahnen SBB),day,0.04899697674418605,0.151,0.5639552023255814,1.7380099999999998,1.1740547976744184,90.4,Back-on-Track 2022,2026-03-22,3.081822798748855,0,short
RE,Lausanne,Geneve,day,Lausanne → Geneve,CH,CH,50.56,SBB (Schweizerische Bundesbahnen SBB),day,0.04899697674418605,0.151,2.4772871441860467,7.6345600000000005,5.157272855813954,90.2,Back-on-Track 2022,2026-03-22,3.081822798748855,0,short
IR15,Luzern,Geneve,day,Luzern → Geneve,CH,CH,190.05,SBB (Schweizerische Bundesbahnen SBB),day,0.04899697674418605,0.151,9.31187543023256,28.69755,19.38567456976744,90.3,Back-on-Track 2022,2026-03-22,3.0818227987488545,0,short
RE,Martigny,Geneve,day,Martigny → Geneve,CH,CH,73.07,SBB (Schweizerische Bundesbahnen SBB),day,0.04899697674418605,0.151,3.5802090906976742,11.03357,7.453360909302325,90.3,Back-on-Track 2022,2026-03-22,3.081822798748855,0,short
RE,Nyon,Geneve,day,Nyon → Geneve,CH,CH,20.66,SBB (Schweizerische Bundesbahnen SBB),day,0.04899697674418605,0.151,1.0122775395348838,3.11966,2.107382460465116,90.3,Back-on-Track 2022,2026-03-22,3.081822798748855,0,short
TGV,Geneve,Paris Gare De Lyon,day,Geneve → Paris de Lyon,CH,CH,407.18,SBB (Schweizerische Bundesbahnen SBB),day,0.04899697674418605,0.151,19.950588990697675,61.48418,41.53359100930233,90.3,Back-on-Track 2022,2026-03-22,3.081822798748855,0,short
R,Geneve,Pougny Chancy,day,Geneve → Pougny Chancy,CH,CH,15.74,SBB (Schweizerische Bundesbahnen SBB),day,0.04899697674418605,0.151,0.7712124139534885,2.37674,1.6055275860465112,90.3,Back-on-Track 2022,2026-03-22,3.0818227987488545,0,short
IR,Geneve,Sion,day,Geneve → Sion,CH,CH,93.63,SBB (Schweizerische Bundesbahnen SBB),day,0.04899697674418605,0.151,4.58758693255814,14.138129999999999,9.550543067441858,90.3,Back-on-Track 2022,2026-03-22,3.0818227987488545,0,short
IC1,St Gallen,Geneve,day,St Gallen → Geneve,CH,CH,280.16,SBB (Schweizerische Bundesbahnen SBB),day,0.04899697674418605,0.151,13.726993004651165,42.30416,28.57716699534884,90.3,Back-on-Track 2022,2026-03-22,3.0818227987488545,0,short
RE,Geneve,St Maurice,day,Geneve → St Maurice,CH,CH,66.14,SBB (Schweizerische Bundesbahnen SBB),day,0.04899697674418605,0.151,3.2406600418604654,9.98714,6.746479958139535,90.2,Back-on-Track 2022,2026-03-22,3.081822798748855,0,short
C7,Saint Genies De Malgoires,Nimes Centre,day,Saint Genies de Malgoires → Nimes Centre,FR,FR,17.83,SNCF,day,0.04899697674418605,0.151,0.8736160953488372,2.6923299999999997,1.8187139046511624,90.3,Back-on-Track 2022,2026-03-22,3.0818227987488545,0,short
C7,Genolhac,Nimes Centre,day,Genolhac → Nimes Centre,FR,FR,66.12,SNCF,day,0.04899697674418605,0.151,3.2396801023255817,9.98412,6.744439897674419,90.2,Back-on-Track 2022,2026-03-22,3.081822798748855,0,short
Gera Hbf → Kassel-Wilhelmshöhe,Gera Hbf,Kassel Wilhelmshohe,day,Gera → Kassel Wilhelmshohe,DE,DE,189.76,DB,day,0.04899697674418605,0.151,9.297666306976744,28.65376,19.356093693023254,90.3,Back-on-Track 2022,2026-03-22,3.081822798748855,0,short
Gera Hbf → Köln Hbf,Gera Hbf,Koln Hbf,day,Gera → Koln,DE,DE,358.83,DB,day,0.04899697674418605,0.151,17.58158516511628,54.18333,36.60174483488372,90.3,Back-on-Track 2022,2026-03-22,3.0818227987488545,0,short
C71,Saint Germain Des Fosses,Issoire,day,Saint Germain des Fosses → Issoire,FR,FR,75.23,SNCF,day,0.04899697674418605,0.151,3.6860425604651166,11.35973,7.673687439534884,90.3,Back-on-Track 2022,2026-03-22,3.081822798748855,0,short
C71,Saint Germain Des Fosses,Vic Le Comte,day,Saint Germain des Fosses → Vic le Comte,FR,FR,62.94,SNCF,day,0.04899697674418605,0.151,3.08386971627907,9.50394,6.42007028372093,90.3,Back-on-Track 2022,2026-03-22,3.081822798748855,0,short
E01,Saint Gervais Les Bains Le Fayet,Grenoble,day,Saint Gervais les Bains le Fayet → Grenoble,FR,FR,110.47,SNCF,day,0.04899697674418605,0.151,5.412696020930233,16.68097,11.268273979069765,90.3,Back-on-Track 2022,2026-03-22,3.0818227987488545,0,short
C13,La Roche Sur Foron,Saint Gervais Les Bains Le Fayet,day,la Roche Sur Foron → Saint Gervais les Bains le Fayet,FR,FR,35.55,SNCF,day,0.04899697674418605,0.151,1.741842523255814,5.368049999999999,3.6262074767441854,90.2,Back-on-Track 2022,2026-03-22,3.0818227987488545,0,short
K43,Saint Gervais Les Bains Le Fayet,Lyon Part Dieu,day,Saint Gervais les Bains le Fayet → Lyon Part Dieu,FR,FR,143.62,SNCF,day,0.04899697674418605,0.151,7.036945800000001,21.68662,14.6496742,90.3,Back-on-Track 2022,2026-03-22,3.081822798748855,0,short
081G,Nantes,Saint Gervais Les Bains Le Fayet,day,Nantes → Saint Gervais les Bains le Fayet,FR,FR,646.55,SNCF,day,0.04899697674418605,0.151,31.67899531395349,97.62904999999999,65.9500546860465,90.3,Back-on-Track 2022,2026-03-22,3.0818227987488545,0,medium
621I,Paris Gare De Lyon Hall 1 2,Saint Gervais Les Bains Le Fayet,night,Paris de Lyon Hall 1 2 → Saint Gervais les Bains le Fayet,FR,FR,461.34,SNCF,night,0.04899697674418605,0.151,22.60426525116279,69.66234,47.058074748837214,90.3,Back-on-Track 2022,2026-03-22,3.081822798748855,0,short
TER,Saint Gervais Les Bains,Vallorcine F,day,Saint Gervais les Bains → Vallorcine F,CH,CH,22.91,SNCF (Société Nationale des Chemins de fer Français),day,0.04899697674418605,0.151,1.1225207372093025,3.45941,2.336889262790698,90.3,Back-on-Track 2022,2026-03-22,3.0818227987488545,0,short
RE,Giengen Brenz,Ulm Hbf,day,Giengen Brenz → Ulm,CH,CH,30.87,DB Regio (DB Regio AG Baden-Württemberg),day,0.04899697674418605,0.151,1.5125366720930233,4.66137,3.1488333279069765,90.3,Back-on-Track 2022,2026-03-22,3.0818227987488545,0,short
P9,Gievres,Romorantin Blanc Argent,day,Gievres → Romorantin Blanc Argent,FR,FR,10.09,SNCF,day,0.04899697674418605,0.151,0.49437949534883724,1.52359,1.0292105046511628,90.3,Back-on-Track 2022,2026-03-22,3.081822798748855,0,short
P9,Salbris,Gievres,day,Salbris → Gievres,FR,FR,32.93,SNCF,day,0.04899697674418605,0.151,1.6134704441860466,4.97243,3.3589595558139536,90.3,Back-on-Track 2022,2026-03-22,3.081822798748855,0,short
C11,Saint Gilles Croix De Vie,Nantes,day,Saint Gilles Croix de Vie → Nantes,FR,FR,65.39,SNCF,day,0.04899697674418605,0.151,3.203912309302326,9.87389,6.6699776906976735,90.2,Back-on-Track 2022,2026-03-22,3.0818227987488545,0,short
C6,Gimont Cahuzac,Toulouse Matabiau,day,Gimont Cahuzac → Toulouse Matabiau,FR,FR,47.23,SNCF,day,0.04899697674418605,0.151,2.314127211627907,7.131729999999999,4.817602788372092,90.3,Back-on-Track 2022,2026-03-22,3.081822798748855,0,short
L44,Gironde,Langon,day,Gironde → Langon,FR,FR,13.32,SNCF,day,0.04899697674418605,0.151,0.6526397302325582,2.01132,1.3586802697674418,90.1,Back-on-Track 2022,2026-03-22,3.081822798748855,0,short
S5,Luzern,Giswil,day,Luzern → Giswil,CH,CH,25.55,ZB (Zentralbahn),day,0.04899697674418605,0.151,1.2518727558139535,3.85805,2.6061772441860462,90.2,Back-on-Track 2022,2026-03-22,3.081822798748855,0,short
S90,Giubiasco,Lugano,day,Giubiasco → Lugano,CH,CH,19.22,SBB (Schweizerische Bundesbahnen SBB),day,0.04899697674418605,0.151,0.9417218930232558,2.90222,1.960498106976744,90.3,Back-on-Track 2022,2026-03-22,3.081822798748855,0,short
RE,Mendrisio,Giubiasco,day,Mendrisio → Giubiasco,CH,CH,33.94,SBB (Schweizerische Bundesbahnen SBB),day,0.04899697674418605,0.151,1.6629573906976745,5.12494,3.461982609302325,90.2,Back-on-Track 2022,2026-03-22,3.0818227987488545,0,short
C28,Lyon Perrache,Givors Ville,day,Lyon Perrache → Givors Ville,FR,FR,18.77,SNCF,day,0.04899697674418605,0.151,0.9196732534883721,2.83427,1.914596746511628,90.4,Back-on-Track 2022,2026-03-22,3.081822798748855,0,short
TER,Lyon Perrache,Givors,day,Lyon Perrache → Givors,CH,CH,18.73,SNCF (Société Nationale des Chemins de fer Français),day,0.04899697674418605,0.151,0.9177133744186048,2.82823,1.9105166255813952,90.4,Back-on-Track 2022,2026-03-22,3.0818227987488545,0,short
S25,Linthal,Glarus,day,Linthal → Glarus,CH,CH,13.89,SBB (Schweizerische Bundesbahnen SBB),day,0.04899697674418605,0.151,0.6805680069767442,2.09739,1.4168219930232557,90.5,Back-on-Track 2022,2026-03-22,3.0818227987488545,0,short
CC,Gletsch,Realp Dfb,day,Gletsch → Realp Dfb,CH,CH,11.35,DFB (Dampfbahn Furka-Bergstrecke),day,0.04899697674418605,0.151,0.5561156860465116,1.7138499999999999,1.1577343139534881,90.2,Back-on-Track 2022,2026-03-22,3.081822798748855,0,short
R,La Chaux De Fonds,Glovelier,day,la Chaux de Fonds → Glovelier,CH,CH,39.14,CJ (Chemins de fer du Jura),day,0.04899697674418605,0.151,1.917741669767442,5.91014,3.9923983302325583,90.2,Back-on-Track 2022,2026-03-22,3.0818227987488545,0,short
R,Le Noirmont,Glovelier,day,le Noirmont → Glovelier,CH,CH,22.78,CJ (Chemins de fer du Jura),day,0.04899697674418605,0.151,1.1161511302325582,3.4397800000000003,2.3236288697674423,90.2,Back-on-Track 2022,2026-03-22,3.081822798748855,0,short
R,Saignelegier,Glovelier,day,Saignelegier → Glovelier,CH,CH,18.53,CJ (Chemins de fer du Jura),day,0.04899697674418605,0.151,0.9079139790697676,2.7980300000000002,1.8901160209302326,90.3,Back-on-Track 2022,2026-03-22,3.081822798748855,0,short
REX41,Wien Franz Josefs Bahnhof,Gmund Bahnhof,night,Wien Franz Josefs → Gmund,AT,AT,117.7,ÖBB,night,0.04899697674418605,0.151,5.766944162790698,17.7727,12.005755837209303,90.3,Back-on-Track 2022,2026-03-22,3.081822798748855,0,short
IR26,Goschenen,Luzern,day,Goschenen → Luzern,CH,CH,47.7,SOB-sob (Schweizerische Südostbahn (sob)),day,0.04899697674418605,0.151,2.3371557906976745,7.2027,4.865544209302326,90.2,Back-on-Track 2022,2026-03-22,3.081822798748855,0,short
S1,Schaffhausen,Gossau Sg,day,Schaffhausen → Gossau Sg,CH,CH,56.4,THURBO (THURBO),day,0.04899697674418605,0.151,2.7634294883720933,8.516399999999999,5.752970511627906,90.3,Back-on-Track 2022,2026-03-22,3.0818227987488545,0,short
S23,Wasserauen,Gossau Sg,day,Wasserauen → Gossau Sg,CH,CH,19.29,AB-ab (Appenzeller Bahnen (ab)),day,0.04899697674418605,0.151,0.9451516813953489,2.9127899999999998,1.9676383186046509,90.3,Back-on-Track 2022,2026-03-22,3.0818227987488545,0,short
S5,Weinfelden,Gossau Sg,day,Weinfelden → Gossau Sg,CH,CH,20.4,THURBO (THURBO),day,0.04899697674418605,0.151,0.9995383255813953,3.0803999999999996,2.080861674418604,90.1,Back-on-Track 2022,2026-03-22,3.0818227987488545,0,short
Göttingen → Hamburg-Altona,Gottingen,Hamburg Altona,night,Gottingen → Hamburg Altona,DE,DE,224.16,DB,night,0.04899697674418605,0.151,10.983162306976745,33.84816,22.864997693023255,90.3,Back-on-Track 2022,2026-03-22,3.081822798748855,0,short
Hannover Hbf → Göttingen,Hannover Hbf,Gottingen,day,Hannover → Gottingen,DE,DE,94.26,DB,day,0.04899697674418605,0.151,4.618455027906977,14.23326,9.614804972093022,90.3,Back-on-Track 2022,2026-03-22,3.0818227987488545,0,short
Stralsund Hbf → Göttingen,Stralsund Hbf,Gottingen,day,Stralsund → Gottingen,DE,DE,373.58,DB,day,0.04899697674418605,0.151,18.304290572093024,56.410579999999996,38.10628942790697,90.3,Back-on-Track 2022,2026-03-22,3.0818227987488545,0,short
C7,Grand Combe La Pise,Nimes Centre,day,Grand Combe la Pise → Nimes Centre,FR,FR,49.71,SNCF,day,0.04899697674418605,0.151,2.4356397139534884,7.50621,5.070570286046512,90.2,Back-on-Track 2022,2026-03-22,3.081822798748855,0,short
P72,Lozanne,Grandris Centre,day,Lozanne → Grandris Centre,FR,FR,25.97,SNCF,day,0.04899697674418605,0.151,1.2724514860465117,3.92147,2.649018513953488,90.4,Back-on-Track 2022,2026-03-22,3.0818227987488545,0,short
R,St Maurice,Grandson,day,St Maurice → Grandson,CH,CH,71.15,SBB (Schweizerische Bundesbahnen SBB),day,0.04899697674418605,0.151,3.4861348953488376,10.74365,7.257515104651163,90.2,Back-on-Track 2022,2026-03-22,3.081822798748855,0,short
R,Villeneuve Vd,Grandson,day,Villeneuve Vd → Grandson,CH,CH,50.31,SBB (Schweizerische Bundesbahnen SBB),day,0.04899697674418605,0.151,2.4650379000000004,7.5968100000000005,5.1317721,90.3,Back-on-Track 2022,2026-03-22,3.0818227987488545,0,short
C305,Granville,Lison,day,Granville → Lison,FR,FR,58.31,SNCF,day,0.04899697674418605,0.151,2.8570137139534886,8.80481,5.947796286046511,90.2,Back-on-Track 2022,2026-03-22,3.0818227987488545,0,short
K4,Granville,Paris Montparnasse Hall 1 2,night,Granville → Paris Montparnasse Hall 1 2,FR,FR,285.98,SNCF,night,0.04899697674418605,0.151,14.012155409302327,43.18298,29.170824590697674,90.3,Back-on-Track 2022,2026-03-22,3.0818227987488545,0,short
K4,Paris Montparnasse Vaugirard,Granville,day,Paris Montparnasse Vaugirard → Granville,FR,FR,285.98,SNCF,day,0.04899697674418605,0.151,14.012155409302327,43.18298,29.170824590697674,90.3,Back-on-Track 2022,2026-03-22,3.0818227987488545,0,short
C12,Pontorson Mont Saint Michel,Granville,day,Pontorson Mont Saint Michel → Granville,FR,FR,32.33,SNCF,day,0.04899697674418605,0.151,1.584072258139535,4.88183,3.297757741860465,90.3,Back-on-Track 2022,2026-03-22,3.0818227987488545,0,short
C12,Rennes,Granville,day,Rennes → Granville,FR,FR,81.95,SNCF,day,0.04899697674418605,0.151,4.015302244186047,12.37445,8.359147755813954,90.3,Back-on-Track 2022,2026-03-22,3.081822798748855,0,short
C3,Menton,Grasse,day,Menton → Grasse,FR,FR,47.57,SNCF Voyageurs SA,day,0.04899697674418605,0.151,2.3307861837209303,7.18307,4.852283816279069,90.2,Back-on-Track 2022,2026-03-22,3.081822798748855,0,short
C13,Monaco Monte Carlo,Grasse,day,Monaco Monte Carlo → Grasse,FR,FR,40.84,SNCF Voyageurs SA,day,0.04899697674418605,0.151,2.0010365302325583,6.1668400000000005,4.165803469767442,90.3,Back-on-Track 2022,2026-03-22,3.081822798748855,0,short
C3,Nice Ville,Grasse,day,Nice Ville → Grasse,FR,FR,27.64,SNCF Voyageurs SA,day,0.04899697674418605,0.151,1.3542764372093026,4.17364,2.819363562790697,90.2,Back-on-Track 2022,2026-03-22,3.081822798748854,0,short
C3,Grasse,Ventimiglia,day,Grasse → Ventimiglia,FR,FR,57.16,SNCF Voyageurs SA,day,0.04899697674418605,0.151,2.8006671906976743,8.63116,5.830492809302325,90.3,Back-on-Track 2022,2026-03-22,3.081822798748855,0,short
A12,Graz Hbf 1B E,Villach Hauptbahnhof,night,Graz 1b E → Villach,AT,AT,129.49,ÖBB,night,0.04899697674418605,0.151,6.344618518604652,19.55299,13.20837148139535,90.3,Back-on-Track 2022,2026-03-22,3.0818227987488545,0,short
A12-2,Wien Hauptbahnhof,Graz Hbf 1B E,night,Wien → Graz 1b E,AT,AT,143.17,ÖBB,night,0.04899697674418605,0.151,7.014897160465116,21.618669999999998,14.603772839534882,90.3,Back-on-Track 2022,2026-03-22,3.0818227987488545,0,short
A17,Schladming Bahnhof,Graz Hbf 2,night,Schladming → Graz 2,AT,AT,135.99,ÖBB,night,0.04899697674418605,0.151,6.663098867441861,20.53449,13.871391132558141,90.3,Back-on-Track 2022,2026-03-22,3.081822798748855,0,short
A15-A,Schwarzach St Veit Bahnhof,Graz Hbf 2,night,Schwarzach St Veit → Graz 2,AT,AT,173.04,ÖBB,night,0.04899697674418605,0.151,8.478436855813953,26.129039999999996,17.650603144186043,90.3,Back-on-Track 2022,2026-03-22,3.0818227987488545,0,short
A4,Graz Hbf 2,Wien Hauptbahnhof,night,Graz 2 → Wien,AT,AT,143.19,ÖBB,night,0.04899697674418605,0.151,7.015877100000001,21.621689999999997,14.605812899999997,90.3,Back-on-Track 2022,2026-03-22,3.081822798748854,0,short
A12,Villach Hauptbahnhof,Graz Hbf 3,night,Villach → Graz 3,AT,AT,129.47,ÖBB,night,0.04899697674418605,0.151,6.343638579069768,19.54997,13.20633142093023,90.3,Back-on-Track 2022,2026-03-22,3.0818227987488545,0,short
A12,Graz Hbf 3,Wien Hauptbahnhof,night,Graz 3 → Wien,AT,AT,143.07,ÖBB,night,0.04899697674418605,0.151,7.009997462790698,21.603569999999998,14.593572537209301,90.3,Back-on-Track 2022,2026-03-22,3.0818227987488545,0,short
960-A,Schladming Bahnhof,Graz Hbf 4,night,Schladming → Graz 4,AT,AT,135.99,ÖBB,night,0.04899697674418605,0.151,6.663098867441861,20.53449,13.871391132558141,90.3,Back-on-Track 2022,2026-03-22,3.081822798748855,0,short
A15-A,Schwarzach St Veit Bahnhof,Graz Hbf 4,night,Schwarzach St Veit → Graz 4,AT,AT,173.02,ÖBB,night,0.04899697674418605,0.151,8.47745691627907,26.12602,17.64856308372093,90.3,Back-on-Track 2022,2026-03-22,3.081822798748855,0,short
A12-2,Wien Hauptbahnhof,Graz Hbf 4,night,Wien → Graz 4,AT,AT,143.16,ÖBB,night,0.04899697674418605,0.151,7.014407190697675,21.61716,14.602752809302324,90.3,Back-on-Track 2022,2026-03-22,3.0818227987488545,0,short
A10,Graz Hbf 5,Salzburg Hauptbahnhof,night,Graz 5 → Salzburg,AT,AT,196.38,ÖBB,night,0.04899697674418605,0.151,9.622026293023257,29.65338,20.03135370697674,90.3,Back-on-Track 2022,2026-03-22,3.0818227987488545,0,short
A12-2,Wien Hauptbahnhof,Graz Hbf 5,night,Wien → Graz 5,AT,AT,143.17,ÖBB,night,0.04899697674418605,0.151,7.014897160465116,21.618669999999998,14.603772839534882,90.3,Back-on-Track 2022,2026-03-22,3.0818227987488545,0,short
A8,Graz Hbf 6,Innsbruck Hauptbahnhof,night,Graz 6 → Innsbruck,AT,AT,304.25,ÖBB,night,0.04899697674418605,0.151,14.907330174418606,45.94175,31.034419825581395,90.3,Back-on-Track 2022,2026-03-22,3.0818227987488545,0,short
A8,Graz Hbf 6,Jenbach Bahnhof,night,Graz 6 → Jenbach,AT,AT,276.94,ÖBB,night,0.04899697674418605,0.151,13.569222739534885,41.81794,28.248717260465114,90.3,Back-on-Track 2022,2026-03-22,3.081822798748855,0,short
960-A,Stainach Irdning Bahnhof,Graz Hbf 6,night,Stainach Irdning → Graz 6,AT,AT,111.05,ÖBB,night,0.04899697674418605,0.151,5.44111426744186,16.768549999999998,11.327435732558136,90.3,Back-on-Track 2022,2026-03-22,3.0818227987488545,0,short
Saarbrücken Hbf → Graz Hbf,Saarbrucken Hbf,Graz Hbf,night,Saarbrucken → Graz,DE,DE,669.43,ÖBB,night,0.04899697674418605,0.151,32.80004614186046,101.08393,68.28388385813953,90.3,Back-on-Track 2022,2026-03-22,3.081822798748855,0,medium
ICE,Graz Hbf,Salzburg Hbf,day,Graz → Salzburg,AT,AT,196.38,ÖBB,day,0.04899697674418605,0.151,9.622026293023257,29.65338,20.03135370697674,90.3,Back-on-Track 2022,2026-03-22,3.0818227987488545,0,short
IC 33,Hamburg Hbf,Greifswald,day,Hamburg → Greifswald,DE,DE,228.76,DB,day,0.04899697674418605,0.151,11.2085484,34.542759999999994,23.334211599999996,90.3,Back-on-Track 2022,2026-03-22,3.0818227987488545,0,short
Greifswald → Stuttgart Hbf,Greifswald,Stuttgart Hbf,day,Greifswald → Stuttgart,DE,DE,657.57,DB,day,0.04899697674418605,0.151,32.21894199767442,99.29307,67.07412800232558,90.3,Back-on-Track 2022,2026-03-22,3.081822798748855,0,medium
K6,Lyon Part Dieu Gare Routiere,Grenoble Europole,day,Lyon Part Dieu → Grenoble Europole,FR,FR,91.69,SNCF,day,0.04899697674418605,0.151,4.492532797674419,13.845189999999999,9.352657202325581,90.3,Back-on-Track 2022,2026-03-22,3.0818227987488545,0,short
C11,Saint Marcellin,Grenoble Europole,day,Saint Marcellin → Grenoble Europole,FR,FR,30.85,SNCF,day,0.04899697674418605,0.151,1.5115567325581398,4.65835,3.1467932674418604,90.3,Back-on-Track 2022,2026-03-22,3.0818227987488545,0,short
INCONNU,Valence Gare Routiere,Grenoble Europole,day,Valence → Grenoble Europole,FR,FR,70.84,OCEdefault,day,0.04899697674418605,0.151,3.47094583255814,10.69684,7.22589416744186,90.3,Back-on-Track 2022,2026-03-22,3.0818227987488545,0,short
C11,Saint Marcellin,Grenoble Universites Gieres,day,Saint Marcellin → Grenoble Universites Gieres,FR,FR,36.34,SNCF,day,0.04899697674418605,0.151,1.7805501348837212,5.4873400000000006,3.7067898651162796,90.2,Back-on-Track 2022,2026-03-22,3.081822798748855,0,short
C6,Rives,Grenoble Universites Gieres,day,Rives → Grenoble Universites Gieres,FR,FR,29.89,SNCF,day,0.04899697674418605,0.151,1.464519634883721,4.51339,3.0488703651162794,90.2,Back-on-Track 2022,2026-03-22,3.081822798748855,0,short
TER,St Andre Le Gaz,Grenoble Universites Gieres,day,St Andre le Gaz → Grenoble Universites Gieres,CH,CH,44.88,SNCF (Société Nationale des Chemins de fer Français),day,0.04899697674418605,0.151,2.19898431627907,6.77688,4.57789568372093,90.2,Back-on-Track 2022,2026-03-22,3.081822798748855,0,short
TER,St Marcellin Isere,Grenoble Universites Gieres,day,St Marcellin Isere → Grenoble Universites Gieres,CH,CH,36.34,SNCF (Société Nationale des Chemins de fer Français),day,0.04899697674418605,0.151,1.7805501348837212,5.4873400000000006,3.7067898651162796,90.2,Back-on-Track 2022,2026-03-22,3.081822798748855,0,short
TER,Grenoble Universites Gieres,Valence,day,Grenoble Universites Gieres → Valence,CH,CH,75.63,SNCF (Société Nationale des Chemins de fer Français),day,0.04899697674418605,0.151,3.705641351162791,11.420129999999999,7.714488648837207,90.3,Back-on-Track 2022,2026-03-22,3.0818227987488545,0,short
C11,Grenoble Universites Gieres,Valence Ville,day,Grenoble Universites Gieres → Valence Ville,FR,FR,75.62,SNCF,day,0.04899697674418605,0.151,3.7051513813953494,11.41862,7.713468618604651,90.3,Back-on-Track 2022,2026-03-22,3.0818227987488545,0,short
K6,Lyon Part Dieu,Grenoble,day,Lyon Part Dieu → Grenoble,FR,FR,91.92,SNCF,day,0.04899697674418605,0.151,4.503802102325582,13.87992,9.376117897674419,90.3,Back-on-Track 2022,2026-03-22,3.0818227987488545,0,short
K6,Grenoble,Lyon Part Dieu Gare Routiere,day,Grenoble → Lyon Part Dieu,FR,FR,91.65,SNCF,day,0.04899697674418605,0.151,4.490572918604652,13.83915,9.348577081395348,90.3,Back-on-Track 2022,2026-03-22,3.0818227987488545,0,short
C11,Grenoble,Saint Marcellin,day,Grenoble → Saint Marcellin,FR,FR,30.98,SNCF,day,0.04899697674418605,0.151,1.5179263395348839,4.67798,3.160053660465116,90.4,Back-on-Track 2022,2026-03-22,3.0818227987488545,0,short
621A,Grenoble,Marne La Vallee Chessy,day,Grenoble → Marne la Vallee Chessy,FR,FR,465.4,SNCF,day,0.04899697674418605,0.151,22.803192976744185,70.27539999999999,47.472207023255805,90.3,Back-on-Track 2022,2026-03-22,3.0818227987488545,0,short
E08,Modane,Grenoble,day,Modane → Grenoble,FR,FR,74.03,SNCF,day,0.04899697674418605,0.151,3.6272461883720934,11.17853,7.551283811627907,90.2,Back-on-Track 2022,2026-03-22,3.0818227987488545,0,short
E07,Grenoble,Montelimar Gare Routiere,day,Grenoble → Montelimar,FR,FR,103.88,SNCF,day,0.04899697674418605,0.151,5.089805944186047,15.68588,10.596074055813952,90.3,Back-on-Track 2022,2026-03-22,3.0818227987488545,0,short
081G,Nantes,Grenoble,day,Nantes → Grenoble,FR,FR,601.88,SNCF,day,0.04899697674418605,0.151,29.4903003627907,90.88387999999999,61.39357963720929,90.3,Back-on-Track 2022,2026-03-22,3.0818227987488545,0,medium
TGV,Paris Gare De Lyon,Grenoble,day,Paris de Lyon → Grenoble,CH,CH,478.6,SNCF (Société Nationale des Chemins de fer Français),day,0.04899697674418605,0.151,23.449953069767446,72.2686,48.81864693023256,90.3,Back-on-Track 2022,2026-03-22,3.081822798748855,0,short
621A,Grenoble,Paris Gare De Lyon Hall 1 2,night,Grenoble → Paris de Lyon Hall 1 2,FR,FR,478.62,SNCF,night,0.04899697674418605,0.151,23.45093300930233,72.27162,48.820686990697666,90.3,Back-on-Track 2022,2026-03-22,3.0818227987488545,0,short
E07,Privas Cours Du Palais,Grenoble,day,Privas Cours du Palais → Grenoble,FR,FR,101.39,SNCF,day,0.04899697674418605,0.151,4.967803472093023,15.30989,10.342086527906975,90.3,Back-on-Track 2022,2026-03-22,3.081822798748855,0,short
081G,Rennes,Grenoble,day,Rennes → Grenoble,FR,FR,649.84,SNCF,day,0.04899697674418605,0.151,31.840195367441865,98.12584,66.28564463255813,90.3,Back-on-Track 2022,2026-03-22,3.0818227987488545,0,medium
C6,Grenoble,Rives,day,Grenoble → Rives,FR,FR,25.39,SNCF,day,0.04899697674418605,0.151,1.2440332395348839,3.83389,2.589856760465116,90.2,Back-on-Track 2022,2026-03-22,3.0818227987488545,0,short
TER,St Andre Le Gaz,Grenoble,day,St Andre le Gaz → Grenoble,CH,CH,42.03,SNCF (Société Nationale des Chemins de fer Français),day,0.04899697674418605,0.151,2.0593429325581396,6.34653,4.2871870674418595,90.2,Back-on-Track 2022,2026-03-22,3.0818227987488545,0,short
TER,St Marcellin Isere,Grenoble,day,St Marcellin Isere → Grenoble,CH,CH,30.93,SNCF (Société Nationale des Chemins de fer Français),day,0.04899697674418605,0.151,1.5154764906976745,4.67043,3.154953509302325,90.3,Back-on-Track 2022,2026-03-22,3.0818227987488545,0,short
E02,Grenoble,Thonon Les Bains,day,Grenoble → Thonon les Bains,FR,FR,143.69,SNCF,day,0.04899697674418605,0.151,7.040375588372093,21.69719,14.656814411627906,90.3,Back-on-Track 2022,2026-03-22,3.081822798748855,0,short
TER,Grenoble,Valence,day,Grenoble → Valence,CH,CH,70.81,SNCF (Société Nationale des Chemins de fer Français),day,0.04899697674418605,0.151,3.4694759232558146,10.69231,7.222834076744187,90.3,Back-on-Track 2022,2026-03-22,3.0818227987488545,0,short
E07,Grenoble,Valence Gare Routiere,day,Grenoble → Valence,FR,FR,71.0,SNCF,day,0.04899697674418605,0.151,3.4787853488372096,10.721,7.24221465116279,90.3,Back-on-Track 2022,2026-03-22,3.081822798748855,0,short
K21,Valence Tgv Rhone Alpes Sud,Grenoble,day,Valence Tgv Rhone Alpes Sud → Grenoble,FR,FR,61.92,SNCF,day,0.04899697674418605,0.151,3.0338928000000003,9.34992,6.316027199999999,90.2,Back-on-Track 2022,2026-03-22,3.0818227987488545,0,short
K11,Grenoble,Valence Ville,day,Grenoble → Valence Ville,FR,FR,70.84,SNCF,day,0.04899697674418605,0.151,3.47094583255814,10.69684,7.22589416744186,90.3,Back-on-Track 2022,2026-03-22,3.0818227987488545,0,short
P25,Grenoble,Veynes Devoluy,day,Grenoble → Veynes Devoluy,FR,FR,73.76,SNCF,day,0.04899697674418605,0.151,3.6140170046511635,11.13776,7.523742995348837,90.3,Back-on-Track 2022,2026-03-22,3.0818227987488545,0,short
P816,Griesbach Le Bastberg Eglise,Haguenau Arret Ritmo Moulin Neuf,day,Griesbach le Bastberg Eglise → Haguenau Arret Ritmo Moulin Neuf,FR,FR,25.46,SNCF,day,0.04899697674418605,0.151,1.247463027906977,3.84446,2.5969969720930233,90.2,Back-on-Track 2022,2026-03-22,3.0818227987488545,0,short
R,Interlaken Ost,Grindelwald Terminal,day,Interlaken Ost → Grindelwald Terminal,CH,CH,13.42,BOB (Berner Oberland-Bahnen),day,0.04899697674418605,0.151,0.6575394279069768,2.02642,1.368880572093023,90.2,Back-on-Track 2022,2026-03-22,3.0818227987488545,0,short
R,Matten B Interlaken,Grindelwald Terminal,day,Matten B Interlaken → Grindelwald Terminal,CH,CH,12.27,BOB (Berner Oberland-Bahnen),day,0.04899697674418605,0.151,0.6011929046511628,1.8527699999999998,1.251577095348837,90.4,Back-on-Track 2022,2026-03-22,3.0818227987488545,0,short
R,Grindelwald,Interlaken Ost,day,Grindelwald → Interlaken Ost,CH,CH,14.54,BOB (Berner Oberland-Bahnen),day,0.04899697674418605,0.151,0.7124160418604651,2.19554,1.4831239581395348,90.4,Back-on-Track 2022,2026-03-22,3.0818227987488545,0,short
Groningen → Leer(Ostfriesl),Groningen,Leer Ostfriesl,day,Groningen → Leer Ostfriesl,DE,DE,60.03,NS,day,0.04899697674418605,0.151,2.941288513953489,9.06453,6.123241486046511,90.3,Back-on-Track 2022,2026-03-22,3.0818227987488545,0,short
S50,Gruyeres,Montbovon,day,Gruyeres → Montbovon,CH,CH,11.07,TPF (Transports publics fribourgeois),day,0.04899697674418605,0.151,0.5423965325581396,1.67157,1.1291734674418605,90.6,Back-on-Track 2022,2026-03-22,3.081822798748855,0,short
S51,Palezieux,Gruyeres,day,Palezieux → Gruyeres,CH,CH,18.53,TPF (Transports publics fribourgeois),day,0.04899697674418605,0.151,0.9079139790697676,2.7980300000000002,1.8901160209302326,90.3,Back-on-Track 2022,2026-03-22,3.081822798748855,0,short
R,Gstaad,Lenk Im Simmental,day,Gstaad → Lenk im Simmental,CH,CH,12.32,MOB (Montreux-Oberland Bernois),day,0.04899697674418605,0.151,0.6036427534883722,1.86032,1.2566772465116278,90.4,Back-on-Track 2022,2026-03-22,3.0818227987488545,0,short
S50,Montbovon,Gstaad,day,Montbovon → Gstaad,CH,CH,18.59,MOB (Montreux-Oberland Bernois),day,0.04899697674418605,0.151,0.9108537976744187,2.80709,1.8962362023255814,90.3,Back-on-Track 2022,2026-03-22,3.081822798748855,0,short
EXT,Gstaad,Montreux,day,Gstaad → Montreux,CH,CH,28.97,MOB (Montreux-Oberland Bernois),day,0.04899697674418605,0.151,1.4194424162790698,4.37447,2.9550275837209297,90.2,Back-on-Track 2022,2026-03-22,3.081822798748855,0,short
R,Gstaad,Zweisimmen,day,Gstaad → Zweisimmen,CH,CH,11.16,MOB (Montreux-Oberland Bernois),day,0.04899697674418605,0.151,0.5468062604651164,1.68516,1.1383537395348835,90.1,Back-on-Track 2022,2026-03-22,3.0818227987488545,0,short
L25,Gueret,Limoges Benedictins,day,Gueret → Limoges Benedictins,FR,FR,60.37,SNCF,day,0.04899697674418605,0.151,2.957947486046512,9.11587,6.157922513953487,90.2,Back-on-Track 2022,2026-03-22,3.0818227987488545,0,short
L25,Montlucon,Gueret,day,Montlucon → Gueret,FR,FR,58.06,SNCF,day,0.04899697674418605,0.151,2.8447644697674423,8.76706,5.922295530232558,90.3,Back-on-Track 2022,2026-03-22,3.0818227987488545,0,short
P10,Guingamp,Lannion,day,Guingamp → Lannion,FR,FR,30.14,SNCF,day,0.04899697674418605,0.151,1.4767688790697675,4.55114,3.0743711209302327,90.3,Back-on-Track 2022,2026-03-22,3.081822798748855,0,short
P12,Paimpol,Guingamp,day,Paimpol → Guingamp,FR,FR,25.62,SNCF,day,0.04899697674418605,0.151,1.2553025441860466,3.86862,2.613317455813953,90.2,Back-on-Track 2022,2026-03-22,3.081822798748855,0,short
S2,Gumligen,Laupen Be,day,Gumligen → Laupen Be,CH,CH,20.35,BLS-bls (BLS AG (bls)),day,0.04899697674418605,0.151,0.9970884767441862,3.0728500000000003,2.075761523255814,90.4,Back-on-Track 2022,2026-03-22,3.081822798748855,0,short
P57,Verdun,Hagondange,day,Verdun → Hagondange,FR,FR,57.85,SNCF,day,0.04899697674418605,0.151,2.834475104651163,8.73535,5.900874895348837,90.3,Back-on-Track 2022,2026-03-22,3.081822798748855,0,short
P816,Haguenau Arret Ritmo Moulin Neuf,Ingwiller,day,Haguenau Arret Ritmo Moulin Neuf → Ingwiller,FR,FR,23.07,SNCF,day,0.04899697674418605,0.151,1.130360253488372,3.48357,2.3532097465116277,90.4,Back-on-Track 2022,2026-03-22,3.081822798748855,0,short
P816,Menchhoffen Abri,Haguenau Arret Ritmo Moulin Neuf,day,Menchhoffen Abri → Haguenau Arret Ritmo Moulin Neuf,FR,FR,21.33,SNCF,day,0.04899697674418605,0.151,1.0451055139534884,3.22083,2.1757244860465113,90.2,Back-on-Track 2022,2026-03-22,3.081822798748855,0,short
P816,Haguenau Arret Ritmo Moulin Neuf,Obermodern,day,Haguenau Arret Ritmo Moulin Neuf → Obermodern,FR,FR,17.34,SNCF,day,0.04899697674418605,0.151,0.8496075767441861,2.61834,1.768732423255814,90.4,Back-on-Track 2022,2026-03-22,3.081822798748855,0,short
P816,Saverne,Haguenau Arret Ritmo Moulin Neuf,day,Saverne → Haguenau Arret Ritmo Moulin Neuf,FR,FR,31.67,SNCF,day,0.04899697674418605,0.151,1.5517342534883722,4.78217,3.2304357465116276,90.4,Back-on-Track 2022,2026-03-22,3.0818227987488545,0,short
C36+,Haguenau,Mertzwiller,day,Haguenau → Mertzwiller,FR,FR,10.05,SNCF,day,0.04899697674418605,0.151,0.4924196162790698,1.51755,1.02513038372093,90.3,Back-on-Track 2022,2026-03-22,3.0818227987488545,0,short
C36,Haguenau,Niederbronn Les Bains,day,Haguenau → Niederbronn les Bains,FR,FR,18.89,SNCF,day,0.04899697674418605,0.151,0.9255528906976745,2.85239,1.9268371093023258,90.4,Back-on-Track 2022,2026-03-22,3.081822798748855,0,short
C35,Strasbourg,Haguenau,day,Strasbourg → Haguenau,FR,FR,25.65,SNCF,day,0.04899697674418605,0.151,1.2567724534883722,3.87315,2.616377546511628,90.2,Back-on-Track 2022,2026-03-22,3.0818227987488545,0,short
C35,Haguenau,Vendenheim,day,Haguenau → Vendenheim,FR,FR,17.09,SNCF,day,0.04899697674418605,0.151,0.8373583325581396,2.58059,1.7432316674418602,90.2,Back-on-Track 2022,2026-03-22,3.0818227987488545,0,short
C37+,Haguenau,Wissembourg,day,Haguenau → Wissembourg,FR,FR,27.2,SNCF,day,0.04899697674418605,0.151,1.3327177674418604,4.1072,2.7744822325581393,90.3,Back-on-Track 2022,2026-03-22,3.081822798748855,0,short
P37,Haguenau,Wissembourg Lycee Stanislas,day,Haguenau → Wissembourg Lycee Stanislas,FR,FR,27.84,SNCF,day,0.04899697674418605,0.151,1.3640758325581397,4.20384,2.83976416744186,90.3,Back-on-Track 2022,2026-03-22,3.0818227987488545,0,short
Hannover Hbf → Hamburg-Altona,Hannover Hbf,Hamburg Altona,night,Hannover → Hamburg Altona,DE,DE,131.4,DB,night,0.04899697674418605,0.151,6.438202744186047,19.8414,13.403197255813954,90.3,Back-on-Track 2022,2026-03-22,3.0818227987488545,0,short
Hamburg-Altona → Innsbruck Hbf,Hamburg Altona,Innsbruck Hbf,day,Hamburg Altona → Innsbruck,DE,DE,706.98,ÖBB,day,0.04899697674418605,0.151,34.63988261860465,106.75398,72.11409738139534,90.3,Back-on-Track 2022,2026-03-22,3.081822798748855,0,medium
Hamburg-Altona → Interlaken Ost,Hamburg Altona,Interlaken Ost,night,Hamburg Altona → Interlaken Ost,DE,DE,777.04,SBB,night,0.04899697674418605,0.151,38.072610809302326,117.33304,79.26042919069766,90.3,Back-on-Track 2022,2026-03-22,3.081822798748855,0,medium
Hamburg-Altona → Jena Paradies,Hamburg Altona,Jena Paradies,day,Hamburg Altona → Jena Paradies,DE,DE,313.09,DB,day,0.04899697674418605,0.151,15.340463448837209,47.27658999999999,31.936126551162783,90.3,Back-on-Track 2022,2026-03-22,3.0818227987488545,0,short
Hamburg-Altona → Karlsruhe Hbf,Hamburg Altona,Karlsruhe Hbf,day,Hamburg Altona → Karlsruhe,DE,DE,518.02,DB,day,0.04899697674418605,0.151,25.381413893023257,78.22102,52.83960610697674,90.3,Back-on-Track 2022,2026-03-22,3.0818227987488545,0,medium
Hamburg-Altona → Kassel-Wilhelmshöhe,Hamburg Altona,Kassel Wilhelmshohe,day,Hamburg Altona → Kassel Wilhelmshohe,DE,DE,251.22,DB,day,0.04899697674418605,0.151,12.30902049767442,37.934219999999996,25.62519950232558,90.3,Back-on-Track 2022,2026-03-22,3.0818227987488545,0,short
Hamburg-Altona → Koblenz Hbf,Hamburg Altona,Koblenz Hbf,day,Hamburg Altona → Koblenz,DE,DE,390.61,DB,day,0.04899697674418605,0.151,19.138709086046514,58.98211,39.84340091395349,90.3,Back-on-Track 2022,2026-03-22,3.0818227987488545,0,short
Köln Hbf → Hamburg-Altona,Koln Hbf,Hamburg Altona,night,Koln → Hamburg Altona,DE,DE,353.86,DB,night,0.04899697674418605,0.151,17.338070190697678,53.43286,36.09478980930232,90.3,Back-on-Track 2022,2026-03-22,3.081822798748854,0,short
Hamburg-Altona → Leipzig Hbf,Hamburg Altona,Leipzig Hbf,day,Hamburg Altona → Leipzig,DE,DE,296.16,DB,day,0.04899697674418605,0.151,14.510944632558141,44.72016,30.209215367441857,90.3,Back-on-Track 2022,2026-03-22,3.0818227987488545,0,short
Lutherstadt Wittenberg Hbf → Hamburg-Altona,Lutherstadt Wittenberg Hbf,Hamburg Altona,day,Lutherstadt Wittenberg → Hamburg Altona,DE,DE,262.36,DB,day,0.04899697674418605,0.151,12.854846818604653,39.61636,26.761513181395348,90.3,Back-on-Track 2022,2026-03-22,3.0818227987488545,0,short
Hamburg-Altona → München Hbf,Hamburg Altona,Munchen Hbf,night,Hamburg Altona → Munchen,DE,DE,612.49,DB,night,0.04899697674418605,0.151,30.010158286046515,92.48599,62.47583171395348,90.3,Back-on-Track 2022,2026-03-22,3.0818227987488545,0,medium
Hamburg-Altona → München Ost,Hamburg Altona,Munchen Ost,day,Hamburg Altona → Munchen Ost,DE,DE,614.5,DB,day,0.04899697674418605,0.151,30.108642209302328,92.7895,62.68085779069767,90.3,Back-on-Track 2022,2026-03-22,3.081822798748855,0,medium
Hamburg-Altona → Naumburg(Saale)Hbf,Hamburg Altona,Naumburg Saale Hbf,day,Hamburg Altona → Naumburg Saale,DE,DE,294.24,DB,day,0.04899697674418605,0.151,14.416870437209305,44.43024,30.013369562790693,90.3,Back-on-Track 2022,2026-03-22,3.0818227987488545,0,short
D17,Nurnberg Hauptbahnhof,Hamburg Altona,night,Nurnberg → Hamburg Altona,AT,AT,463.69,ÖBB,night,0.04899697674418605,0.151,22.71940814651163,70.01719,47.297781853488374,90.3,Back-on-Track 2022,2026-03-22,3.081822798748855,0,short
Hamburg-Altona → Offenburg,Hamburg Altona,Offenburg,day,Hamburg Altona → Offenburg,DE,DE,581.28,DB,day,0.04899697674418605,0.151,28.480962641860465,87.77328,59.292317358139535,90.3,Back-on-Track 2022,2026-03-22,3.081822798748855,0,medium
D3,Passau Hauptbahnhof,Hamburg Altona,night,Passau → Hamburg Altona,AT,AT,605.54,ÖBB,night,0.04899697674418605,0.151,29.66962929767442,91.43654,61.766910702325575,90.3,Back-on-Track 2022,2026-03-22,3.081822798748855,0,medium
Hamburg-Altona → Praha hl.n.,Hamburg Altona,Praha Hl N,day,Hamburg Altona → Praha Hl N,DE,DE,494.33,CD,day,0.04899697674418605,0.151,24.22067551395349,74.64383,50.4231544860465,90.3,Back-on-Track 2022,2026-03-22,3.0818227987488545,0,short
Rostock Hbf → Hamburg-Altona,Rostock Hbf,Hamburg Altona,night,Rostock → Hamburg Altona,DE,DE,155.54,DB,night,0.04899697674418605,0.151,7.620989762790698,23.486539999999998,15.8655502372093,90.3,Back-on-Track 2022,2026-03-22,3.0818227987488545,0,short
Hamburg-Altona → Schwarzach-St.Veit,Hamburg Altona,Schwarzach St Veit,day,Hamburg Altona → Schwarzach St Veit,DE,DE,729.55,ÖBB,day,0.04899697674418605,0.151,35.74574438372093,110.16205,74.41630561627906,90.3,Back-on-Track 2022,2026-03-22,3.0818227987488545,0,medium
Hamburg-Altona → Stralsund Hbf,Hamburg Altona,Stralsund Hbf,day,Hamburg Altona → Stralsund,DE,DE,222.19,DB,day,0.04899697674418605,0.151,10.886638262790699,33.550689999999996,22.6640517372093,90.3,Back-on-Track 2022,2026-03-22,3.081822798748854,0,short
Stuttgart Hbf → Hamburg-Altona,Stuttgart Hbf,Hamburg Altona,night,Stuttgart → Hamburg Altona,DE,DE,532.83,DB,night,0.04899697674418605,0.151,26.107059118604656,80.45733,54.350270881395346,90.3,Back-on-Track 2022,2026-03-22,3.0818227987488545,0,medium
Hamburg-Altona → Westerland(Sylt),Hamburg Altona,Westerland Sylt,day,Hamburg Altona → Westerland Sylt,DE,DE,183.89,DB,day,0.04899697674418605,0.151,9.010054053488373,27.767389999999995,18.757335946511624,90.3,Back-on-Track 2022,2026-03-22,3.081822798748854,0,short
Hamburg-Altona → Wien Hbf,Hamburg Altona,Wien Hbf,day,Hamburg Altona → Wien,DE,DE,748.05,ÖBB,day,0.04899697674418605,0.151,36.65218845348837,112.95554999999999,76.30336154651161,90.3,Back-on-Track 2022,2026-03-22,3.081822798748855,0,medium
Hamburg-Altona → Wien Hbf (Autoreisezuganlage),Hamburg Altona,Wien Hbf Autoreisezuganlage,day,Hamburg Altona → Wien Autoreisezuganlage,DE,DE,749.53,ÖBB,day,0.04899697674418605,0.151,36.72470397906977,113.17903,76.45432602093022,90.3,Back-on-Track 2022,2026-03-22,3.0818227987488545,0,medium
Wiesbaden Hbf → Hamburg-Altona,Wiesbaden Hbf,Hamburg Altona,night,Wiesbaden → Hamburg Altona,DE,DE,404.22,DB,night,0.04899697674418605,0.151,19.805557939534886,61.037220000000005,41.23166206046512,90.3,Back-on-Track 2022,2026-03-22,3.081822798748855,0,short
Hamburg-Altona → Wolfsburg Hbf,Hamburg Altona,Wolfsburg Hbf,night,Hamburg Altona → Wolfsburg,DE,DE,137.31,DB,night,0.04899697674418605,0.151,6.727774876744187,20.73381,14.006035123255812,90.3,Back-on-Track 2022,2026-03-22,3.0818227987488545,0,short
Hamburg-Altona → Zürich HB,Hamburg Altona,Zurich Hb,day,Hamburg Altona → Zurich Hb,DE,DE,693.6,SBB,day,0.04899697674418605,0.151,33.98430306976745,104.7336,70.74929693023255,90.3,Back-on-Track 2022,2026-03-22,3.081822798748854,0,medium
Hamburg-Bergedorf → Innsbruck Hbf,Hamburg Bergedorf,Innsbruck Hbf,day,Hamburg Bergedorf → Innsbruck,DE,DE,697.5,ÖBB,day,0.04899697674418605,0.151,34.17539127906977,105.32249999999999,71.14710872093022,90.3,Back-on-Track 2022,2026-03-22,3.0818227987488545,0,medium
ICE 22,Hamburg Dammtor,Hannover Hbf,day,Hamburg Dammtor → Hannover,DE,DE,132.7,DB,day,0.04899697674418605,0.151,6.501898813953488,20.037699999999997,13.535801186046509,90.3,Back-on-Track 2022,2026-03-22,3.0818227987488545,0,short
Köln Hbf → Hamburg Dammtor,Koln Hbf,Hamburg Dammtor,night,Koln → Hamburg Dammtor,DE,DE,356.71,DB,night,0.04899697674418605,0.151,17.477711574418606,53.863209999999995,36.38549842558139,90.3,Back-on-Track 2022,2026-03-22,3.0818227987488545,0,short
ICE 25,Hamburg Dammtor,Munchen Hbf,day,Hamburg Dammtor → Munchen,DE,DE,612.67,DB,day,0.04899697674418605,0.151,30.018977741860464,92.51316999999999,62.49419225813952,90.3,Back-on-Track 2022,2026-03-22,3.0818227987488545,0,medium
Passau Hbf → Hamburg Dammtor,Passau Hbf,Hamburg Dammtor,night,Passau → Hamburg Dammtor,DE,DE,604.81,DB,night,0.04899697674418605,0.151,29.63386150465116,91.32630999999999,61.69244849534883,90.3,Back-on-Track 2022,2026-03-22,3.081822798748855,0,medium
Hamburg Dammtor → Stuttgart Hbf,Hamburg Dammtor,Stuttgart Hbf,day,Hamburg Dammtor → Stuttgart,DE,DE,534.11,DB,day,0.04899697674418605,0.151,26.16977524883721,80.65061,54.48083475116279,90.3,Back-on-Track 2022,2026-03-22,3.0818227987488545,0,medium
ICE 20,Hamburg Dammtor,Wiesbaden Hbf,day,Hamburg Dammtor → Wiesbaden,DE,DE,406.17,DB,day,0.04899697674418605,0.151,19.90110204418605,61.33167,41.430567955813956,90.3,Back-on-Track 2022,2026-03-22,3.0818227987488545,0,short
ICE 33,Hamburg Harburg S,Hannover Hbf,day,Hamburg Harburg S → Hannover,DE,DE,121.17,DB,day,0.04899697674418605,0.151,5.9369636720930234,18.29667,12.359706327906975,90.3,Back-on-Track 2022,2026-03-22,3.0818227987488545,0,short
Innsbruck Hbf → Hamburg-Harburg,Innsbruck Hbf,Hamburg Harburg,day,Innsbruck → Hamburg Harburg,DE,DE,695.77,DB,day,0.04899697674418605,0.151,34.090626509302325,105.06127,70.97064349069767,90.3,Back-on-Track 2022,2026-03-22,3.081822798748855,0,medium
Hamburg-Harburg → Interlaken Ost,Hamburg Harburg,Interlaken Ost,night,Hamburg Harburg → Interlaken Ost,DE,DE,767.29,SBB,night,0.04899697674418605,0.151,37.594890286046514,115.86079,78.26589971395347,90.3,Back-on-Track 2022,2026-03-22,3.0818227987488545,0,medium
Hamburg-Harburg → Karlsruhe Hbf,Hamburg Harburg,Karlsruhe Hbf,day,Hamburg Harburg → Karlsruhe,DE,DE,508.36,DB,day,0.04899697674418605,0.151,24.90810309767442,76.76236,51.85425690232558,90.3,Back-on-Track 2022,2026-03-22,3.081822798748855,0,medium
Hamburg-Harburg → Kassel-Wilhelmshöhe,Hamburg Harburg,Kassel Wilhelmshohe,day,Hamburg Harburg → Kassel Wilhelmshohe,DE,DE,241.12,DB,day,0.04899697674418605,0.151,11.81415103255814,36.40912,24.59496896744186,90.3,Back-on-Track 2022,2026-03-22,3.081822798748855,0,short
Hamburg-Harburg → Koblenz Hbf,Hamburg Harburg,Koblenz Hbf,day,Hamburg Harburg → Koblenz,DE,DE,382.56,DB,day,0.04899697674418605,0.151,18.744283423255816,57.76656,39.02227657674418,90.3,Back-on-Track 2022,2026-03-22,3.0818227987488545,0,short
Köln Hbf → Hamburg-Harburg,Koln Hbf,Hamburg Harburg,night,Koln → Hamburg Harburg,DE,DE,347.5,DB,night,0.04899697674418605,0.151,17.026449418604653,52.4725,35.44605058139534,90.3,Back-on-Track 2022,2026-03-22,3.0818227987488545,0,short
Hamburg-Harburg → München Hbf,Hamburg Harburg,Munchen Hbf,night,Hamburg Harburg → Munchen,DE,DE,601.2,DB,night,0.04899697674418605,0.151,29.456982418604657,90.7812,61.324217581395345,90.3,Back-on-Track 2022,2026-03-22,3.0818227987488545,0,medium
Nürnberg Hbf → Hamburg-Harburg,Nurnberg Hbf,Hamburg Harburg,night,Nurnberg → Hamburg Harburg,DE,DE,452.28,DB,night,0.04899697674418605,0.151,22.160352641860467,68.29428,46.13392735813953,90.3,Back-on-Track 2022,2026-03-22,3.081822798748855,0,short
Passau Hbf → Hamburg-Harburg,Passau Hbf,Hamburg Harburg,night,Passau → Hamburg Harburg,DE,DE,594.2,DB,night,0.04899697674418605,0.151,29.114003581395355,89.72420000000001,60.61019641860466,90.3,Back-on-Track 2022,2026-03-22,3.0818227987488545,0,medium
Regensburg Hbf → Hamburg-Harburg,Regensburg Hbf,Hamburg Harburg,day,Regensburg → Hamburg Harburg,DE,DE,515.45,DB,day,0.04899697674418605,0.151,25.255491662790703,77.83295000000001,52.57745833720931,90.3,Back-on-Track 2022,2026-03-22,3.081822798748855,0,medium
Rostock Hbf → Hamburg-Harburg,Rostock Hbf,Hamburg Harburg,night,Rostock → Hamburg Harburg,DE,DE,156.71,DB,night,0.04899697674418605,0.151,7.678316225581397,23.66321,15.984893774418602,90.3,Back-on-Track 2022,2026-03-22,3.0818227987488545,0,short
Hamburg-Harburg → Schwarzach-St.Veit,Hamburg Harburg,Schwarzach St Veit,day,Hamburg Harburg → Schwarzach St Veit,DE,DE,718.15,ÖBB,day,0.04899697674418605,0.151,35.18717884883721,108.44064999999999,73.25347115116278,90.3,Back-on-Track 2022,2026-03-22,3.0818227987488545,0,medium
Stralsund Hbf → Hamburg-Harburg,Stralsund Hbf,Hamburg Harburg,night,Stralsund → Hamburg Harburg,DE,DE,223.34,DB,night,0.04899697674418605,0.151,10.942984786046512,33.72434,22.781355213953486,90.3,Back-on-Track 2022,2026-03-22,3.0818227987488545,0,short
ICE 22,Stuttgart Hbf,Hamburg Harburg S,day,Stuttgart → Hamburg Harburg S,DE,DE,522.46,DB,day,0.04899697674418605,0.151,25.598960469767444,78.89146000000001,53.29249953023256,90.3,Back-on-Track 2022,2026-03-22,3.081822798748855,0,medium
Hamburg-Harburg → Stuttgart Hbf,Hamburg Harburg,Stuttgart Hbf,day,Hamburg Harburg → Stuttgart,DE,DE,522.54,DB,day,0.04899697674418605,0.151,25.602880227906976,78.90353999999999,53.30065977209301,90.3,Back-on-Track 2022,2026-03-22,3.081822798748855,0,medium
Hamburg-Harburg → Wien Hbf,Hamburg Harburg,Wien Hbf,day,Hamburg Harburg → Wien,DE,DE,737.39,ÖBB,day,0.04899697674418605,0.151,36.12988068139535,111.34589,75.21600931860465,90.3,Back-on-Track 2022,2026-03-22,3.081822798748855,0,medium
Hamburg-Harburg → Wiesbaden Hbf,Hamburg Harburg,Wiesbaden Hbf,day,Hamburg Harburg → Wiesbaden,DE,DE,395.13,DB,day,0.04899697674418605,0.151,19.360175420930233,59.664629999999995,40.30445457906976,90.3,Back-on-Track 2022,2026-03-22,3.0818227987488545,0,short
Hamburg-Harburg → Zürich HB,Hamburg Harburg,Zurich Hb,day,Hamburg Harburg → Zurich Hb,DE,DE,683.55,SBB,day,0.04899697674418605,0.151,33.49188345348837,103.21605,69.72416654651163,90.3,Back-on-Track 2022,2026-03-22,3.081822798748855,0,medium
Hannover Hbf → Hamburg Hbf,Hannover Hbf,Hamburg Hbf,night,Hannover → Hamburg,DE,DE,131.97,DB,night,0.04899697674418605,0.151,6.466131020930233,19.92747,13.461338979069765,90.3,Back-on-Track 2022,2026-03-22,3.0818227987488545,0,short
Hamburg Hbf → Innsbruck Hbf,Hamburg Hbf,Innsbruck Hbf,day,Hamburg → Innsbruck,DE,DE,706.26,ÖBB,day,0.04899697674418605,0.151,34.60460479534884,106.64526,72.04065520465116,90.3,Back-on-Track 2022,2026-03-22,3.0818227987488545,0,medium
Interlaken Ost → Hamburg Hbf,Interlaken Ost,Hamburg Hbf,day,Interlaken Ost → Hamburg,DE,DE,778.02,DB,day,0.04899697674418605,0.151,38.12062784651163,117.48101999999999,79.36039215348836,90.3,Back-on-Track 2022,2026-03-22,3.0818227987488545,0,medium
Hamburg Hbf → Jena Paradies,Hamburg Hbf,Jena Paradies,day,Hamburg → Jena Paradies,DE,DE,311.38,DB,day,0.04899697674418605,0.151,15.256678618604653,47.01838,31.761701381395348,90.3,Back-on-Track 2022,2026-03-22,3.0818227987488545,0,short
Karlsruhe Hbf → Hamburg Hbf,Karlsruhe Hbf,Hamburg Hbf,night,Karlsruhe → Hamburg,DE,DE,519.07,DB,night,0.04899697674418605,0.151,25.432860718604655,78.37957,52.94670928139534,90.3,Back-on-Track 2022,2026-03-22,3.0818227987488545,0,medium
Hamburg Hbf → Koebenhavn H,Hamburg Hbf,Koebenhavn H,night,Hamburg → Koebenhavn H,DE,DE,287.53,DSB,night,0.04899697674418605,0.151,14.088100723255813,43.41703,29.328929276744184,90.3,Back-on-Track 2022,2026-03-22,3.081822798748855,0,short
Koebenhavns Lufthavn st → Hamburg Hbf,Koebenhavns Lufthavn St,Hamburg Hbf,night,Koebenhavns Lufthavn St → Hamburg,DE,DE,286.86,DB,night,0.04899697674418605,0.151,14.055272748837211,43.31586,29.26058725116279,90.3,Back-on-Track 2022,2026-03-22,3.0818227987488545,0,short
Hamburg Hbf → Köln Hbf,Hamburg Hbf,Koln Hbf,day,Hamburg → Koln,DE,DE,356.68,DB,day,0.04899697674418605,0.151,17.47624166511628,53.85868,36.382438334883716,90.3,Back-on-Track 2022,2026-03-22,3.081822798748855,0,short
ICE 24,Kufstein,Hamburg Hbf,day,Kufstein → Hamburg,DE,DE,680.99,DB,day,0.04899697674418605,0.151,33.36645119302326,102.82948999999999,69.46303880697673,90.3,Back-on-Track 2022,2026-03-22,3.0818227987488545,0,medium
Hamburg Hbf → Leipzig Hbf,Hamburg Hbf,Leipzig Hbf,day,Hamburg → Leipzig,DE,DE,293.47,DB,day,0.04899697674418605,0.151,14.379142765116281,44.313970000000005,29.934827234883723,90.3,Back-on-Track 2022,2026-03-22,3.081822798748855,0,short
Hamburg Hbf → München Hbf,Hamburg Hbf,Munchen Hbf,night,Hamburg → Munchen,DE,DE,611.58,DB,night,0.04899697674418605,0.151,29.96557103720931,92.34858,62.38300896279069,90.3,Back-on-Track 2022,2026-03-22,3.0818227987488545,0,medium
Nürnberg Hbf → Hamburg Hbf,Nurnberg Hbf,Hamburg Hbf,night,Nurnberg → Hamburg,DE,DE,462.71,DB,night,0.04899697674418605,0.151,22.671391109302327,69.86921,47.19781889069767,90.3,Back-on-Track 2022,2026-03-22,3.0818227987488545,0,short
Hamburg Hbf → Nykoebing F st,Hamburg Hbf,Nykoebing F St,day,Hamburg → Nykoebing F St,DE,DE,181.82,DSB,day,0.04899697674418605,0.151,8.908630311627908,27.454819999999998,18.54618968837209,90.3,Back-on-Track 2022,2026-03-22,3.0818227987488545,0,short
Oesterport st → Hamburg Hbf,Oesterport St,Hamburg Hbf,day,Oesterport St → Hamburg,DE,DE,290.17,DB,day,0.04899697674418605,0.151,14.217452741860468,43.815670000000004,29.598217258139535,90.3,Back-on-Track 2022,2026-03-22,3.0818227987488545,0,short
IC 33,Hamburg Hbf,Ostseebad Binz,day,Hamburg → Ostseebad Binz,DE,DE,253.34,DB,day,0.04899697674418605,0.151,12.412894088372095,38.25434,25.841445911627904,90.3,Back-on-Track 2022,2026-03-22,3.0818227987488545,0,short
EC 75,Hamburg Hbf,Padborg St,day,Hamburg → Padborg St,DE,DE,147.54,DB,day,0.04899697674418605,0.151,7.22901394883721,22.27854,15.04952605116279,90.3,Back-on-Track 2022,2026-03-22,3.0818227987488545,0,short
Passau Hbf → Hamburg Hbf,Passau Hbf,Hamburg Hbf,night,Passau → Hamburg,DE,DE,603.52,DB,night,0.04899697674418605,0.151,29.570655404651163,91.13152,61.56086459534883,90.3,Back-on-Track 2022,2026-03-22,3.081822798748855,0,medium
Hamburg Hbf → Roedby,Hamburg Hbf,Roedby,day,Hamburg → Roedby,DE,DE,150.97,DB,day,0.04899697674418605,0.151,7.397073579069768,22.79647,15.39939642093023,90.3,Back-on-Track 2022,2026-03-22,3.0818227987488545,0,short
Hamburg Hbf → Rostock Hbf,Hamburg Hbf,Rostock Hbf,day,Hamburg → Rostock,DE,DE,151.19,DB,day,0.04899697674418605,0.151,7.407852913953489,22.82969,15.42183708604651,90.3,Back-on-Track 2022,2026-03-22,3.0818227987488545,0,short
Schwarzach-St.Veit → Hamburg Hbf,Schwarzach St Veit,Hamburg Hbf,day,Schwarzach St Veit → Hamburg,DE,DE,727.99,DB,day,0.04899697674418605,0.151,35.66930910000001,109.92649,74.2571809,90.3,Back-on-Track 2022,2026-03-22,3.0818227987488545,0,medium
Stralsund Hbf → Hamburg Hbf,Stralsund Hbf,Hamburg Hbf,night,Stralsund → Hamburg,DE,DE,217.85,DB,night,0.04899697674418605,0.151,10.673991383720931,32.89535,22.22135861627907,90.3,Back-on-Track 2022,2026-03-22,3.0818227987488545,0,short
Stuttgart Hbf → Hamburg Hbf,Stuttgart Hbf,Hamburg Hbf,night,Stuttgart → Hamburg,DE,DE,533.35,DB,night,0.04899697674418605,0.151,26.13253754651163,80.53585,54.40331245348837,90.3,Back-on-Track 2022,2026-03-22,3.0818227987488545,0,medium
Hamburg Hbf → Wien Hbf (Autoreisezuganlage),Hamburg Hbf,Wien Hbf Autoreisezuganlage,day,Hamburg → Wien Autoreisezuganlage,DE,DE,746.51,ÖBB,day,0.04899697674418605,0.151,36.57673310930233,112.72301,76.14627689069766,90.3,Back-on-Track 2022,2026-03-22,3.0818227987488545,0,medium
Wiesbaden Hbf → Hamburg Hbf,Wiesbaden Hbf,Hamburg Hbf,night,Wiesbaden → Hamburg,DE,DE,405.67,DB,night,0.04899697674418605,0.151,19.876603555813954,61.25617,41.37956644418604,90.3,Back-on-Track 2022,2026-03-22,3.081822798748855,0,short
Hamburg Hbf → Zürich HB,Hamburg Hbf,Zurich Hb,day,Hamburg → Zurich Hb,DE,DE,694.34,SBB,day,0.04899697674418605,0.151,34.02056083255815,104.84534000000001,70.82477916744186,90.3,Back-on-Track 2022,2026-03-22,3.0818227987488545,0,medium
Hannover Hbf → Innsbruck Hbf,Hannover Hbf,Innsbruck Hbf,day,Hannover → Innsbruck,DE,DE,580.89,ÖBB,day,0.04899697674418605,0.151,28.461853820930234,87.71439,59.252536179069764,90.3,Back-on-Track 2022,2026-03-22,3.0818227987488545,0,medium
Hannover Hbf → Karlsruhe Hbf,Hannover Hbf,Karlsruhe Hbf,night,Hannover → Karlsruhe,DE,DE,387.83,DB,night,0.04899697674418605,0.151,19.002497490697674,58.562329999999996,39.559832509302325,90.3,Back-on-Track 2022,2026-03-22,3.081822798748855,0,short
Hannover Hbf → Kassel-Wilhelmshöhe,Hannover Hbf,Kassel Wilhelmshohe,day,Hannover → Kassel Wilhelmshohe,DE,DE,119.99,DB,day,0.04899697674418605,0.151,5.879147239534884,18.118489999999998,12.239342760465114,90.3,Back-on-Track 2022,2026-03-22,3.0818227987488545,0,short
Hannover Hbf → Köln Hbf,Hannover Hbf,Koln Hbf,day,Hannover → Koln,DE,DE,249.46,DB,day,0.04899697674418605,0.151,12.222785818604653,37.66846,25.44567418139535,90.3,Back-on-Track 2022,2026-03-22,3.081822798748855,0,short
Hannover Hbf → Leer(Ostfriesl),Hannover Hbf,Leer Ostfriesl,day,Hannover → Leer Ostfriesl,DE,DE,180.09,DB,day,0.04899697674418605,0.151,8.823865541860465,27.19359,18.369724458139537,90.3,Back-on-Track 2022,2026-03-22,3.081822798748855,0,short
Hannover Hbf → Leipzig Hbf,Hannover Hbf,Leipzig Hbf,night,Hannover → Leipzig,DE,DE,214.56,DB,night,0.04899697674418605,0.151,10.51279133023256,32.398559999999996,21.885768669767437,90.3,Back-on-Track 2022,2026-03-22,3.081822798748854,0,short
Hannover Hbf → München Hbf,Hannover Hbf,Munchen Hbf,night,Hannover → Munchen,DE,DE,488.43,DB,night,0.04899697674418605,0.151,23.931593351162793,73.75292999999999,49.8213366488372,90.3,Back-on-Track 2022,2026-03-22,3.0818227987488545,0,short
ICE 77,Hannover Hbf,Munster Westf Hbf,day,Hannover → Munster Westf,DE,DE,150.99,DB,day,0.04899697674418605,0.151,7.3980535186046525,22.799490000000002,15.40143648139535,90.3,Back-on-Track 2022,2026-03-22,3.0818227987488545,0,short
Hannover Hbf → Norddeich,Hannover Hbf,Norddeich,day,Hannover → Norddeich,DE,DE,221.27,DB,day,0.04899697674418605,0.151,10.841561044186047,33.41177,22.57020895581395,90.3,Back-on-Track 2022,2026-03-22,3.0818227987488545,0,short
Norddeich Mole → Hannover Hbf,Norddeich Mole,Hannover Hbf,day,Norddeich Mole → Hannover,DE,DE,221.57,DB,day,0.04899697674418605,0.151,10.856260137209302,33.457069999999995,22.60080986279069,90.3,Back-on-Track 2022,2026-03-22,3.0818227987488545,0,short
Hannover Hbf → Offenburg,Hannover Hbf,Offenburg,night,Hannover → Offenburg,DE,DE,451.9,DB,night,0.04899697674418605,0.151,22.141733790697675,68.23689999999999,46.09516620930232,90.3,Back-on-Track 2022,2026-03-22,3.0818227987488545,0,short
Hannover Hbf → Oldenburg(Oldb),Hannover Hbf,Oldenburg Oldb,night,Hannover → Oldenburg Oldb,DE,DE,133.12,DB,night,0.04899697674418605,0.151,6.522477544186048,20.10112,13.578642455813954,90.3,Back-on-Track 2022,2026-03-22,3.0818227987488545,0,short
Hannover Hbf → Stralsund Hbf,Hannover Hbf,Stralsund Hbf,night,Hannover → Stralsund,DE,DE,308.48,DB,night,0.04899697674418605,0.151,15.114587386046514,46.58048,31.465892613953486,90.3,Back-on-Track 2022,2026-03-22,3.0818227987488545,0,short
Hannover Hbf → Stuttgart Hbf,Hannover Hbf,Stuttgart Hbf,day,Hannover → Stuttgart,DE,DE,401.43,DB,day,0.04899697674418605,0.151,19.668856374418606,60.61593,40.947073625581396,90.3,Back-on-Track 2022,2026-03-22,3.0818227987488545,0,short
ICE 77,Utrecht Centraal,Hannover Hbf,day,Utrecht Centraal → Hannover,DE,DE,316.95,DB,day,0.04899697674418605,0.151,15.529591779069769,47.859449999999995,32.32985822093023,90.3,Back-on-Track 2022,2026-03-22,3.0818227987488545,0,short
Wolfsburg Hbf → Hannover Hbf,Wolfsburg Hbf,Hannover Hbf,day,Wolfsburg → Hannover,DE,DE,71.25,DB,day,0.04899697674418605,0.151,3.4910345930232562,10.75875,7.267715406976743,90.3,Back-on-Track 2022,2026-03-22,3.0818227987488545,0,short
REX92,Hartberg Bahnhof,Wien Hauptbahnhof,night,Hartberg → Wien,AT,AT,104.69,ÖBB,night,0.04899697674418605,0.151,5.129493495348838,15.80819,10.678696504651162,90.3,Back-on-Track 2022,2026-03-22,3.0818227987488545,0,short
REX92,Hartberg Bahnhof,Wien Meidling,night,Hartberg → Wien Meidling,AT,AT,102.71,ÖBB,night,0.04899697674418605,0.151,5.032479481395349,15.509209999999998,10.476730518604649,90.3,Back-on-Track 2022,2026-03-22,3.0818227987488545,0,short
S42,Hasle Ruegsau,Konolfingen,day,Hasle Ruegsau → Konolfingen,CH,CH,15.29,BLS-bls (BLS AG (bls)),day,0.04899697674418605,0.151,0.7491637744186047,2.3087899999999997,1.559626225581395,90.5,Back-on-Track 2022,2026-03-22,3.0818227987488545,0,short
S4,Langnau I E,Hasle Ruegsau,day,Langnau I E → Hasle Ruegsau,CH,CH,13.0,BLS-bls (BLS AG (bls)),day,0.04899697674418605,0.151,0.6369606976744187,1.9629999999999999,1.3260393023255812,90.4,Back-on-Track 2022,2026-03-22,3.0818227987488545,0,short
S4,Hasle Ruegsau,Thun,day,Hasle Ruegsau → Thun,CH,CH,29.13,BLS-bls (BLS AG (bls)),day,0.04899697674418605,0.151,1.4272819325581396,4.39863,2.97134806744186,90.2,Back-on-Track 2022,2026-03-22,3.0818227987488545,0,short
C70,Lille Flandres,Hazebrouck,day,Lille Flandres → Hazebrouck,FR,FR,38.5,SNCF,day,0.04899697674418605,0.151,1.886383604651163,5.8134999999999994,3.927116395348836,90.3,Back-on-Track 2022,2026-03-22,3.081822798748854,0,short
P54,Hazebrouck,Saint Omer,day,Hazebrouck → Saint Omer,FR,FR,19.6,SNCF,day,0.04899697674418605,0.151,0.9603407441860466,2.9596,1.9992592558139535,90.4,Back-on-Track 2022,2026-03-22,3.0818227987488545,0,short
261C,Paris Gare Du Nord,Hazebrouck,day,Paris du Nord → Hazebrouck,FR,FR,205.57,SNCF,day,0.04899697674418605,0.151,10.072308509302326,31.041069999999998,20.968761490697673,90.3,Back-on-Track 2022,2026-03-22,3.0818227987488545,0,short
A11,Kufstein Bahnhof,Hegyeshalom Palyaudvar,night,Kufstein → Hegyeshalom Palyaudvar,AT,AT,374.16,ÖBB,night,0.04899697674418605,0.151,18.332708818604655,56.49816,38.16545118139534,90.3,Back-on-Track 2022,2026-03-22,3.0818227987488545,0,short
A3,Linz Donau Hauptbahnhof 7,Hegyeshalom Palyaudvar,night,Linz Donau 7 → Hegyeshalom Palyaudvar,AT,AT,216.07,ÖBB,night,0.04899697674418605,0.151,10.58677676511628,32.62657,22.03979323488372,90.3,Back-on-Track 2022,2026-03-22,3.081822798748855,0,short
A3,Hegyeshalom Palyaudvar,Salzburg Hauptbahnhof,night,Hegyeshalom Palyaudvar → Salzburg,AT,AT,306.11,ÖBB,night,0.04899697674418605,0.151,14.998464551162792,46.22261,31.224145448837213,90.3,Back-on-Track 2022,2026-03-22,3.081822798748855,0,short
Kassel-Wilhelmshöhe → Heidelberg Hbf,Kassel Wilhelmshohe,Heidelberg Hbf,night,Kassel Wilhelmshohe → Heidelberg,DE,DE,219.27,DB,night,0.04899697674418605,0.151,10.743567090697676,33.10977,22.366202909302324,90.3,Back-on-Track 2022,2026-03-22,3.0818227987488545,0,short
RB,Korntal,Heimerdingen,day,Korntal → Heimerdingen,CH,CH,10.32,VHB (FPLAN VHB SBP),day,0.04899697674418605,0.151,0.5056488,1.55832,1.0526711999999998,90.6,Back-on-Track 2022,2026-03-22,3.081822798748855,0,short
421A,Paris Montparnasse Hall 1 2,Hendaye,day,Paris Montparnasse Hall 1 2 → Hendaye,FR,FR,687.1,SNCF,day,0.04899697674418605,0.151,33.66582272093024,103.7521,70.08627727906976,90.3,Back-on-Track 2022,2026-03-22,3.0818227987488545,0,medium
L53,Hendaye,Pau,day,Hendaye → Pau,FR,FR,114.43,SNCF,day,0.04899697674418605,0.151,5.6067240488372105,17.27893,11.672205951162788,90.3,Back-on-Track 2022,2026-03-22,3.081822798748854,0,short
L53,Hendaye,Tarbes,day,Hendaye → Tarbes,FR,FR,150.34,SNCF,day,0.04899697674418605,0.151,7.366205483720931,22.70134,15.335134516279068,90.3,Back-on-Track 2022,2026-03-22,3.0818227987488545,0,short
552A,Hendaye,Toulouse Matabiau,day,Hendaye → Toulouse Matabiau,FR,FR,262.59,SNCF,day,0.04899697674418605,0.151,12.866116123255814,39.651089999999996,26.784973876744182,90.3,Back-on-Track 2022,2026-03-22,3.0818227987488545,0,short
ICE,Hengelo,Hilversum,day,Hengelo → Hilversum,DE,DE,109.84,NS,day,0.04899697674418605,0.151,5.381827925581396,16.58584,11.204012074418605,90.3,Back-on-Track 2022,2026-03-22,3.081822798748855,0,short
S12,Henggart,Schaffhausen,day,Henggart → Schaffhausen,CH,CH,15.41,SBB (Schweizerische Bundesbahnen SBB),day,0.04899697674418605,0.151,0.755043411627907,2.32691,1.5718665883720928,90.1,Back-on-Track 2022,2026-03-22,3.0818227987488545,0,short
RB,Herbertingen,Sigmaringen,day,Herbertingen → Sigmaringen,CH,CH,14.5,DB Regio (DB Regio AG Baden-Württemberg),day,0.04899697674418605,0.151,0.7104561627906978,2.1895,1.479043837209302,90.4,Back-on-Track 2022,2026-03-22,3.081822798748854,0,short
RE,Triberg,Herbertingen,day,Triberg → Herbertingen,CH,CH,87.81,DB Regio (DB Regio AG Baden-Württemberg),day,0.04899697674418605,0.151,4.302424527906977,13.25931,8.956885472093022,90.3,Back-on-Track 2022,2026-03-22,3.0818227987488545,0,short
RE,Villingen Schwarzw,Herbertingen,day,Villingen Schwarzw → Herbertingen,CH,CH,70.49,DB Regio (DB Regio AG Baden-Württemberg),day,0.04899697674418605,0.151,3.4537968906976744,10.643989999999999,7.190193109302324,90.2,Back-on-Track 2022,2026-03-22,3.0818227987488545,0,short
S62,Herblingen,Konstanz,day,Herblingen → Konstanz,CH,CH,38.95,SBB (SBB GmbH),day,0.04899697674418605,0.151,1.9084322441860468,5.88145,3.9730177558139532,90.2,Back-on-Track 2022,2026-03-22,3.0818227987488545,0,short
S62,Singen Hohentwiel,Herblingen,day,Singen Hohentwiel → Herblingen,CH,CH,14.02,SBB (SBB GmbH),day,0.04899697674418605,0.151,0.6869376139534884,2.1170199999999997,1.4300823860465113,90.1,Back-on-Track 2022,2026-03-22,3.0818227987488545,0,short
RE,Herisau,Konstanz,day,Herisau → Konstanz,CH,CH,30.79,THURBO (THURBO),day,0.04899697674418605,0.151,1.5086169139534884,4.64929,3.1406730860465113,90.3,Back-on-Track 2022,2026-03-22,3.0818227987488545,0,short
RE,Herisau,Romanshorn,day,Herisau → Romanshorn,CH,CH,20.97,THURBO (THURBO),day,0.04899697674418605,0.151,1.0274666023255814,3.16647,2.1390033976744185,90.4,Back-on-Track 2022,2026-03-22,3.081822798748855,0,short
S16,Zurich Flughafen,Herrliberg Feldmeilen,day,Zurich Flughafen → Herrliberg Feldmeilen,CH,CH,19.12,SBB (Schweizerische Bundesbahnen SBB),day,0.04899697674418605,0.151,0.9368221953488374,2.88712,1.9502978046511625,90.2,Back-on-Track 2022,2026-03-22,3.0818227987488545,0,short
S16,Zurich Hardbrucke,Herrliberg Feldmeilen,day,Zurich Hardbrucke → Herrliberg Feldmeilen,CH,CH,13.57,SBB (Schweizerische Bundesbahnen SBB),day,0.04899697674418605,0.151,0.6648889744186047,2.04907,1.384181025581395,90.3,Back-on-Track 2022,2026-03-22,3.0818227987488545,0,short
S16,Herrliberg Feldmeilen,Zurich Hb,day,Herrliberg Feldmeilen → Zurich Hb,CH,CH,12.03,SBB (Schweizerische Bundesbahnen SBB),day,0.04899697674418605,0.151,0.5894336302325581,1.8165299999999998,1.2270963697674415,90.2,Back-on-Track 2022,2026-03-22,3.0818227987488545,0,short
RB,Herrlingen,Sigmaringen,day,Herrlingen → Sigmaringen,CH,CH,62.1,DB Regio (DB Regio AG Baden-Württemberg),day,0.04899697674418605,0.151,3.042712255813954,9.3771,6.3343877441860466,90.3,Back-on-Track 2022,2026-03-22,3.081822798748855,0,short
RE,Triberg,Herrlingen,day,Triberg → Herrlingen,CH,CH,126.73,DB Regio (DB Regio AG Baden-Württemberg),day,0.04899697674418605,0.151,6.209386862790699,19.13623,12.926843137209303,90.3,Back-on-Track 2022,2026-03-22,3.0818227987488545,0,short
RE,Villingen Schwarzw,Herrlingen,day,Villingen Schwarzw → Herrlingen,CH,CH,113.38,DB Regio (DB Regio AG Baden-Württemberg),day,0.04899697674418605,0.151,5.555277223255814,17.120379999999997,11.565102776744183,90.3,Back-on-Track 2022,2026-03-22,3.0818227987488545,0,short
C38,Strasbourg,Herrlisheim,day,Strasbourg → Herrlisheim,FR,FR,20.49,SNCF,day,0.04899697674418605,0.151,1.003948053488372,3.09399,2.0900419465116276,90.2,Back-on-Track 2022,2026-03-22,3.081822798748855,0,short
ICE 13,Karlsruhe Hbf,Hildesheim Hbf,day,Karlsruhe → Hildesheim,DE,DE,368.79,DB,day,0.04899697674418605,0.151,18.069595053488374,55.687290000000004,37.617694946511634,90.3,Back-on-Track 2022,2026-03-22,3.081822798748855,0,short
S14,Hinwil,Zurich Altstetten,day,Hinwil → Zurich Altstetten,CH,CH,28.31,SBB (Schweizerische Bundesbahnen SBB),day,0.04899697674418605,0.151,1.387104411627907,4.2748099999999996,2.887705588372093,90.2,Back-on-Track 2022,2026-03-22,3.0818227987488545,0,short
S14,Zurich Hb,Hinwil,day,Zurich Hb → Hinwil,CH,CH,24.18,SBB (Schweizerische Bundesbahnen SBB),day,0.04899697674418605,0.151,1.1847468976744187,3.6511799999999996,2.466433102325581,90.2,Back-on-Track 2022,2026-03-22,3.0818227987488545,0,short
P64,Hirson Ecoles,Laon,day,Hirson Ecoles → Laon,FR,FR,51.84,SNCF Voyageurs EA,day,0.04899697674418605,0.151,2.540003274418605,7.82784,5.2878367255813945,90.2,Back-on-Track 2022,2026-03-22,3.0818227987488545,0,short
P64,Marle Sur Serre,Hirson Ecoles,day,Marle Sur Serre → Hirson Ecoles,FR,FR,30.39,SNCF Voyageurs EA,day,0.04899697674418605,0.151,1.4890181232558142,4.58889,3.099871876744186,90.2,Back-on-Track 2022,2026-03-22,3.0818227987488545,0,short
P64,Laon,Hirson,day,Laon → Hirson,FR,FR,50.55,SNCF Voyageurs EA,day,0.04899697674418605,0.151,2.476797174418605,7.633049999999999,5.156252825581394,90.2,Back-on-Track 2022,2026-03-22,3.0818227987488545,0,short
K61,Hirson,Lille Flandres,night,Hirson → Lille Flandres,FR,FR,107.9,SNCF,night,0.04899697674418605,0.151,5.2867737906976755,16.2929,11.006126209302323,90.3,Back-on-Track 2022,2026-03-22,3.081822798748854,0,short
P64,Marle Sur Serre,Hirson,day,Marle Sur Serre → Hirson,FR,FR,29.25,SNCF Voyageurs EA,day,0.04899697674418605,0.151,1.433161569767442,4.4167499999999995,2.9835884302325573,90.3,Back-on-Track 2022,2026-03-22,3.0818227987488545,0,short
K61,Hirson,Valenciennes,day,Hirson → Valenciennes,FR,FR,64.21,SNCF,day,0.04899697674418605,0.151,3.146095876744186,9.695709999999998,6.549614123255813,90.3,Back-on-Track 2022,2026-03-22,3.0818227987488545,0,short
S9,Hochdorf,Lenzburg,day,Hochdorf → Lenzburg,CH,CH,26.48,SBB (Schweizerische Bundesbahnen SBB),day,0.04899697674418605,0.151,1.2974399441860467,3.99848,2.7010400558139533,90.3,Back-on-Track 2022,2026-03-22,3.0818227987488545,0,short
S9,Luzern,Hochdorf,day,Luzern → Hochdorf,CH,CH,13.09,SBB (Schweizerische Bundesbahnen SBB),day,0.04899697674418605,0.151,0.6413704255813953,1.9765899999999998,1.3352195744186046,90.4,Back-on-Track 2022,2026-03-22,3.081822798748855,0,short
P831,Hombourg Chapelle,Thionville,day,Hombourg Chapelle → Thionville,FR,FR,14.23,SNCF,day,0.04899697674418605,0.151,0.6972269790697675,2.14873,1.4515030209302324,90.2,Back-on-Track 2022,2026-03-22,3.081822798748855,0,short
RE,Plochingen,Horb,day,Plochingen → Horb,CH,CH,61.09,DB Regio (DB Regio AG Baden-Württemberg),day,0.04899697674418605,0.151,2.993225309302326,9.224590000000001,6.231364690697674,90.2,Back-on-Track 2022,2026-03-22,3.0818227987488545,0,short
IC 87,Schaffhausen,Horb,day,Schaffhausen → Horb,DE,DE,82.74,DB,day,0.04899697674418605,0.151,4.054009855813954,12.493739999999999,8.439730144186045,90.3,Back-on-Track 2022,2026-03-22,3.0818227987488545,0,short
IC 87,Stuttgart Hbf,Horb,day,Stuttgart → Horb,DE,DE,52.68,DB,day,0.04899697674418605,0.151,2.581160734883721,7.95468,5.373519265116279,90.3,Back-on-Track 2022,2026-03-22,3.0818227987488545,0,short
RE,Horb,Tubingen Hbf,day,Horb → Tubingen,CH,CH,28.24,DB Regio (DB Regio AG Baden-Württemberg),day,0.04899697674418605,0.151,1.383674623255814,4.26424,2.880565376744186,90.2,Back-on-Track 2022,2026-03-22,3.081822798748855,0,short
S6,Huttwil,Langenthal,day,Huttwil → Langenthal,CH,CH,12.24,BLS-bls (BLS AG (bls)),day,0.04899697674418605,0.151,0.5997229953488372,1.8482399999999999,1.2485170046511627,90.3,Back-on-Track 2022,2026-03-22,3.081822798748855,0,short
R,Huttwil,Sumiswald Grunen,day,Huttwil → Sumiswald Grunen,CH,CH,12.72,VDBB (Verein Dampfbahn Bern),day,0.04899697674418605,0.151,0.6232415441860466,1.92072,1.2974784558139534,90.2,Back-on-Track 2022,2026-03-22,3.0818227987488545,0,short
S6,Huttwil,Wolhusen,day,Huttwil → Wolhusen,CH,CH,19.12,BLS-bls (BLS AG (bls)),day,0.04899697674418605,0.151,0.9368221953488374,2.88712,1.9502978046511625,90.2,Back-on-Track 2022,2026-03-22,3.0818227987488545,0,short
C6,Hyeres,Marseille Saint Charles,day,Hyeres → Marseille Saint Charles,FR,FR,64.02,SNCF,day,0.04899697674418605,0.151,3.136786451162791,9.667019999999999,6.530233548837208,90.2,Back-on-Track 2022,2026-03-22,3.0818227987488545,0,short
631B,Hyeres,Paris Gare De Lyon Hall 1 2,day,Hyeres → Paris de Lyon Hall 1 2,FR,FR,700.36,SNCF,day,0.04899697674418605,0.151,34.31552263255814,105.75436,71.43883736744186,90.3,Back-on-Track 2022,2026-03-22,3.081822798748855,0,medium
C6,Toulon,Hyeres,day,Toulon → Hyeres,FR,FR,15.96,SNCF,day,0.04899697674418605,0.151,0.7819917488372095,2.40996,1.6279682511627904,90.4,Back-on-Track 2022,2026-03-22,3.081822798748854,0,short
P836,Igney Mairie,Sarrebourg,day,Igney Mairie → Sarrebourg,FR,FR,21.08,SNCF,day,0.04899697674418605,0.151,1.032856269767442,3.1830799999999995,2.1502237302325575,90.1,Back-on-Track 2022,2026-03-22,3.081822798748854,0,short
P836,Sarrebourg Lp Messmer,Igney Mairie,day,Sarrebourg Lp Messmer → Igney Mairie,FR,FR,22.27,SNCF,day,0.04899697674418605,0.151,1.0911626720930234,3.36277,2.2716073279069766,90.3,Back-on-Track 2022,2026-03-22,3.0818227987488545,0,short
RE,Ilanz,Reichenau Tamins,day,Ilanz → Reichenau Tamins,CH,CH,16.54,RhB (Rhätische Bahn),day,0.04899697674418605,0.151,0.8104099953488373,2.49754,1.6871300046511626,90.3,Back-on-Track 2022,2026-03-22,3.0818227987488545,0,short
P24,Ille Sur Tet,Perpignan,day,Ille Sur Tet → Perpignan,FR,FR,21.08,SNCF,day,0.04899697674418605,0.151,1.032856269767442,3.1830799999999995,2.1502237302325575,90.1,Back-on-Track 2022,2026-03-22,3.081822798748854,0,short
P24,Villefranche Vernet Les Bains,Ille Sur Tet,day,Villefranche Vernet les Bains → Ille Sur Tet,FR,FR,22.45,SNCF,day,0.04899697674418605,0.151,1.0999821279069768,3.38995,2.289967872093023,90.4,Back-on-Track 2022,2026-03-22,3.0818227987488545,0,short
P816,Ingwiller,Saverne Haut Barr,day,Ingwiller → Saverne Haut Barr,FR,FR,18.14,SNCF,day,0.04899697674418605,0.151,0.888805158139535,2.73914,1.850334841860465,90.4,Back-on-Track 2022,2026-03-22,3.0818227987488545,0,short
Innsbruck Hbf → Lindau Hbf,Innsbruck Hbf,Lindau Hbf,day,Innsbruck → Lindau,DE,DE,133.2,ÖBB,day,0.04899697674418605,0.151,6.526397302325582,20.1132,13.586802697674418,90.3,Back-on-Track 2022,2026-03-22,3.0818227987488545,0,short
ICE,Innsbruck Hbf,Lindau Reutin,day,Innsbruck → Lindau Reutin,DE,DE,131.74,ÖBB,day,0.04899697674418605,0.151,6.454861716279071,19.89274,13.437878283720929,90.3,Back-on-Track 2022,2026-03-22,3.0818227987488545,0,short
Innsbruck Hbf → München Hbf,Innsbruck Hbf,Munchen Hbf,day,Innsbruck → Munchen,DE,DE,98.22,DB,day,0.04899697674418605,0.151,4.812483055813954,14.83122,10.018736944186045,90.2,Back-on-Track 2022,2026-03-22,3.081822798748855,0,short
Innsbruck Hbf → München Hbf Gl.5-10,Innsbruck Hbf,Munchen Hbf Gl 5 10,day,Innsbruck → Munchen Gl 5 10,DE,DE,98.18,DB,day,0.04899697674418605,0.151,4.810523176744187,14.825180000000001,10.014656823255814,90.3,Back-on-Track 2022,2026-03-22,3.0818227987488545,0,short
A8,Saalfelden Bahnhof,Innsbruck Hauptbahnhof,night,Saalfelden → Innsbruck,AT,AT,109.19,ÖBB,night,0.04899697674418605,0.151,5.349979890697675,16.48769,11.137710109302326,90.3,Back-on-Track 2022,2026-03-22,3.081822798748855,0,short
SV300,Innsbruck Hauptbahnhof,Schwarzach St Veit Bahnhof,night,Innsbruck → Schwarzach St Veit,AT,AT,132.32,ÖBB,night,0.04899697674418605,0.151,6.483279962790698,19.98032,13.4970400372093,90.3,Back-on-Track 2022,2026-03-22,3.0818227987488545,0,short
A1,Innsbruck Hauptbahnhof,Wien Hauptbahnhof,night,Innsbruck → Wien,AT,AT,386.09,ÖBB,night,0.04899697674418605,0.151,18.917242751162792,58.299589999999995,39.382347248837206,90.3,Back-on-Track 2022,2026-03-22,3.0818227987488545,0,short
S37,Tauffelen,Ins,day,Tauffelen → Ins,CH,CH,10.55,SBB,day,0.04899697674418605,0.151,0.5169181046511628,1.59305,1.0761318953488372,90.1,Back-on-Track 2022,2026-03-22,3.081822798748855,0,short
R,Lauterbrunnen,Interlaken Ost,day,Lauterbrunnen → Interlaken Ost,CH,CH,10.66,BOB (Berner Oberland-Bahnen),day,0.04899697674418605,0.151,0.5223077720930233,1.6096599999999999,1.0873522279069765,90.3,Back-on-Track 2022,2026-03-22,3.0818227987488545,0,short
IR,Interlaken Ost,Luzern,day,Interlaken Ost → Luzern,CH,CH,52.2,ZB (Zentralbahn),day,0.04899697674418605,0.151,2.557642186046512,7.8822,5.324557813953488,90.3,Back-on-Track 2022,2026-03-22,3.0818227987488545,0,short
IR,Meiringen,Interlaken Ost,day,Meiringen → Interlaken Ost,CH,CH,24.38,ZB (Zentralbahn),day,0.04899697674418605,0.151,1.1945462930232558,3.68138,2.486833706976744,90.3,Back-on-Track 2022,2026-03-22,3.081822798748855,0,short
IC81,Interlaken Ost,Romanshorn,day,Interlaken Ost → Romanshorn,CH,CH,150.07,SBB (Schweizerische Bundesbahnen SBB),day,0.04899697674418605,0.151,7.3529763,22.66057,15.3075937,90.3,Back-on-Track 2022,2026-03-22,3.081822798748855,0,short
RE,Spiez,Interlaken Ost,day,Spiez → Interlaken Ost,CH,CH,14.42,BLS-bls (BLS AG (bls)),day,0.04899697674418605,0.151,0.7065364046511629,2.17742,1.4708835953488373,90.4,Back-on-Track 2022,2026-03-22,3.081822798748855,0,short
EXT,Interlaken Ost,Thun,day,Interlaken Ost → Thun,CH,CH,19.6,BLS-bls (BLS AG (bls)),day,0.04899697674418605,0.151,0.9603407441860466,2.9596,1.9992592558139535,90.4,Back-on-Track 2022,2026-03-22,3.0818227987488545,0,short
EXT,Interlaken Ost,Zurich Hb,day,Interlaken Ost → Zurich Hb,CH,CH,91.84,SBB (Schweizerische Bundesbahnen SBB),day,0.04899697674418605,0.151,4.499882344186047,13.86784,9.367957655813953,90.2,Back-on-Track 2022,2026-03-22,3.0818227987488545,0,short
PE,Zweisimmen,Interlaken Ost,day,Zweisimmen → Interlaken Ost,CH,CH,40.7,BLS-bls (BLS AG (bls)),day,0.04899697674418605,0.151,1.9941769534883724,6.145700000000001,4.151523046511628,90.3,Back-on-Track 2022,2026-03-22,3.081822798748855,0,short
P20,Is Sur Tille,Les Laumes Alesia,day,Is Sur Tille → les Laumes Alesia,FR,FR,50.13,SNCF,day,0.04899697674418605,0.151,2.456218444186047,7.56963,5.113411555813953,90.3,Back-on-Track 2022,2026-03-22,3.0818227987488545,0,short
RE,Iselle Di Trasquera,Spiez,day,Iselle Di Trasquera → Spiez,CH,CH,66.87,BLS-bls (BLS AG (bls)),day,0.04899697674418605,0.151,3.2764278348837212,10.09737,6.8209421651162785,90.2,Back-on-Track 2022,2026-03-22,3.0818227987488545,0,short
C7,Vic Le Comte,Issoire Lycee Deville,day,Vic le Comte → Issoire Lycee Deville,FR,FR,14.45,SNCF,day,0.04899697674418605,0.151,0.7080063139534885,2.1819499999999996,1.4739436860465112,90.4,Back-on-Track 2022,2026-03-22,3.081822798748854,0,short
C71,Issoire,Moulins Sur Allier,night,Issoire → Moulins Sur Allier,FR,FR,113.32,SNCF,night,0.04899697674418605,0.151,5.552337404651163,17.11132,11.558982595348837,90.3,Back-on-Track 2022,2026-03-22,3.081822798748855,0,short
C71,Issoire,Riom Chatel Guyon,day,Issoire → Riom Chatel Guyon,FR,FR,39.85,SNCF,day,0.04899697674418605,0.151,1.9525295232558142,6.01735,4.0648204767441865,90.2,Back-on-Track 2022,2026-03-22,3.081822798748855,0,short
P31,Saint Jean De Maurienne Arvan,Modane,day,Saint Jean de Maurienne Arvan → Modane,FR,FR,25.6,SNCF,day,0.04899697674418605,0.151,1.254322604651163,3.8656,2.611277395348837,90.2,Back-on-Track 2022,2026-03-22,3.0818227987488545,0,short
P31,Saint Jean De Maurienne Arvan,Saint Pierre D Albigny,day,Saint Jean de Maurienne Arvan → Saint Pierre d Albigny,FR,FR,34.76,SNCF,day,0.04899697674418605,0.151,1.703134911627907,5.24876,3.545625088372093,90.2,Back-on-Track 2022,2026-03-22,3.0818227987488545,0,short
Jena Paradies → Ostseebad Binz,Jena Paradies,Ostseebad Binz,day,Jena Paradies → Ostseebad Binz,DE,DE,410.03,DB,day,0.04899697674418605,0.151,20.090230374418606,61.91452999999999,41.82429962558139,90.3,Back-on-Track 2022,2026-03-22,3.0818227987488545,0,short
Jena Paradies → Stralsund Hbf,Jena Paradies,Stralsund Hbf,day,Jena Paradies → Stralsund,DE,DE,389.45,DB,day,0.04899697674418605,0.151,19.081872593023256,58.80694999999999,39.72507740697674,90.3,Back-on-Track 2022,2026-03-22,3.0818227987488545,0,short
RJ,Jenbach,Kufstein,day,Jenbach → Kufstein,DE,DE,36.26,ÖBB,day,0.04899697674418605,0.151,1.776630376744186,5.47526,3.6986296232558136,90.2,Back-on-Track 2022,2026-03-22,3.081822798748855,0,short
A1,Linz Donau Hauptbahnhof 9,Jenbach Bahnhof,night,Linz Donau 9 → Jenbach,AT,AT,212.77,ÖBB,night,0.04899697674418605,0.151,10.425086741860467,32.12827,21.703183258139532,90.3,Back-on-Track 2022,2026-03-22,3.0818227987488545,0,short
EC 62,Salzburg Hbf,Jesenice Gr,day,Salzburg → Jesenice Gr,AT,FR,165.39,ÖBB,day,0.04899697674418605,0.151,8.103609983720931,24.973889999999997,16.870280016279068,90.3,Back-on-Track 2022,2026-03-22,3.0818227987488545,1,short
SI2,Jesenice Si Zelezniska Posta,Salzburg Hauptbahnhof,night,Jesenice Si Zelezniska Posta → Salzburg,AT,AT,171.05,ÖBB,night,0.04899697674418605,0.151,8.380932872093025,25.82855,17.447617127906973,90.3,Back-on-Track 2022,2026-03-22,3.0818227987488545,0,short
SI2,Schwarzach St Veit Bahnhof,Jesenice Si Zelezniska Posta,night,Schwarzach St Veit → Jesenice Si Zelezniska Posta,AT,AT,119.56,ÖBB,night,0.04899697674418605,0.151,5.858078539534884,18.05356,12.195481460465118,90.3,Back-on-Track 2022,2026-03-22,3.081822798748855,0,short
S9,Uster,Jestetten,day,Uster → Jestetten,CH,CH,35.53,SBB (Schweizerische Bundesbahnen SBB),day,0.04899697674418605,0.151,1.7408625837209304,5.36503,3.62416741627907,90.2,Back-on-Track 2022,2026-03-22,3.0818227987488545,0,short
IC,Zurich Hb,Jestetten,day,Zurich Hb → Jestetten,CH,CH,30.82,SBB (Schweizerische Bundesbahnen SBB),day,0.04899697674418605,0.151,1.510086823255814,4.65382,3.1437331767441856,90.3,Back-on-Track 2022,2026-03-22,3.0818227987488545,0,short
K60,Lille Flandres,Jeumont,day,Lille Flandres → Jeumont,FR,FR,81.35,SNCF,day,0.04899697674418605,0.151,3.985904058139535,12.28385,8.297945941860464,90.3,Back-on-Track 2022,2026-03-22,3.0818227987488545,0,short
K60,Jeumont,Valenciennes,day,Jeumont → Valenciennes,FR,FR,41.15,SNCF,day,0.04899697674418605,0.151,2.0162255930232558,6.2136499999999995,4.197424406976744,90.2,Back-on-Track 2022,2026-03-22,3.081822798748855,0,short
L18,Limoges Benedictins,Saint Junien,day,Limoges Benedictins → Saint Junien,FR,FR,28.86,SNCF,day,0.04899697674418605,0.151,1.4140527488372094,4.35786,2.94380725116279,90.4,Back-on-Track 2022,2026-03-22,3.0818227987488545,0,short
INCONNU,Vendeuvre,Juvancourt,day,Vendeuvre → Juvancourt,FR,FR,28.36,OCEdefault,day,0.04899697674418605,0.151,1.3895542604651163,4.28236,2.892805739534883,90.2,Back-on-Track 2022,2026-03-22,3.0818227987488545,0,short
Kassel-Wilhelmshöhe → Karlsruhe Hbf,Kassel Wilhelmshohe,Karlsruhe Hbf,night,Kassel Wilhelmshohe → Karlsruhe,DE,DE,268.45,DB,night,0.04899697674418605,0.151,13.153238406976746,40.53595,27.382711593023252,90.3,Back-on-Track 2022,2026-03-22,3.0818227987488545,0,short
Karlsruhe Hbf → Kiel Hbf,Karlsruhe Hbf,Kiel Hbf,night,Karlsruhe → Kiel,DE,DE,603.58,DB,night,0.04899697674418605,0.151,29.57359522325582,91.14058,61.56698477674418,90.3,Back-on-Track 2022,2026-03-22,3.0818227987488545,0,medium
München Hbf → Karlsruhe Hbf,Munchen Hbf,Karlsruhe Hbf,night,Munchen → Karlsruhe,DE,DE,250.85,DB,night,0.04899697674418605,0.151,12.29089161627907,37.87835,25.58745838372093,90.3,Back-on-Track 2022,2026-03-22,3.0818227987488545,0,short
Karlsruhe Hbf → München Ost,Karlsruhe Hbf,Munchen Ost,night,Karlsruhe → Munchen Ost,DE,DE,254.59,DB,night,0.04899697674418605,0.151,12.474140309302326,38.44309,25.96894969069767,90.3,Back-on-Track 2022,2026-03-22,3.0818227987488545,0,short
München-Pasing → Karlsruhe Hbf,Munchen Pasing,Karlsruhe Hbf,day,Munchen Pasing → Karlsruhe,DE,DE,243.86,DB,day,0.04899697674418605,0.151,11.94840274883721,36.82286,24.874457251162788,90.3,Back-on-Track 2022,2026-03-22,3.0818227987488545,0,short
Nürnberg Hbf → Karlsruhe Hbf,Nurnberg Hbf,Karlsruhe Hbf,night,Nurnberg → Karlsruhe,DE,DE,201.08,DB,night,0.04899697674418605,0.151,9.852312083720932,30.36308,20.510767916279068,90.3,Back-on-Track 2022,2026-03-22,3.0818227987488545,0,short
RE,Offenburg,Karlsruhe Hbf,day,Offenburg → Karlsruhe,CH,CH,66.49,DB Regio (DB Regio AG Baden-Württemberg),day,0.04899697674418605,0.151,3.2578089837209303,10.03999,6.782181016279069,90.3,Back-on-Track 2022,2026-03-22,3.081822798748855,0,short
ICE 26,Karlsruhe Hbf,Oldenburg Oldb Hbf,day,Karlsruhe → Oldenburg Oldb,DE,DE,461.72,DB,day,0.04899697674418605,0.151,22.622884102325585,69.71972,47.09683589767441,90.3,Back-on-Track 2022,2026-03-22,3.081822798748854,0,short
Rostock Hbf → Karlsruhe Hbf,Rostock Hbf,Karlsruhe Hbf,day,Rostock → Karlsruhe,DE,DE,621.23,DB,day,0.04899697674418605,0.151,30.438391862790702,93.80573,63.367338137209295,90.3,Back-on-Track 2022,2026-03-22,3.0818227987488545,0,medium
Karlsruhe Hbf → Salzburg Hbf,Karlsruhe Hbf,Salzburg Hbf,day,Karlsruhe → Salzburg,DE,DE,366.99,DB,day,0.04899697674418605,0.151,17.98140049534884,55.41549,37.434089504651155,90.3,Back-on-Track 2022,2026-03-22,3.0818227987488545,0,short
Stralsund Hbf → Karlsruhe Hbf,Stralsund Hbf,Karlsruhe Hbf,night,Stralsund → Karlsruhe,DE,DE,672.95,DB,night,0.04899697674418605,0.151,32.97251550000001,101.61545000000001,68.6429345,90.3,Back-on-Track 2022,2026-03-22,3.0818227987488545,0,medium
Karlsruhe Hbf → Ulm Hbf,Karlsruhe Hbf,Ulm Hbf,day,Karlsruhe → Ulm,DE,DE,133.46,DB,day,0.04899697674418605,0.151,6.539136516279071,20.15246,13.61332348372093,90.3,Back-on-Track 2022,2026-03-22,3.0818227987488545,0,short
Karlsruhe Hbf → Westerland(Sylt),Karlsruhe Hbf,Westerland Sylt,day,Karlsruhe → Westerland Sylt,DE,DE,657.56,DB,day,0.04899697674418605,0.151,32.21845202790698,99.29155999999999,67.07310797209301,90.3,Back-on-Track 2022,2026-03-22,3.0818227987488545,0,medium
Karlsruhe Hbf → Zürich HB,Karlsruhe Hbf,Zurich Hb,night,Karlsruhe → Zurich Hb,DE,DE,179.91,SBB,night,0.04899697674418605,0.151,8.815046086046513,27.16641,18.351363913953485,90.3,Back-on-Track 2022,2026-03-22,3.0818227987488545,0,short
Kassel-Wilhelmshöhe → München Hbf,Kassel Wilhelmshohe,Munchen Hbf,day,Kassel Wilhelmshohe → Munchen,DE,DE,384.03,DB,day,0.04899697674418605,0.151,18.816308979069767,57.98853,39.17222102093023,90.3,Back-on-Track 2022,2026-03-22,3.081822798748855,0,short
Kassel-Wilhelmshöhe → Stralsund Hbf,Kassel Wilhelmshohe,Stralsund Hbf,day,Kassel Wilhelmshohe → Stralsund,DE,DE,412.78,DB,day,0.04899697674418605,0.151,20.224972060465117,62.32977999999999,42.10480793953488,90.3,Back-on-Track 2022,2026-03-22,3.0818227987488545,0,short
P831,Thionville,Kedange Eglise,day,Thionville → Kedange Eglise,FR,FR,13.31,SNCF,day,0.04899697674418605,0.151,0.6521497604651164,2.00981,1.3576602395348836,90.1,Back-on-Track 2022,2026-03-22,3.081822798748854,0,short
C25,Kehl,Offenburg,day,Kehl → Offenburg,FR,FR,15.2,SNCF,day,0.04899697674418605,0.151,0.7447540465116279,2.2952,1.550445953488372,90.4,Back-on-Track 2022,2026-03-22,3.081822798748855,0,short
S35,Kerzers,Lyss,day,Kerzers → Lyss,CH,CH,14.17,BLS-bls (BLS AG (bls)),day,0.04899697674418605,0.151,0.6942871604651163,2.1396699999999997,1.4453828395348833,90.2,Back-on-Track 2022,2026-03-22,3.0818227987488545,0,short
S5,Kerzers,Neuchatel,day,Kerzers → Neuchatel,CH,CH,19.65,BLS-bls (BLS AG (bls)),day,0.04899697674418605,0.151,0.9627905930232559,2.9671499999999997,2.004359406976744,90.1,Back-on-Track 2022,2026-03-22,3.0818227987488545,0,short
S52,Kerzers,Payerne,day,Kerzers → Payerne,CH,CH,25.85,BLS-bls (BLS AG (bls)),day,0.04899697674418605,0.151,1.2665718488372095,3.90335,2.6367781511627904,90.3,Back-on-Track 2022,2026-03-22,3.0818227987488545,0,short
Köln Hbf → Kiel Hbf,Koln Hbf,Kiel Hbf,day,Koln → Kiel,DE,DE,431.7,DB,day,0.04899697674418605,0.151,21.151994860465116,65.1867,44.034705139534886,90.3,Back-on-Track 2022,2026-03-22,3.081822798748855,0,short
Kiel Hbf → München Hbf,Kiel Hbf,Munchen Hbf,day,Kiel → Munchen,DE,DE,693.71,DB,day,0.04899697674418605,0.151,33.98969273720931,104.75021,70.76051726279069,90.3,Back-on-Track 2022,2026-03-22,3.081822798748854,0,medium
Kiel Hbf → Nürnberg Hbf,Kiel Hbf,Nurnberg Hbf,day,Kiel → Nurnberg,DE,DE,545.36,DB,day,0.04899697674418605,0.151,26.720991237209304,82.34936,55.6283687627907,90.3,Back-on-Track 2022,2026-03-22,3.081822798748855,0,medium
Passau Hbf → Kiel Hbf,Passau Hbf,Kiel Hbf,night,Passau → Kiel,DE,DE,678.39,DB,night,0.04899697674418605,0.151,33.239059053488376,102.43688999999999,69.19783094651162,90.3,Back-on-Track 2022,2026-03-22,3.0818227987488545,0,medium
Kiel Hbf → Praha hl.n.,Kiel Hbf,Praha Hl N,day,Kiel → Praha Hl N,DE,DE,554.28,CD,day,0.04899697674418605,0.151,27.158044269767444,83.69627999999999,56.53823573023254,90.3,Back-on-Track 2022,2026-03-22,3.081822798748854,0,medium
Kiel Hbf → Regensburg Hbf,Kiel Hbf,Regensburg Hbf,day,Kiel → Regensburg,DE,DE,605.05,DB,day,0.04899697674418605,0.151,29.645620779069766,91.36254999999998,61.71692922093022,90.3,Back-on-Track 2022,2026-03-22,3.0818227987488545,0,medium
Kiel Hbf → Stuttgart Hbf,Kiel Hbf,Stuttgart Hbf,night,Kiel → Stuttgart,DE,DE,618.49,DB,night,0.04899697674418605,0.151,30.30414014651163,93.39198999999999,63.087849853488365,90.3,Back-on-Track 2022,2026-03-22,3.0818227987488545,0,medium
Kiel Hbf → Zürich HB,Kiel Hbf,Zurich Hb,day,Kiel → Zurich Hb,DE,DE,779.34,SBB,day,0.04899697674418605,0.151,38.185303855813956,117.68034,79.49503614418605,90.3,Back-on-Track 2022,2026-03-22,3.081822798748855,0,medium
Klagenfurt Hbf → München Hbf,Klagenfurt Hbf,Munchen Hbf,day,Klagenfurt → Munchen,DE,DE,267.89,DB,day,0.04899697674418605,0.151,13.125800100000001,40.451389999999996,27.325589899999997,90.3,Back-on-Track 2022,2026-03-22,3.0818227987488545,0,short
Münster(Westf)Hbf → Klagenfurt Hbf,Munster Westf Hbf,Klagenfurt Hbf,day,Munster Westf → Klagenfurt,DE,DE,765.69,ÖBB,day,0.04899697674418605,0.151,37.51649512325582,115.61919,78.10269487674418,90.3,Back-on-Track 2022,2026-03-22,3.0818227987488545,0,medium
A7,Salzburg Hauptbahnhof,Klagenfurt Hauptbahnhof,night,Salzburg → Klagenfurt,AT,AT,164.02,ÖBB,night,0.04899697674418605,0.151,8.036484125581396,24.767020000000002,16.730535874418607,90.3,Back-on-Track 2022,2026-03-22,3.081822798748855,0,short
A12,Wien Hauptbahnhof,Klagenfurt Hauptbahnhof,night,Wien → Klagenfurt,AT,AT,233.63,ÖBB,night,0.04899697674418605,0.151,11.447163676744188,35.27813,23.830966323255808,90.3,Back-on-Track 2022,2026-03-22,3.0818227987488545,0,short
R,Klosters Platz,Landquart,day,Klosters Platz → Landquart,CH,CH,27.1,RhB (Rhätische Bahn),day,0.04899697674418605,0.151,1.327818069767442,4.0921,2.764281930232558,90.3,Back-on-Track 2022,2026-03-22,3.081822798748855,0,short
R,Sagliains,Klosters Platz,day,Sagliains → Klosters Platz,CH,CH,20.53,RhB (Rhätische Bahn),day,0.04899697674418605,0.151,1.0059079325581397,3.1000300000000003,2.0941220674418606,90.2,Back-on-Track 2022,2026-03-22,3.081822798748855,0,short
R,Klosters Platz,Scuol Tarasp,day,Klosters Platz → Scuol Tarasp,CH,CH,32.01,RhB (Rhätische Bahn),day,0.04899697674418605,0.151,1.5683932255813955,4.8335099999999995,3.265116774418604,90.2,Back-on-Track 2022,2026-03-22,3.0818227987488545,0,short
RE,St Moritz,Klosters Platz,day,St Moritz → Klosters Platz,CH,CH,41.4,RhB (Rhätische Bahn),day,0.04899697674418605,0.151,2.0284748372093024,6.251399999999999,4.2229251627906965,90.3,Back-on-Track 2022,2026-03-22,3.0818227987488545,0,short
R,Klosters Platz,Susch,day,Klosters Platz → Susch,CH,CH,19.98,RhB (Rhätische Bahn),day,0.04899697674418605,0.151,0.9789595953488374,3.0169799999999998,2.0380204046511623,90.3,Back-on-Track 2022,2026-03-22,3.081822798748854,0,short
Koblenz Hbf → Leer(Ostfriesl),Koblenz Hbf,Leer Ostfriesl,day,Koblenz → Leer Ostfriesl,DE,DE,320.43,DB,day,0.04899697674418605,0.151,15.700101258139536,48.38493,32.68482874186046,90.3,Back-on-Track 2022,2026-03-22,3.0818227987488545,0,short
Koblenz Hbf → Münster(Westf)Hbf,Koblenz Hbf,Munster Westf Hbf,day,Koblenz → Munster Westf,DE,DE,178.57,DB,day,0.04899697674418605,0.151,8.749390137209303,26.96407,18.214679862790696,90.3,Back-on-Track 2022,2026-03-22,3.0818227987488545,0,short
S19,Pfaffikon Zh,Koblenz,day,Pfaffikon Zh → Koblenz,CH,CH,49.29,SBB (Schweizerische Bundesbahnen SBB),day,0.04899697674418605,0.151,2.4150609837209305,7.44279,5.0277290162790695,90.3,Back-on-Track 2022,2026-03-22,3.0818227987488545,0,short
Koblenz Hbf → Westerland(Sylt),Koblenz Hbf,Westerland Sylt,day,Koblenz → Westerland Sylt,DE,DE,508.93,DB,day,0.04899697674418605,0.151,24.936031374418608,76.84843,51.91239862558139,90.3,Back-on-Track 2022,2026-03-22,3.0818227987488545,0,medium
EC,Padborg St,Koebenhavn H,day,Padborg St → Koebenhavn H,DE,DE,224.0,Dänische Staatsbahnen,day,0.04899697674418605,0.151,10.975322790697675,33.824,22.848677209302323,90.3,Back-on-Track 2022,2026-03-22,3.081822798748855,0,short
ECE,Koebenhavns Lufthavn St,Padborg St,day,Koebenhavns Lufthavn St → Padborg St,DE,DE,227.05,Dänische Staatsbahnen,day,0.04899697674418605,0.151,11.124763569767444,34.28455,23.159786430232558,90.3,Back-on-Track 2022,2026-03-22,3.081822798748855,0,short
S28,Lenzburg,Kolliken,day,Lenzburg → Kolliken,CH,CH,12.39,SBB (Schweizerische Bundesbahnen SBB),day,0.04899697674418605,0.151,0.6070725418604652,1.87089,1.2638174581395347,90.4,Back-on-Track 2022,2026-03-22,3.0818227987488545,0,short
Köln Messe/Deutz Gl.11-12 → München Hbf,Koln Messe Deutz Gl 11 12,Munchen Hbf,day,Koln Messe Deutz Gl 11 12 → Munchen,DE,DE,454.21,DB,day,0.04899697674418605,0.151,22.254916806976745,68.58570999999999,46.33079319302325,90.3,Back-on-Track 2022,2026-03-22,3.0818227987488545,0,short
Nürnberg Hbf → Köln Messe/Deutz Gl.11-12,Nurnberg Hbf,Koln Messe Deutz Gl 11 12,day,Nurnberg → Koln Messe Deutz Gl 11 12,DE,DE,336.43,DB,day,0.04899697674418605,0.151,16.484052886046513,50.80093,34.31687711395349,90.3,Back-on-Track 2022,2026-03-22,3.081822798748855,0,short
Köln Messe/Deutz → Luxembourg,Koln Messe Deutz,Luxembourg,day,Koln Messe Deutz → Luxembourg,DE,DE,160.65,SWX,day,0.04899697674418605,0.151,7.87136431395349,24.25815,16.38678568604651,90.3,Back-on-Track 2022,2026-03-22,3.0818227987488545,0,short
Köln Hbf → Leer(Ostfriesl),Koln Hbf,Leer Ostfriesl,day,Koln → Leer Ostfriesl,DE,DE,256.82,DB,day,0.04899697674418605,0.151,12.583403567441861,38.77982,26.196416432558138,90.3,Back-on-Track 2022,2026-03-22,3.081822798748855,0,short
Leipzig Hbf → Köln Hbf,Leipzig Hbf,Koln Hbf,night,Leipzig → Koln,DE,DE,380.88,DB,night,0.04899697674418605,0.151,18.661968502325582,57.512879999999996,38.85091149767442,90.3,Back-on-Track 2022,2026-03-22,3.0818227987488545,0,short
Köln Hbf → Luxembourg,Koln Hbf,Luxembourg,day,Koln → Luxembourg,DE,DE,160.45,SWX,day,0.04899697674418605,0.151,7.8615649186046515,24.227949999999996,16.366385081395343,90.3,Back-on-Track 2022,2026-03-22,3.0818227987488545,0,short
Köln Hbf → Magdeburg Hbf,Koln Hbf,Magdeburg Hbf,day,Koln → Magdeburg,DE,DE,348.74,DB,day,0.04899697674418605,0.151,17.087205669767442,52.65974,35.57253433023256,90.3,Back-on-Track 2022,2026-03-22,3.081822798748855,0,short
Mainz Hbf → Köln Hbf,Mainz Hbf,Koln Hbf,day,Mainz → Koln,DE,DE,139.4,DB,day,0.04899697674418605,0.151,6.830178558139536,21.0494,14.219221441860462,90.3,Back-on-Track 2022,2026-03-22,3.0818227987488545,0,short
Köln Hbf → München Hbf,Koln Hbf,Munchen Hbf,night,Koln → Munchen,DE,DE,455.11,DB,night,0.04899697674418605,0.151,22.299014086046515,68.72161,46.42259591395349,90.3,Back-on-Track 2022,2026-03-22,3.0818227987488545,0,short
Köln Hbf → Münster(Westf)Hbf,Koln Hbf,Munster Westf Hbf,night,Koln → Munster Westf,DE,DE,122.07,DB,night,0.04899697674418605,0.151,5.981060951162791,18.43257,12.451509048837208,90.3,Back-on-Track 2022,2026-03-22,3.081822798748855,0,short
IC 35,Norddeich,Koln Hbf,day,Norddeich → Koln,DE,DE,298.16,DB,day,0.04899697674418605,0.151,14.608938586046515,45.02216,30.413221413953487,90.3,Back-on-Track 2022,2026-03-22,3.0818227987488545,0,short
Köln Hbf → Norddeich Mole,Koln Hbf,Norddeich Mole,night,Koln → Norddeich Mole,DE,DE,298.46,DB,night,0.04899697674418605,0.151,14.623637679069768,45.06746,30.44382232093023,90.3,Back-on-Track 2022,2026-03-22,3.0818227987488545,0,short
Köln Hbf → Nürnberg Hbf,Koln Hbf,Nurnberg Hbf,night,Koln → Nurnberg,DE,DE,337.45,DB,night,0.04899697674418605,0.151,16.53402980232558,50.95495,34.42092019767442,90.3,Back-on-Track 2022,2026-03-22,3.081822798748855,0,short
Köln Hbf → Offenburg,Koln Hbf,Offenburg,day,Koln → Offenburg,DE,DE,283.31,DB,day,0.04899697674418605,0.151,13.88133348139535,42.77981,28.898476518604646,90.3,Back-on-Track 2022,2026-03-22,3.0818227987488545,0,short
Köln Hbf → Ostseebad Binz,Koln Hbf,Ostseebad Binz,day,Koln → Ostseebad Binz,DE,DE,590.08,DB,day,0.04899697674418605,0.151,28.912136037209308,89.10208,60.18994396279069,90.3,Back-on-Track 2022,2026-03-22,3.0818227987488545,0,medium
DEKOH -> FRPNO,Koln Hbf,Paris Nord,day,Koln → Paris Nord,DE,FR,401.42,Eurostar,day,0.04899697674418605,0.151,19.668366404651167,60.61442,40.946053595348836,90.3,Back-on-Track 2022,2026-03-22,3.0818227987488545,1,short
ICE 1,Koln Hbf,Passau Hbf,day,Koln → Passau,DE,DE,535.35,DB,day,0.04899697674418605,0.151,26.230531500000005,80.83785,54.6073185,90.3,Back-on-Track 2022,2026-03-22,3.0818227987488545,0,medium
ICE 91,Koln Hbf,Regensburg Hbf,day,Koln → Regensburg,DE,DE,425.61,DB,day,0.04899697674418605,0.151,20.853603272093025,64.26711,43.41350672790698,90.3,Back-on-Track 2022,2026-03-22,3.081822798748855,0,short
Köln Hbf → Rostock Hbf,Koln Hbf,Rostock Hbf,day,Koln → Rostock,DE,DE,493.78,DB,day,0.04899697674418605,0.151,24.193727176744186,74.56078,50.367052823255804,90.3,Back-on-Track 2022,2026-03-22,3.0818227987488545,0,short
Stralsund Hbf → Köln Hbf,Stralsund Hbf,Koln Hbf,night,Stralsund → Koln,DE,DE,556.96,DB,night,0.04899697674418605,0.151,27.289356167441866,84.10096,56.811603832558134,90.3,Back-on-Track 2022,2026-03-22,3.0818227987488545,0,medium
Köln Hbf → Stuttgart Hbf,Koln Hbf,Stuttgart Hbf,night,Koln → Stuttgart,DE,DE,288.1,DB,night,0.04899697674418605,0.151,14.116029000000003,43.5031,29.387071,90.3,Back-on-Track 2022,2026-03-22,3.0818227987488545,0,short
Köln Hbf → Tübingen Hbf,Koln Hbf,Tubingen Hbf,day,Koln → Tubingen,DE,DE,309.09,DB,day,0.04899697674418605,0.151,15.144475541860466,46.67258999999999,31.528114458139527,90.3,Back-on-Track 2022,2026-03-22,3.0818227987488545,0,short
Weimar → Köln Hbf,Weimar,Koln Hbf,day,Weimar → Koln,DE,DE,305.86,DB,day,0.04899697674418605,0.151,14.986215306976746,46.18486,31.198644693023255,90.3,Back-on-Track 2022,2026-03-22,3.0818227987488545,0,short
Köln Hbf → Westerland(Sylt),Koln Hbf,Westerland Sylt,night,Koln → Westerland Sylt,DE,DE,449.96,DB,night,0.04899697674418605,0.151,22.046679655813954,67.94395999999999,45.897280344186036,90.3,Back-on-Track 2022,2026-03-22,3.0818227987488545,0,short
S2,Konolfingen,Langnau I E,day,Konolfingen → Langnau I E,CH,CH,13.98,BLS-bls (BLS AG (bls)),day,0.04899697674418605,0.151,0.684977734883721,2.11098,1.4260022651162791,90.0,Back-on-Track 2022,2026-03-22,3.0818227987488545,0,short
RE,Luzern,Konolfingen,day,Luzern → Konolfingen,CH,CH,55.56,BLS-bls (BLS AG (bls)),day,0.04899697674418605,0.151,2.722272027906977,8.38956,5.667287972093023,90.2,Back-on-Track 2022,2026-03-22,3.0818227987488545,0,short
S41,Konolfingen,Solothurn,day,Konolfingen → Solothurn,CH,CH,36.46,BLS-bls (BLS AG (bls)),day,0.04899697674418605,0.151,1.7864297720930236,5.50546,3.719030227906977,90.3,Back-on-Track 2022,2026-03-22,3.0818227987488545,0,short
S21,Thun,Konolfingen,day,Thun → Konolfingen,CH,CH,14.01,BLS-bls (BLS AG (bls)),day,0.04899697674418605,0.151,0.6864476441860465,2.11551,1.4290623558139535,90.1,Back-on-Track 2022,2026-03-22,3.081822798748855,0,short
RE,Wolhusen,Konolfingen,day,Wolhusen → Konolfingen,CH,CH,39.84,BLS-bls (BLS AG (bls)),day,0.04899697674418605,0.151,1.9520395534883723,6.015840000000001,4.063800446511628,90.2,Back-on-Track 2022,2026-03-22,3.081822798748855,0,short
Leer(Ostfriesl) → Konstanz,Leer Ostfriesl,Konstanz,day,Leer Ostfriesl → Konstanz,DE,DE,631.37,DB,day,0.04899697674418605,0.151,30.935221206976745,95.33687,64.40164879302326,90.3,Back-on-Track 2022,2026-03-22,3.081822798748855,0,medium
IR75,Luzern,Konstanz,day,Luzern → Konstanz,CH,CH,94.05,SBB (Schweizerische Bundesbahnen SBB),day,0.04899697674418605,0.151,4.6081656627906975,14.20155,9.5933843372093,90.3,Back-on-Track 2022,2026-03-22,3.081822798748855,0,short
Münster(Westf)Hbf → Konstanz,Munster Westf Hbf,Konstanz,day,Munster Westf → Konstanz,DE,DE,490.5,DB,day,0.04899697674418605,0.151,24.033017093023258,74.0655,50.03248290697674,90.3,Back-on-Track 2022,2026-03-22,3.081822798748855,0,short
S6,Singen Hohentwiel,Konstanz,day,Singen Hohentwiel → Konstanz,CH,CH,27.5,SBB (SBB GmbH),day,0.04899697674418605,0.151,1.3474168604651164,4.1525,2.8050831395348834,90.4,Back-on-Track 2022,2026-03-22,3.0818227987488545,0,short
S14,Weinfelden,Konstanz,day,Weinfelden → Konstanz,CH,CH,11.58,THURBO (THURBO),day,0.04899697674418605,0.151,0.5673849906976745,1.74858,1.1811950093023256,90.4,Back-on-Track 2022,2026-03-22,3.081822798748855,0,short
RE,Winterthur,Konstanz,day,Winterthur → Konstanz,CH,CH,38.31,THURBO (THURBO),day,0.04899697674418605,0.151,1.8770741790697678,5.78481,3.9077358209302324,90.2,Back-on-Track 2022,2026-03-22,3.0818227987488545,0,short
IR75,Zurich Hb,Konstanz,day,Zurich Hb → Konstanz,CH,CH,57.12,SBB (Schweizerische Bundesbahnen SBB),day,0.04899697674418605,0.151,2.7987073116279073,8.625119999999999,5.826412688372091,90.3,Back-on-Track 2022,2026-03-22,3.081822798748854,0,short
RE,Ulm Hbf,Kressbronn,day,Ulm → Kressbronn,CH,CH,93.97,DB Regio (DB Regio AG Baden-Württemberg),day,0.04899697674418605,0.151,4.6042459046511635,14.18947,9.585224095348837,90.2,Back-on-Track 2022,2026-03-22,3.0818227987488545,0,short
S1,Schaffhausen,Kreuzlingen,day,Schaffhausen → Kreuzlingen,CH,CH,40.48,THURBO (THURBO),day,0.04899697674418605,0.151,1.9833976186046511,6.11248,4.1290823813953486,90.2,Back-on-Track 2022,2026-03-22,3.081822798748855,0,short
S1,Kreuzlingen,St Gallen,day,Kreuzlingen → St Gallen,CH,CH,29.63,THURBO (THURBO),day,0.04899697674418605,0.151,1.4517804209302327,4.47413,3.022349579069767,90.4,Back-on-Track 2022,2026-03-22,3.0818227987488545,0,short
S44,Weinfelden,Kreuzlingen,day,Weinfelden → Kreuzlingen,CH,CH,10.69,THURBO (THURBO),day,0.04899697674418605,0.151,0.5237776813953489,1.6141899999999998,1.0904123186046508,90.3,Back-on-Track 2022,2026-03-22,3.0818227987488545,0,short
S1,Wil Sg,Kreuzlingen,day,Wil Sg → Kreuzlingen,CH,CH,23.22,THURBO (THURBO),day,0.04899697674418605,0.151,1.1377098,3.50622,2.3685102,90.1,Back-on-Track 2022,2026-03-22,3.0818227987488545,0,short
P34,Sarreguemines,Krimmeri Meinau,day,Sarreguemines → Krimmeri Meinau,FR,FR,78.5,SNCF,day,0.04899697674418605,0.151,3.846262674418605,11.8535,8.007237325581396,90.3,Back-on-Track 2022,2026-03-22,3.081822798748855,0,short
P14,Mulhouse,Kruth,day,Mulhouse → Kruth,FR,FR,34.44,SNCF,day,0.04899697674418605,0.151,1.6874558790697676,5.2004399999999995,3.512984120930232,90.3,Back-on-Track 2022,2026-03-22,3.0818227987488545,0,short
P14,Thann,Kruth,day,Thann → Kruth,FR,FR,16.43,SNCF,day,0.04899697674418605,0.151,0.8050203279069768,2.48093,1.675909672093023,90.3,Back-on-Track 2022,2026-03-22,3.081822798748855,0,short
P14,Thann Saint Jacques,Kruth,day,Thann Saint Jacques → Kruth,FR,FR,15.43,SNCF,day,0.04899697674418605,0.151,0.7560233511627907,2.32993,1.5739066488372093,90.1,Back-on-Track 2022,2026-03-22,3.081822798748855,0,short
P14,Kruth,Thann La Poste,day,Kruth → Thann la Poste,FR,FR,16.09,SNCF,day,0.04899697674418605,0.151,0.7883613558139535,2.4295899999999997,1.6412286441860462,90.1,Back-on-Track 2022,2026-03-22,3.0818227987488545,0,short
RE,Kublis,Landquart,day,Kublis → Landquart,CH,CH,17.56,RhB (Rhätische Bahn),day,0.04899697674418605,0.151,0.860386911627907,2.65156,1.7911730883720929,90.1,Back-on-Track 2022,2026-03-22,3.0818227987488545,0,short
ICE 91,Kufstein,Leipzig Hbf,day,Kufstein → Leipzig,DE,DE,418.65,DB,day,0.04899697674418605,0.151,20.51258431395349,63.21614999999999,42.7035656860465,90.3,Back-on-Track 2022,2026-03-22,3.0818227987488545,0,short
D16,Nurnberg Hauptbahnhof,Kufstein Bahnhof,night,Nurnberg → Kufstein,AT,AT,221.96,ÖBB,night,0.04899697674418605,0.151,10.875368958139536,33.51596,22.640591041860464,90.3,Back-on-Track 2022,2026-03-22,3.081822798748855,0,short
A1,Wien Hauptbahnhof,Kufstein Bahnhof,night,Wien → Kufstein,AT,AT,321.16,ÖBB,night,0.04899697674418605,0.151,15.735869051162794,48.495160000000006,32.75929094883721,90.3,Back-on-Track 2022,2026-03-22,3.0818227987488545,0,short
S6,Wettingen,Kusnacht Zh,day,Wettingen → Kusnacht Zh,CH,CH,25.32,SBB (Schweizerische Bundesbahnen SBB),day,0.04899697674418605,0.151,1.2406034511627908,3.82332,2.582716548837209,90.4,Back-on-Track 2022,2026-03-22,3.0818227987488545,0,short
C19,Lyon Gorge De Loup,L Arbresle,day,Lyon Gorge de Loup → l Arbresle,FR,FR,16.27,SNCF,day,0.04899697674418605,0.151,0.797180811627907,2.4567699999999997,1.6595891883720926,90.2,Back-on-Track 2022,2026-03-22,3.0818227987488545,0,short
C19,L Arbresle,Lyon Saint Paul,day,l Arbresle → Lyon Saint Paul,FR,FR,17.82,SNCF,day,0.04899697674418605,0.151,0.8731261255813955,2.69082,1.8176938744186044,90.3,Back-on-Track 2022,2026-03-22,3.0818227987488545,0,short
C6,Toulouse Matabiau,L Isle Jourdain,day,Toulouse Matabiau → l Isle Jourdain,FR,FR,29.29,SNCF,day,0.04899697674418605,0.151,1.4351214488372095,4.42279,2.9876685511627903,90.3,Back-on-Track 2022,2026-03-22,3.0818227987488545,0,short
P17,Langeac,La Bastide St Laurent Les B,day,Langeac → la Bastide St Laurent les B,FR,FR,65.2,SNCF,day,0.04899697674418605,0.151,3.194602883720931,9.8452,6.650597116279069,90.3,Back-on-Track 2022,2026-03-22,3.0818227987488545,0,short
P117,Langogne,La Bastide St Laurent Les B,day,Langogne → la Bastide St Laurent les B,FR,FR,15.91,SNCF,day,0.04899697674418605,0.151,0.7795419000000001,2.40241,1.6228681,90.4,Back-on-Track 2022,2026-03-22,3.0818227987488545,0,short
P20,Marvejols,La Bastide St Laurent Les B,day,Marvejols → la Bastide St Laurent les B,FR,FR,49.66,SNCF,day,0.04899697674418605,0.151,2.433189865116279,7.498659999999999,5.06547013488372,90.2,Back-on-Track 2022,2026-03-22,3.0818227987488545,0,short
P120,Marvejols Place Du Chayla,La Bastide St Laurent Les B,day,Marvejols Place du Chayla → la Bastide St Laurent les B,FR,FR,48.53,SNCF,day,0.04899697674418605,0.151,2.377823281395349,7.32803,4.950206718604651,90.3,Back-on-Track 2022,2026-03-22,3.081822798748855,0,short
P117,Mende,La Bastide St Laurent Les B,day,Mende → la Bastide St Laurent les B,FR,FR,32.84,SNCF,day,0.04899697674418605,0.151,1.60906071627907,4.95884,3.34977928372093,90.3,Back-on-Track 2022,2026-03-22,3.081822798748855,0,short
C7,La Bastide St Laurent Les B,Nimes Centre,day,la Bastide St Laurent les B → Nimes Centre,FR,FR,92.29,SNCF,day,0.04899697674418605,0.151,4.521930983720931,13.93579,9.41385901627907,90.3,Back-on-Track 2022,2026-03-22,3.081822798748855,0,short
C5,Rennes,La Brohiniere,day,Rennes → la Brohiniere,FR,FR,34.69,SNCF,day,0.04899697674418605,0.151,1.699705123255814,5.2381899999999995,3.538484876744185,90.2,Back-on-Track 2022,2026-03-22,3.0818227987488545,0,short
P12,Nevers Le Banlay,La Charite Sur Loire,day,Nevers le Banlay → la Charite Sur Loire,FR,FR,21.96,SNCF,day,0.04899697674418605,0.151,1.0759736093023258,3.31596,2.2399863906976742,90.2,Back-on-Track 2022,2026-03-22,3.0818227987488545,0,short
R,Le Noirmont,La Chaux De Fonds,day,le Noirmont → la Chaux de Fonds,CH,CH,17.03,CJ (Chemins de fer du Jura),day,0.04899697674418605,0.151,0.8344185139534885,2.57153,1.7371114860465116,90.2,Back-on-Track 2022,2026-03-22,3.0818227987488545,0,short
P29,La Chaux De Fonds,Le Valdahon,day,la Chaux de Fonds → le Valdahon,FR,FR,37.04,SNCF,day,0.04899697674418605,0.151,1.8148480186046512,5.593039999999999,3.778191981395348,90.2,Back-on-Track 2022,2026-03-22,3.0818227987488545,0,short
R,Les Ponts De Martel,La Chaux De Fonds,day,les Ponts de Martel → la Chaux de Fonds,CH,CH,13.01,TRN-cmn (Transports Publics Neuchâtelois SA (cmn)),day,0.04899697674418605,0.151,0.6374506674418605,1.96451,1.3270593325581395,90.4,Back-on-Track 2022,2026-03-22,3.0818227987488545,0,short
P29,La Chaux De Fonds,Morteau,day,la Chaux de Fonds → Morteau,FR,FR,17.48,SNCF,day,0.04899697674418605,0.151,0.8564671534883722,2.63948,1.7830128465116277,90.5,Back-on-Track 2022,2026-03-22,3.0818227987488545,0,short
RE,Neuchatel,La Chaux De Fonds,day,Neuchatel → la Chaux de Fonds,CH,CH,14.03,SBB (Schweizerische Bundesbahnen SBB),day,0.04899697674418605,0.151,0.6874275837209303,2.11853,1.4311024162790695,90.1,Back-on-Track 2022,2026-03-22,3.0818227987488545,0,short
R,La Chaux De Fonds,Saignelegier,day,la Chaux de Fonds → Saignelegier,CH,CH,21.53,CJ (Chemins de fer du Jura),day,0.04899697674418605,0.151,1.0549049093023257,3.25103,2.1961250906976746,90.3,Back-on-Track 2022,2026-03-22,3.0818227987488545,0,short
R,Sonceboz Sombeval,La Chaux De Fonds,day,Sonceboz Sombeval → la Chaux de Fonds,CH,CH,28.07,SBB (Schweizerische Bundesbahnen SBB),day,0.04899697674418605,0.151,1.3753451372093024,4.23857,2.8632248627906978,90.3,Back-on-Track 2022,2026-03-22,3.081822798748855,0,short
R,Les Ponts De Martel,La Corbatiere,day,les Ponts de Martel → la Corbatiere,CH,CH,10.88,TRN-cmn (Transports Publics Neuchâtelois SA (cmn)),day,0.04899697674418605,0.151,0.5330871069767442,1.6428800000000001,1.109792893023256,90.4,Back-on-Track 2022,2026-03-22,3.081822798748855,0,short
R,La Cure,Nyon,day,la Cure → Nyon,CH,CH,15.35,NStCM (Nyon-St-Cergue-Morez),day,0.04899697674418605,0.151,0.7521035930232559,2.31785,1.5657464069767442,90.5,Back-on-Track 2022,2026-03-22,3.0818227987488545,0,short
P910,La Ferte Sur Chiers,Sedan Place Calonne,day,la Ferte Sur Chiers → Sedan Place Calonne,FR,FR,25.6,SNCF,day,0.04899697674418605,0.151,1.254322604651163,3.8656,2.611277395348837,90.2,Back-on-Track 2022,2026-03-22,3.0818227987488545,0,short
TER,La Roche Sur Foron,St Gervais Les Bains Le Fayet,day,la Roche Sur Foron → St Gervais les Bains le Fayet,CH,CH,35.53,SNCF (Société Nationale des Chemins de fer Français),day,0.04899697674418605,0.151,1.7408625837209304,5.36503,3.62416741627907,90.2,Back-on-Track 2022,2026-03-22,3.0818227987488545,0,short
K8,La Roche Sur Yon,Nantes,day,la Roche Sur Yon → Nantes,FR,FR,61.18,SNCF,day,0.04899697674418605,0.151,2.9976350372093026,9.23818,6.240544962790697,90.2,Back-on-Track 2022,2026-03-22,3.0818227987488545,0,short
411B,Paris Montparnasse Hall 1 2,La Roche Sur Yon,day,Paris Montparnasse Hall 1 2 → la Roche Sur Yon,FR,FR,370.08,SNCF,day,0.04899697674418605,0.151,18.132801153488373,55.882079999999995,37.74927884651162,90.3,Back-on-Track 2022,2026-03-22,3.0818227987488545,0,short
P65,La Roche Sur Yon,Saumur,day,la Roche Sur Yon → Saumur,FR,FR,122.96,SNCF,day,0.04899697674418605,0.151,6.024668260465116,18.566959999999998,12.542291739534882,90.3,Back-on-Track 2022,2026-03-22,3.0818227987488545,0,short
P65,Tours,La Roche Sur Yon,day,Tours → la Roche Sur Yon,FR,FR,179.98,SNCF,day,0.04899697674418605,0.151,8.818475874418604,27.176979999999997,18.35850412558139,90.3,Back-on-Track 2022,2026-03-22,3.0818227987488545,0,short
F15,Rochefort,La Rochelle Porte Dauphine,day,Rochefort → la Rochelle Porte Dauphine,FR,FR,28.49,SNCF,day,0.04899697674418605,0.151,1.3959238674418606,4.30199,2.9060661325581396,90.2,Back-on-Track 2022,2026-03-22,3.0818227987488545,0,short
L15,La Rochelle Porte Dauphine,Saintes,day,la Rochelle Porte Dauphine → Saintes,FR,FR,62.23,SNCF,day,0.04899697674418605,0.151,3.0490818627906977,9.39673,6.347648137209302,90.3,Back-on-Track 2022,2026-03-22,3.081822798748855,0,short
D15,La Rochelle,Saint Mariens Saint Yzan,day,la Rochelle → Saint Mariens Saint Yzan,FR,FR,127.04,SNCF,day,0.04899697674418605,0.151,6.224575925581396,19.183040000000002,12.958464074418606,90.3,Back-on-Track 2022,2026-03-22,3.081822798748855,0,short
591A,La Rochelle,Nantes,day,la Rochelle → Nantes,FR,FR,122.2,SNCF,day,0.04899697674418605,0.151,5.987430558139535,18.4522,12.464769441860465,90.3,Back-on-Track 2022,2026-03-22,3.081822798748855,0,short
L14,La Rochelle,Niort,day,la Rochelle → Niort,FR,FR,56.3,SNCF,day,0.04899697674418605,0.151,2.7585297906976747,8.501299999999999,5.742770209302324,90.3,Back-on-Track 2022,2026-03-22,3.081822798748854,0,short
421I,La Rochelle,Paris Montparnasse Hall 1 2,night,la Rochelle → Paris Montparnasse Hall 1 2,FR,FR,396.38,SNCF,night,0.04899697674418605,0.151,19.421421641860466,59.853379999999994,40.431958358139525,90.3,Back-on-Track 2022,2026-03-22,3.0818227987488545,0,short
L14,Poitiers,La Rochelle,night,Poitiers → la Rochelle,FR,FR,123.12,SNCF,night,0.04899697674418605,0.151,6.032507776744187,18.59112,12.558612223255814,90.3,Back-on-Track 2022,2026-03-22,3.0818227987488545,0,short
F15,Rochefort,La Rochelle,day,Rochefort → la Rochelle,FR,FR,26.84,SNCF,day,0.04899697674418605,0.151,1.3150788558139537,4.05284,2.737761144186046,90.2,Back-on-Track 2022,2026-03-22,3.0818227987488545,0,short
L15,La Rochelle,Saintes,day,la Rochelle → Saintes,FR,FR,60.69,SNCF,day,0.04899697674418605,0.151,2.973626518604651,9.16419,6.1905634813953485,90.3,Back-on-Track 2022,2026-03-22,3.081822798748855,0,short
L21,Limoges Benedictins,La Souterraine,day,Limoges Benedictins → la Souterraine,FR,FR,48.11,SNCF,day,0.04899697674418605,0.151,2.357244551162791,7.264609999999999,4.907365448837208,90.3,Back-on-Track 2022,2026-03-22,3.081822798748854,0,short
C6,Rives,La Tour Du Pin,day,Rives → la Tour du Pin,FR,FR,22.78,SNCF,day,0.04899697674418605,0.151,1.1161511302325582,3.4397800000000003,2.3236288697674423,90.2,Back-on-Track 2022,2026-03-22,3.081822798748855,0,short
TER,Labergement Sainte Marie,Pontarlier,day,Labergement Sainte Marie → Pontarlier,CH,CH,14.88,SNCF (Société Nationale des Chemins de fer Français),day,0.04899697674418605,0.151,0.7290750139534885,2.24688,1.5178049860465115,90.2,Back-on-Track 2022,2026-03-22,3.0818227987488545,0,short
S25,Lachen Sz,Linthal,day,Lachen Sz → Linthal,CH,CH,31.4,SBB (Schweizerische Bundesbahnen SBB),day,0.04899697674418605,0.151,1.5385050697674418,4.7414,3.202894930232558,90.3,Back-on-Track 2022,2026-03-22,3.081822798748855,0,short
S25,Lachen Sz,Schwanden Gl,day,Lachen Sz → Schwanden Gl,CH,CH,27.41,SBB (Schweizerische Bundesbahnen SBB),day,0.04899697674418605,0.151,1.3430071325581396,4.13891,2.7959028674418605,90.4,Back-on-Track 2022,2026-03-22,3.081822798748855,0,short
S25,Lachen Sz,Ziegelbrucke,day,Lachen Sz → Ziegelbrucke,CH,CH,16.78,SBB (Schweizerische Bundesbahnen SBB),day,0.04899697674418605,0.151,0.822169269767442,2.53378,1.7116107302325583,90.5,Back-on-Track 2022,2026-03-22,3.0818227987488545,0,short
IC3,Zurich Hb,Lachen Sz,day,Zurich Hb → Lachen Sz,CH,CH,31.51,SBB (Schweizerische Bundesbahnen SBB),day,0.04899697674418605,0.151,1.5438947372093026,4.7580100000000005,3.214115262790698,90.3,Back-on-Track 2022,2026-03-22,3.081822798748855,0,short
P29,Laissac Place Du Foiral,Millau,day,Laissac Place du Foiral → Millau,FR,FR,37.1,SNCF,day,0.04899697674418605,0.151,1.8177878372093026,5.6021,3.7843121627906973,90.3,Back-on-Track 2022,2026-03-22,3.0818227987488545,0,short
P72,Lamure Sur Azergues,Lozanne,day,Lamure Sur Azergues → Lozanne,FR,FR,27.27,SNCF,day,0.04899697674418605,0.151,1.3361475558139535,4.11777,2.7816224441860466,90.3,Back-on-Track 2022,2026-03-22,3.081822798748855,0,short
F37,Wissembourg,Landau Pfalz Hbf,day,Wissembourg → Landau Pfalz,FR,FR,22.48,SNCF,day,0.04899697674418605,0.151,1.1014520372093024,3.39448,2.2930279627906978,90.4,Back-on-Track 2022,2026-03-22,3.081822798748855,0,short
P7,Landerneau,Quimper,day,Landerneau → Quimper,FR,FR,52.48,SNCF,day,0.04899697674418605,0.151,2.5713613395348838,7.924479999999999,5.353118660465116,90.3,Back-on-Track 2022,2026-03-22,3.0818227987488545,0,short
S2,Landquart,Rhazuns,day,Landquart → Rhazuns,CH,CH,22.04,RhB (Rhätische Bahn),day,0.04899697674418605,0.151,1.0798933674418605,3.3280399999999997,2.2481466325581394,90.2,Back-on-Track 2022,2026-03-22,3.0818227987488545,0,short
EXT,Landquart,Samedan,day,Landquart → Samedan,CH,CH,54.01,RhB (Rhätische Bahn),day,0.04899697674418605,0.151,2.6463267139534885,8.15551,5.509183286046511,90.2,Back-on-Track 2022,2026-03-22,3.0818227987488545,0,short
S1,Landquart,Schiers,day,Landquart → Schiers,CH,CH,10.17,RhB (Rhätische Bahn),day,0.04899697674418605,0.151,0.4982992534883721,1.5356699999999999,1.0373707465116278,90.4,Back-on-Track 2022,2026-03-22,3.0818227987488545,0,short
RE,Landquart,Scuol Tarasp,day,Landquart → Scuol Tarasp,CH,CH,58.94,RhB (Rhätische Bahn),day,0.04899697674418605,0.151,2.8878818093023257,8.899939999999999,6.012058190697673,90.2,Back-on-Track 2022,2026-03-22,3.0818227987488545,0,short
S1,Landquart,Thusis,day,Landquart → Thusis,CH,CH,31.17,RhB (Rhätische Bahn),day,0.04899697674418605,0.151,1.5272357651162793,4.70667,3.1794342348837206,90.2,Back-on-Track 2022,2026-03-22,3.0818227987488545,0,short
P17,Langogne,Langeac,day,Langogne → Langeac,FR,FR,50.14,SNCF,day,0.04899697674418605,0.151,2.4567084139534887,7.57114,5.114431586046511,90.3,Back-on-Track 2022,2026-03-22,3.0818227987488545,0,short
P85,Le Puy En Velay,Langeac,day,le Puy En Velay → Langeac,FR,FR,32.21,SNCF,day,0.04899697674418605,0.151,1.5781926209302328,4.86371,3.285517379069767,90.3,Back-on-Track 2022,2026-03-22,3.0818227987488545,0,short
P17,Langeac,Nimes Centre,day,Langeac → Nimes Centre,FR,FR,157.27,SNCF,day,0.04899697674418605,0.151,7.7057545325581405,23.74777,16.042015467441857,90.3,Back-on-Track 2022,2026-03-22,3.0818227987488545,0,short
S20,Langendorf,Oensingen,day,Langendorf → Oensingen,CH,CH,16.59,SBB (Schweizerische Bundesbahnen SBB),day,0.04899697674418605,0.151,0.8128598441860466,2.50509,1.6922301558139534,90.4,Back-on-Track 2022,2026-03-22,3.0818227987488545,0,short
S20,Olten,Langendorf,day,Olten → Langendorf,CH,CH,33.26,SBB (Schweizerische Bundesbahnen SBB),day,0.04899697674418605,0.151,1.629639446511628,5.022259999999999,3.3926205534883715,90.2,Back-on-Track 2022,2026-03-22,3.0818227987488545,0,short
S23,Olten,Langenthal,day,Olten → Langenthal,CH,CH,17.61,SBB (Schweizerische Bundesbahnen SBB),day,0.04899697674418605,0.151,0.8628367604651164,2.6591099999999996,1.7962732395348833,90.2,Back-on-Track 2022,2026-03-22,3.081822798748854,0,short
S6,Langenthal,Wolhusen,day,Langenthal → Wolhusen,CH,CH,28.67,BLS-bls (BLS AG (bls)),day,0.04899697674418605,0.151,1.4047433232558142,4.32917,2.9244266767441864,90.3,Back-on-Track 2022,2026-03-22,3.081822798748855,0,short
S4,Zurich Hb,Langnau Gattikon,day,Zurich Hb → Langnau Gattikon,CH,CH,10.11,SZU (Sihltal-Zürich-Uetliberg-Bahn),day,0.04899697674418605,0.151,0.4953594348837209,1.5266099999999998,1.0312505651162789,90.4,Back-on-Track 2022,2026-03-22,3.0818227987488545,0,short
S2,Langnau I E,Laupen Be,day,Langnau I E → Laupen Be,CH,CH,41.39,BLS-bls (BLS AG (bls)),day,0.04899697674418605,0.151,2.0279848674418606,6.24989,4.221905132558139,90.3,Back-on-Track 2022,2026-03-22,3.0818227987488545,0,short
RE,Langnau I E,Schupfheim,day,Langnau I E → Schupfheim,CH,CH,17.58,BLS-bls (BLS AG (bls)),day,0.04899697674418605,0.151,0.8613668511627907,2.6545799999999997,1.793213148837209,90.1,Back-on-Track 2022,2026-03-22,3.081822798748855,0,short
S4,Thun,Langnau I E,day,Thun → Langnau I E,CH,CH,23.63,BLS-bls (BLS AG (bls)),day,0.04899697674418605,0.151,1.1577985604651164,3.5681299999999996,2.4103314395348834,90.3,Back-on-Track 2022,2026-03-22,3.081822798748854,0,short
RE,Langnau I E,Wolhusen,day,Langnau I E → Wolhusen,CH,CH,25.87,BLS-bls (BLS AG (bls)),day,0.04899697674418605,0.151,1.2675517883720933,3.90637,2.638818211627907,90.3,Back-on-Track 2022,2026-03-22,3.0818227987488545,0,short
P117,Langogne,Mende,day,Langogne → Mende,FR,FR,36.56,SNCF,day,0.04899697674418605,0.151,1.7913294697674422,5.520560000000001,3.7292305302325586,90.3,Back-on-Track 2022,2026-03-22,3.0818227987488545,0,short
TER,Nimes,Langogne,day,Nimes → Langogne,CH,CH,108.0,SNCF (Société Nationale des Chemins de fer Français),day,0.04899697674418605,0.151,5.291673488372093,16.308,11.016326511627906,90.3,Back-on-Track 2022,2026-03-22,3.081822798748855,0,short
C7,Langogne,Nimes Centre,day,Langogne → Nimes Centre,FR,FR,107.99,SNCF,day,0.04899697674418605,0.151,5.291183518604651,16.30649,11.01530648139535,90.3,Back-on-Track 2022,2026-03-22,3.081822798748855,0,short
F44,Marmande,Langon,day,Marmande → Langon,FR,FR,34.08,SNCF,day,0.04899697674418605,0.151,1.6698169674418606,5.1460799999999995,3.4762630325581387,90.2,Back-on-Track 2022,2026-03-22,3.0818227987488545,0,short
401A,Lannion,Paris Montparnasse Hall 1 2,day,Lannion → Paris Montparnasse Hall 1 2,FR,FR,423.63,SNCF,day,0.04899697674418605,0.151,20.756589258139538,63.968129999999995,43.21154074186046,90.3,Back-on-Track 2022,2026-03-22,3.081822798748854,0,short
P10,Lannion,Plouaret Tregor,day,Lannion → Plouaret Tregor,FR,FR,13.49,SNCF,day,0.04899697674418605,0.151,0.6609692162790698,2.03699,1.37602078372093,90.2,Back-on-Track 2022,2026-03-22,3.0818227987488545,0,short
P64,Laon,Marle Sur Serre,day,Laon → Marle Sur Serre,FR,FR,22.23,SNCF Voyageurs EA,day,0.04899697674418605,0.151,1.089202793023256,3.3567299999999998,2.2675272069767436,90.3,Back-on-Track 2022,2026-03-22,3.0818227987488545,0,short
K15,Laon,Paris Gare Du Nord,night,Laon → Paris du Nord,FR,FR,119.97,SNCF,night,0.04899697674418605,0.151,5.8781673,18.11547,12.237302699999997,90.3,Back-on-Track 2022,2026-03-22,3.0818227987488545,0,short
C76,Reims,Laon,day,Reims → Laon,FR,FR,45.07,SNCF,day,0.04899697674418605,0.151,2.2082937418604653,6.8055699999999995,4.597276258139534,90.3,Back-on-Track 2022,2026-03-22,3.0818227987488545,0,short
P20,Laon,Tergnier,day,Laon → Tergnier,FR,FR,25.54,SNCF Voyageurs EA,day,0.04899697674418605,0.151,1.2513827860465117,3.85654,2.605157213953488,90.2,Back-on-Track 2022,2026-03-22,3.081822798748855,0,short
P25,Laroche Migennes,Montereau,day,Laroche Migennes → Montereau,FR,FR,62.91,SNCF,day,0.04899697674418605,0.151,3.082399806976744,9.49941,6.4170101930232555,90.3,Back-on-Track 2022,2026-03-22,3.0818227987488545,0,short
TER,Laroche Migennes,Paris Bercy,day,Laroche Migennes → Paris Bercy,CH,CH,128.18,SNCF (Société Nationale des Chemins de fer Français),day,0.04899697674418605,0.151,6.280432479069768,19.35518,13.074747520930233,90.3,Back-on-Track 2022,2026-03-22,3.081822798748855,0,short
K7,Paris Bercy Bourg Pays D Auv,Laroche Migennes,night,Paris Bercy Bourg Pays D Auv → Laroche Migennes,FR,FR,128.45,SNCF,night,0.04899697674418605,0.151,6.293661662790698,19.39595,13.102288337209302,90.3,Back-on-Track 2022,2026-03-22,3.0818227987488545,0,short
TER,Paris Bercy Bourgogne Pays D Auvergne,Laroche Migennes,night,Paris Bercy Bourgogne Pays D Auvergne → Laroche Migennes,FR,FR,128.3,TER,night,0.04899697674418605,0.151,6.2863121162790705,19.3733,13.08698788372093,90.3,Back-on-Track 2022,2026-03-22,3.0818227987488545,0,short
TER,Paris Gare De Lyon,Laroche Migennes,day,Paris de Lyon → Laroche Migennes,CH,CH,129.09,SNCF (Société Nationale des Chemins de fer Français),day,0.04899697674418605,0.151,6.3250197279069775,19.49259,13.167570272093023,90.3,Back-on-Track 2022,2026-03-22,3.0818227987488545,0,short
P34,Laroche Migennes,Paris Gare De Lyon Hall 1 2,night,Laroche Migennes → Paris de Lyon Hall 1 2,FR,FR,129.38,SNCF,night,0.04899697674418605,0.151,6.339228851162791,19.536379999999998,13.197151148837207,90.3,Back-on-Track 2022,2026-03-22,3.0818227987488545,0,short
K7,Tonnerre,Laroche Migennes,day,Tonnerre → Laroche Migennes,FR,FR,36.12,SNCF,day,0.04899697674418605,0.151,1.7697708,5.45412,3.6843491999999998,90.2,Back-on-Track 2022,2026-03-22,3.0818227987488545,0,short
INCONNU,Laroche Migennes,Troyes Gare Routiere,day,Laroche Migennes → Troyes,FR,FR,55.42,OCEdefault,day,0.04899697674418605,0.151,2.715412451162791,8.36842,5.653007548837209,90.2,Back-on-Track 2022,2026-03-22,3.081822798748855,0,short
INCONNU,Paris Austerlitz,Latour De Carol Enveitg,night,Paris Austerlitz → Latour de Carol Enveitg,FR,FR,710.69,OCEdefault,night,0.04899697674418605,0.151,34.82166140232559,107.31419000000001,72.49252859767442,90.3,Back-on-Track 2022,2026-03-22,3.0818227987488545,0,medium
P4,Latour De Carol Enveitg,Toulouse Matabiau,day,Latour de Carol Enveitg → Toulouse Matabiau,FR,FR,133.26,SNCF,day,0.04899697674418605,0.151,6.529337120930233,20.122259999999997,13.592922879069764,90.3,Back-on-Track 2022,2026-03-22,3.0818227987488545,0,short
P14,Villefranche Vernet Les Bains,Latour De Carol Enveitg,day,Villefranche Vernet les Bains → Latour de Carol Enveitg,FR,FR,40.93,SNCF,day,0.04899697674418605,0.151,2.005446258139535,6.180429999999999,4.174983741860464,90.3,Back-on-Track 2022,2026-03-22,3.0818227987488545,0,short
IC51,Lausanne,Laufen,day,Lausanne → Laufen,CH,CH,120.27,SBB (Schweizerische Bundesbahnen SBB),day,0.04899697674418605,0.151,5.892866393023256,18.16077,12.267903606976743,90.3,Back-on-Track 2022,2026-03-22,3.0818227987488545,0,short
S3,Munchenstein,Laufen,day,Munchenstein → Laufen,CH,CH,13.57,SBB (Schweizerische Bundesbahnen SBB),day,0.04899697674418605,0.151,0.6648889744186047,2.04907,1.384181025581395,90.3,Back-on-Track 2022,2026-03-22,3.0818227987488545,0,short
S3,Olten,Laufen,day,Olten → Laufen,CH,CH,31.4,SBB (Schweizerische Bundesbahnen SBB),day,0.04899697674418605,0.151,1.5385050697674418,4.7414,3.202894930232558,90.3,Back-on-Track 2022,2026-03-22,3.081822798748855,0,short
S3,Laufen,Tecknau,day,Laufen → Tecknau,CH,CH,29.11,SBB (Schweizerische Bundesbahnen SBB),day,0.04899697674418605,0.151,1.4263019930232559,4.39561,2.9693080069767435,90.2,Back-on-Track 2022,2026-03-22,3.0818227987488545,0,short
IC,Locarno,Lausanne,day,Locarno → Lausanne,CH,CH,171.08,SBB (Schweizerische Bundesbahnen SBB),day,0.04899697674418605,0.151,8.382402781395351,25.833080000000002,17.450677218604653,90.3,Back-on-Track 2022,2026-03-22,3.0818227987488545,0,short
IC,Luzern,Lausanne,day,Luzern → Lausanne,CH,CH,141.07,SBB (Schweizerische Bundesbahnen SBB),day,0.04899697674418605,0.151,6.912003509302326,21.301569999999998,14.389566490697671,90.3,Back-on-Track 2022,2026-03-22,3.0818227987488545,0,short
612E,Marne La Vallee Chessy,Lausanne,day,Marne la Vallee Chessy → Lausanne,FR,FR,388.94,SNCF,day,0.04899697674418605,0.151,19.056884134883724,58.72994,39.673055865116275,90.3,Back-on-Track 2022,2026-03-22,3.0818227987488545,0,short
632A,Marseille Saint Charles,Lausanne,day,Marseille Saint Charles → Lausanne,FR,FR,370.66,SNCF,day,0.04899697674418605,0.151,18.161219400000004,55.969660000000005,37.8084406,90.3,Back-on-Track 2022,2026-03-22,3.0818227987488545,0,short
IC51,Lausanne,Munchenstein,day,Lausanne → Munchenstein,CH,CH,133.78,SBB (Schweizerische Bundesbahnen SBB),day,0.04899697674418605,0.151,6.55481554883721,20.200779999999998,13.645964451162788,90.3,Back-on-Track 2022,2026-03-22,3.0818227987488545,0,short
R,Murten Morat,Lausanne,day,Murten Morat → Lausanne,CH,CH,58.63,SBB (Schweizerische Bundesbahnen SBB),day,0.04899697674418605,0.151,2.8726927465116283,8.85313,5.980437253488372,90.3,Back-on-Track 2022,2026-03-22,3.0818227987488545,0,short
R,Lausanne,Palezieux,day,Lausanne → Palezieux,CH,CH,16.23,SBB (Schweizerische Bundesbahnen SBB),day,0.04899697674418605,0.151,0.7952209325581396,2.45073,1.6555090674418604,90.2,Back-on-Track 2022,2026-03-22,3.0818227987488545,0,short
612E,Lausanne,Paris Gare De Lyon Hall 1 2,day,Lausanne → Paris de Lyon Hall 1 2,FR,FR,410.4,SNCF,day,0.04899697674418605,0.151,20.108359255813955,61.9704,41.86204074418605,90.3,Back-on-Track 2022,2026-03-22,3.0818227987488545,0,short
R,Payerne,Lausanne,day,Payerne → Lausanne,CH,CH,41.19,SBB (Schweizerische Bundesbahnen SBB),day,0.04899697674418605,0.151,2.0181854720930232,6.219689999999999,4.201504527906976,90.2,Back-on-Track 2022,2026-03-22,3.0818227987488545,0,short
S,Lausanne,Romont Fr,day,Lausanne → Romont Fr,CH,CH,29.2,SBB (Schweizerische Bundesbahnen SBB),day,0.04899697674418605,0.151,1.4307117209302327,4.409199999999999,2.978488279069767,90.2,Back-on-Track 2022,2026-03-22,3.081822798748854,0,short
IC5,Lausanne,Rorschach,day,Lausanne → Rorschach,CH,CH,242.87,SBB (Schweizerische Bundesbahnen SBB),day,0.04899697674418605,0.151,11.899895741860467,36.67337,24.77347425813953,90.3,Back-on-Track 2022,2026-03-22,3.0818227987488545,0,short
IC1,St Gallen,Lausanne,day,St Gallen → Lausanne,CH,CH,231.08,SBB (Schweizerische Bundesbahnen SBB),day,0.04899697674418605,0.151,11.322221386046513,34.89308,23.570858613953483,90.3,Back-on-Track 2022,2026-03-22,3.0818227987488545,0,short
IR15,Lausanne,Sursee,day,Lausanne → Sursee,CH,CH,133.29,SBB (Schweizerische Bundesbahnen SBB),day,0.04899697674418605,0.151,6.530807030232558,20.12679,13.59598296976744,90.3,Back-on-Track 2022,2026-03-22,3.081822798748855,0,short
S40,Lausanne,Vauderens,day,Lausanne → Vauderens,CH,CH,20.51,SBB (Schweizerische Bundesbahnen SBB),day,0.04899697674418605,0.151,1.004927993023256,3.09701,2.092082006976744,90.2,Back-on-Track 2022,2026-03-22,3.0818227987488545,0,short
IC,Zurich Hb,Lausanne,day,Zurich Hb → Lausanne,CH,CH,173.83,SBB (Schweizerische Bundesbahnen SBB),day,0.04899697674418605,0.151,8.517144467441861,26.248330000000003,17.731185532558143,90.3,Back-on-Track 2022,2026-03-22,3.081822798748855,0,short
IC51,Lausanne,Zwingen,day,Lausanne → Zwingen,CH,CH,122.77,SBB (Schweizerische Bundesbahnen SBB),day,0.04899697674418605,0.151,6.015358834883721,18.538269999999997,12.522911165116277,90.3,Back-on-Track 2022,2026-03-22,3.0818227987488545,0,short
C38,Strasbourg,Lauterbourg,day,Strasbourg → Lauterbourg,FR,FR,53.77,SNCF,day,0.04899697674418605,0.151,2.634567439534884,8.11927,5.4847025604651165,90.3,Back-on-Track 2022,2026-03-22,3.0818227987488545,0,short
F38,Woerth Rhein,Lauterbourg,day,Woerth Rhein → Lauterbourg,FR,FR,10.9,SNCF,day,0.04899697674418605,0.151,0.534067046511628,1.6459,1.111832953488372,90.4,Back-on-Track 2022,2026-03-22,3.0818227987488545,0,short
P25,Laval,Le Mans,day,Laval → le Mans,FR,FR,71.46,SNCF,day,0.04899697674418605,0.151,3.501323958139535,10.79046,7.2891360418604645,90.3,Back-on-Track 2022,2026-03-22,3.081822798748855,0,short
K4,Laval,Nantes,day,Laval → Nantes,FR,FR,111.99,SNCF,day,0.04899697674418605,0.151,5.487171425581396,16.91049,11.423318574418603,90.3,Back-on-Track 2022,2026-03-22,3.0818227987488545,0,short
P4,Rennes,Laval,day,Rennes → Laval,FR,FR,67.79,SNCF,day,0.04899697674418605,0.151,3.3215050534883725,10.23629,6.914784946511627,90.3,Back-on-Track 2022,2026-03-22,3.0818227987488545,0,short
R,Le Day,Le Brassus,day,le Day → le Brassus,CH,CH,20.57,SBB (Schweizerische Bundesbahnen SBB),day,0.04899697674418605,0.151,1.0078678116279072,3.10607,2.0982021883720927,90.2,Back-on-Track 2022,2026-03-22,3.081822798748854,0,short
C7,Vic Le Comte,Le Breuil Sur Couze Lycee Agricole,day,Vic le Comte → le Breuil Sur Couze Lycee Agricole,FR,FR,23.22,SNCF,day,0.04899697674418605,0.151,1.1377098,3.50622,2.3685102,90.1,Back-on-Track 2022,2026-03-22,3.0818227987488545,0,short
L34,Le Buisson,Perigueux,day,le Buisson → Perigueux,FR,FR,40.97,SNCF,day,0.04899697674418605,0.151,2.0074061372093026,6.18647,4.179063862790697,90.3,Back-on-Track 2022,2026-03-22,3.0818227987488545,0,short
R,Martigny,Le Chable Vs,day,Martigny → le Chable Vs,CH,CH,10.87,RA (Regionalps),day,0.04899697674418605,0.151,0.5325971372093024,1.6413699999999998,1.1087728627906974,90.4,Back-on-Track 2022,2026-03-22,3.0818227987488545,0,short
R,Le Chable Vs,Martigny Bourg,day,le Chable Vs → Martigny Bourg,CH,CH,11.3,RA (Regionalps),day,0.04899697674418605,0.151,0.5536658372093024,1.7063000000000001,1.1526341627906977,90.2,Back-on-Track 2022,2026-03-22,3.081822798748855,0,short
R,Martigny,Le Chatelard Frontiere,day,Martigny → le Chatelard Frontiere,CH,CH,11.56,TMR-mc (Transports de Martigny et Régions (mc)),day,0.04899697674418605,0.151,0.5664050511627907,1.74556,1.1791549488372093,90.4,Back-on-Track 2022,2026-03-22,3.081822798748855,0,short
R,Le Chatelard Frontiere,Vernayaz Mc,day,le Chatelard Frontiere → Vernayaz Mc,CH,CH,11.27,TMR-mc (Transports de Martigny et Régions (mc)),day,0.04899697674418605,0.151,0.5521959279069768,1.7017699999999998,1.149574072093023,90.1,Back-on-Track 2022,2026-03-22,3.081822798748854,0,short
K15,Le Mans,Le Croisic,day,le Mans → le Croisic,FR,FR,216.95,SNCF,day,0.04899697674418605,0.151,10.629894104651163,32.759449999999994,22.12955589534883,90.3,Back-on-Track 2022,2026-03-22,3.0818227987488545,0,short
K2,Nantes,Le Croisic,day,Nantes → le Croisic,FR,FR,73.3,SNCF,day,0.04899697674418605,0.151,3.591478395348837,11.068299999999999,7.476821604651162,90.2,Back-on-Track 2022,2026-03-22,3.0818227987488545,0,short
K1,Orleans,Le Croisic,day,Orleans → le Croisic,FR,FR,337.79,SNCF,day,0.04899697674418605,0.151,16.550688774418607,51.00629,34.45560122558139,90.3,Back-on-Track 2022,2026-03-22,3.0818227987488545,0,short
411A,Le Croisic,Paris Montparnasse Hall 1 2,day,le Croisic → Paris Montparnasse Hall 1 2,FR,FR,397.97,SNCF,day,0.04899697674418605,0.151,19.499326834883725,60.09347,40.59414316511628,90.3,Back-on-Track 2022,2026-03-22,3.0818227987488545,0,short
P1,Tours,Le Croisic,day,Tours → le Croisic,FR,FR,241.38,SNCF,day,0.04899697674418605,0.151,11.82689024651163,36.44838,24.62148975348837,90.3,Back-on-Track 2022,2026-03-22,3.0818227987488545,0,short
R,Le Day,Vevey,day,le Day → Vevey,CH,CH,44.39,SBB (Schweizerische Bundesbahnen SBB),day,0.04899697674418605,0.151,2.174975797674419,6.70289,4.527914202325581,90.3,Back-on-Track 2022,2026-03-22,3.0818227987488545,0,short
L24,Le Dorat,Limoges Benedictins,day,le Dorat → Limoges Benedictins,FR,FR,44.15,SNCF,day,0.04899697674418605,0.151,2.163216523255814,6.66665,4.503433476744186,90.3,Back-on-Track 2022,2026-03-22,3.081822798748855,0,short
L24,Poitiers,Le Dorat,day,Poitiers → le Dorat,FR,FR,70.55,SNCF,day,0.04899697674418605,0.151,3.4567367093023256,10.653049999999999,7.196313290697673,90.3,Back-on-Track 2022,2026-03-22,3.0818227987488545,0,short
P8,Le Grau Du Roi,Nimes Centre,day,le Grau du Roi → Nimes Centre,FR,FR,37.5,SNCF,day,0.04899697674418605,0.151,1.8373866279069768,5.6625,3.825113372093023,90.4,Back-on-Track 2022,2026-03-22,3.0818227987488545,0,short
TGV,Lyon Part Dieu,Le Havre,day,Lyon Part Dieu → le Havre,CH,CH,545.77,SNCF (Société Nationale des Chemins de fer Français),day,0.04899697674418605,0.151,26.74107999767442,82.41127,55.67019000232558,90.3,Back-on-Track 2022,2026-03-22,3.081822798748855,0,medium
081C,Le Havre,Marseille Saint Charles,day,le Havre → Marseille Saint Charles,FR,FR,797.15,SNCF,day,0.04899697674418605,0.151,39.057940011627906,120.36965,81.31170998837209,90.3,Back-on-Track 2022,2026-03-22,3.081822798748855,0,medium
K1+,Le Havre,Paris Saint Lazare,night,le Havre → Paris Saint Lazare,FR,FR,174.0,SNCF,night,0.04899697674418605,0.151,8.525473953488373,26.274,17.74852604651163,90.3,Back-on-Track 2022,2026-03-22,3.081822798748855,0,short
P1,Rouen Rive Droite,Le Havre,day,Rouen Rive Droite → le Havre,FR,FR,70.22,SNCF,day,0.04899697674418605,0.151,3.4405677069767444,10.60322,7.162652293023256,90.3,Back-on-Track 2022,2026-03-22,3.081822798748855,0,short
R,Le Landeron,Neuchatel,day,le Landeron → Neuchatel,CH,CH,11.93,SBB (Schweizerische Bundesbahnen SBB),day,0.04899697674418605,0.151,0.5845339325581396,1.8014299999999999,1.2168960674418603,90.1,Back-on-Track 2022,2026-03-22,3.0818227987488545,0,short
P29,Le Locle,Morteau,day,le Locle → Morteau,FR,FR,10.72,SNCF,day,0.04899697674418605,0.151,0.5252475906976745,1.61872,1.0934724093023256,90.3,Back-on-Track 2022,2026-03-22,3.0818227987488545,0,short
K15,Le Mans,Nantes,night,le Mans → Nantes,FR,FR,156.2,SNCF,night,0.04899697674418605,0.151,7.65332776744186,23.586199999999998,15.932872232558138,90.3,Back-on-Track 2022,2026-03-22,3.081822798748855,0,short
P3,Le Mans,Nogent Le Rotrou,day,le Mans → Nogent le Rotrou,FR,FR,58.71,SNCF,day,0.04899697674418605,0.151,2.8766125046511632,8.86521,5.988597495348836,90.3,Back-on-Track 2022,2026-03-22,3.081822798748854,0,short
K3,Le Mans,Paris Montparnasse Hall 1 2,night,le Mans → Paris Montparnasse Hall 1 2,FR,FR,183.02,SNCF,night,0.04899697674418605,0.151,8.967426683720932,27.636020000000002,18.668593316279072,90.3,Back-on-Track 2022,2026-03-22,3.0818227987488545,0,short
P41,Le Mans,Rennes,day,le Mans → Rennes,FR,FR,139.17,SNCF,day,0.04899697674418605,0.151,6.818909253488372,21.01467,14.195760746511628,90.3,Back-on-Track 2022,2026-03-22,3.081822798748855,0,short
P15,Le Mans,Sable Sur Sarthe,day,le Mans → Sable Sur Sarthe,FR,FR,43.36,SNCF,day,0.04899697674418605,0.151,2.124508911627907,6.547359999999999,4.422851088372092,90.2,Back-on-Track 2022,2026-03-22,3.0818227987488545,0,short
K30,Le Mans,Tours,day,le Mans → Tours,FR,FR,77.06,SNCF,day,0.04899697674418605,0.151,3.7757070279069773,11.63606,7.860352972093024,90.3,Back-on-Track 2022,2026-03-22,3.0818227987488545,0,short
K4,Le Mont Saint Michel,Villedieu Les Poeles,day,le Mont Saint Michel → Villedieu les Poeles,FR,FR,37.44,SNCF,day,0.04899697674418605,0.151,1.8344468093023256,5.65344,3.8189931906976744,90.4,Back-on-Track 2022,2026-03-22,3.081822798748855,0,short
R,Tavannes,Le Noirmont,day,Tavannes → le Noirmont,CH,CH,18.52,CJ (Chemins de fer du Jura),day,0.04899697674418605,0.151,0.9074240093023256,2.7965199999999997,1.889095990697674,90.3,Back-on-Track 2022,2026-03-22,3.0818227987488545,0,short
R,Le Noirmont,Tramelan,day,le Noirmont → Tramelan,CH,CH,11.16,CJ (Chemins de fer du Jura),day,0.04899697674418605,0.151,0.5468062604651164,1.68516,1.1383537395348835,90.1,Back-on-Track 2022,2026-03-22,3.0818227987488545,0,short
K14,Le Peage De Roussillon,Valence Gare Routiere,day,le Peage de Roussillon → Valence,FR,FR,50.01,SNCF,day,0.04899697674418605,0.151,2.4503388069767444,7.5515099999999995,5.101171193023255,90.3,Back-on-Track 2022,2026-03-22,3.0818227987488545,0,short
P173,Le Puy En Velay,Marvejols Place Du Chayla,day,le Puy En Velay → Marvejols Place du Chayla,FR,FR,71.97,SNCF,day,0.04899697674418605,0.151,3.52631241627907,10.867469999999999,7.341157583720928,90.3,Back-on-Track 2022,2026-03-22,3.0818227987488545,0,short
P28,St Etienne Chatcrx G Routiere,Le Puy En Velay,day,St Etienne Chatcrx G → le Puy En Velay,FR,FR,59.69,SNCF,day,0.04899697674418605,0.151,2.9246295418604653,9.01319,6.0885604581395345,90.2,Back-on-Track 2022,2026-03-22,3.0818227987488545,0,short
P28,Le Puy En Velay,Vorey,day,le Puy En Velay → Vorey,FR,FR,15.64,SNCF,day,0.04899697674418605,0.151,0.7663127162790698,2.36164,1.59532728372093,90.2,Back-on-Track 2022,2026-03-22,3.0818227987488545,0,short
EXT,Le Sentier L Orient,Vallorbe,day,le Sentier l Orient → Vallorbe,CH,CH,15.92,SBB (Schweizerische Bundesbahnen SBB),day,0.04899697674418605,0.151,0.7800318697674419,2.40392,1.623888130232558,90.4,Back-on-Track 2022,2026-03-22,3.0818227987488545,0,short
K14,Le Teil,Pierrelatte,day,le Teil → Pierrelatte,FR,FR,19.84,SNCF,day,0.04899697674418605,0.151,0.9721000186046512,2.99584,2.0237399813953485,90.2,Back-on-Track 2022,2026-03-22,3.0818227987488545,0,short
P29,Morteau,Le Valdahon,day,Morteau → le Valdahon,FR,FR,22.56,SNCF,day,0.04899697674418605,0.151,1.1053717953488373,3.40656,2.3011882046511625,90.2,Back-on-Track 2022,2026-03-22,3.0818227987488545,0,short
Leipzig Hbf → Leer(Ostfriesl),Leipzig Hbf,Leer Ostfriesl,night,Leipzig → Leer Ostfriesl,DE,DE,394.62,DB,night,0.04899697674418605,0.151,19.3351869627907,59.58762,40.2524330372093,90.3,Back-on-Track 2022,2026-03-22,3.0818227987488545,0,short
Magdeburg Hbf → Leer(Ostfriesl),Magdeburg Hbf,Leer Ostfriesl,night,Magdeburg → Leer Ostfriesl,DE,DE,306.05,DB,night,0.04899697674418605,0.151,14.995524732558142,46.21355,31.218025267441856,90.3,Back-on-Track 2022,2026-03-22,3.0818227987488545,0,short
Singen(Hohentwiel) → Leer(Ostfriesl),Singen Hohentwiel,Leer Ostfriesl,day,Singen Hohentwiel → Leer Ostfriesl,DE,DE,616.29,DB,day,0.04899697674418605,0.151,30.19634679767442,93.05978999999999,62.86344320232557,90.3,Back-on-Track 2022,2026-03-22,3.0818227987488545,0,medium
Magdeburg Hbf → Leipzig Hbf,Magdeburg Hbf,Leipzig Hbf,night,Magdeburg → Leipzig,DE,DE,101.59,DB,night,0.04899697674418605,0.151,4.977602867441861,15.34009,10.36248713255814,90.3,Back-on-Track 2022,2026-03-22,3.081822798748855,0,short
Norddeich → Leipzig Hbf,Norddeich,Leipzig Hbf,night,Norddeich → Leipzig,DE,DE,434.64,DB,night,0.04899697674418605,0.151,21.296045972093026,65.63064,44.334594027906974,90.3,Back-on-Track 2022,2026-03-22,3.0818227987488545,0,short
Oldenburg(Oldb) → Leipzig Hbf,Oldenburg Oldb,Leipzig Hbf,day,Oldenburg Oldb → Leipzig,DE,DE,346.61,DB,day,0.04899697674418605,0.151,16.98284210930233,52.33811,35.355267890697675,90.3,Back-on-Track 2022,2026-03-22,3.0818227987488545,0,short
Leipzig Hbf → Praha hl.n.,Leipzig Hbf,Praha Hl N,night,Leipzig → Praha Hl N,DE,DE,201.52,CD,night,0.04899697674418605,0.151,9.873870753488374,30.42952,20.555649246511628,90.3,Back-on-Track 2022,2026-03-22,3.0818227987488545,0,short
Leipzig Hbf → Rostock Hbf,Leipzig Hbf,Rostock Hbf,day,Leipzig → Rostock,DE,DE,304.34,DB,day,0.04899697674418605,0.151,14.911739902325582,45.95533999999999,31.04360009767441,90.3,Back-on-Track 2022,2026-03-22,3.0818227987488545,0,short
Stuttgart Hbf → Leipzig Hbf,Stuttgart Hbf,Leipzig Hbf,day,Stuttgart → Leipzig,DE,DE,365.03,DB,day,0.04899697674418605,0.151,17.885366420930232,55.11953,37.234163579069765,90.3,Back-on-Track 2022,2026-03-22,3.081822798748855,0,short
Leipzig Hbf → Warnemünde,Leipzig Hbf,Warnemunde,day,Leipzig → Warnemunde,DE,DE,315.44,DB,day,0.04899697674418605,0.151,15.455606344186048,47.63144,32.175833655813946,90.3,Back-on-Track 2022,2026-03-22,3.0818227987488545,0,short
Leipzig Hbf → Wiesbaden Hbf,Leipzig Hbf,Wiesbaden Hbf,night,Leipzig → Wiesbaden,DE,DE,323.99,DB,night,0.04899697674418605,0.151,15.87453049534884,48.92249,33.04795950465116,90.3,Back-on-Track 2022,2026-03-22,3.081822798748855,0,short
R,Zweisimmen,Lenk Im Simmental,day,Zweisimmen → Lenk im Simmental,CH,CH,11.79,MOB (Montreux-Oberland Bernois),day,0.04899697674418605,0.151,0.5776743558139535,1.7802899999999997,1.202615644186046,90.0,Back-on-Track 2022,2026-03-22,3.081822798748854,0,short
C41,Lens,Lille Flandres,day,Lens → Lille Flandres,FR,FR,28.9,SNCF,day,0.04899697674418605,0.151,1.416012627906977,4.363899999999999,2.9478873720930223,90.4,Back-on-Track 2022,2026-03-22,3.081822798748854,0,short
P51,Saint Pol Sur Ternoise,Lens,day,Saint Pol Sur Ternoise → Lens,FR,FR,35.06,SNCF,day,0.04899697674418605,0.151,1.717834004651163,5.29406,3.576225995348837,90.3,Back-on-Track 2022,2026-03-22,3.0818227987488545,0,short
S9,Luzern,Lenzburg,day,Luzern → Lenzburg,CH,CH,39.36,SBB (Schweizerische Bundesbahnen SBB),day,0.04899697674418605,0.151,1.928521004651163,5.943359999999999,4.014838995348836,90.3,Back-on-Track 2022,2026-03-22,3.0818227987488545,0,short
S26,Muri Ag,Lenzburg,day,Muri Ag → Lenzburg,CH,CH,18.03,SBB (Schweizerische Bundesbahnen SBB),day,0.04899697674418605,0.151,0.8834154906976746,2.72253,1.8391145093023253,90.4,Back-on-Track 2022,2026-03-22,3.0818227987488545,0,short
S26,Lenzburg,Rotkreuz,day,Lenzburg → Rotkreuz,CH,CH,33.98,SBB (Schweizerische Bundesbahnen SBB),day,0.04899697674418605,0.151,1.664917269767442,5.130979999999999,3.466062730232557,90.2,Back-on-Track 2022,2026-03-22,3.0818227987488545,0,short
S11,Sennhof Kyburg,Lenzburg,day,Sennhof Kyburg → Lenzburg,CH,CH,45.13,SBB (Schweizerische Bundesbahnen SBB),day,0.04899697674418605,0.151,2.2112335604651165,6.81463,4.603396439534883,90.3,Back-on-Track 2022,2026-03-22,3.0818227987488545,0,short
S11,Seuzach,Lenzburg,day,Seuzach → Lenzburg,CH,CH,45.66,SBB (Schweizerische Bundesbahnen SBB),day,0.04899697674418605,0.151,2.237201958139535,6.894659999999999,4.657458041860464,90.3,Back-on-Track 2022,2026-03-22,3.0818227987488545,0,short
S11,Lenzburg,Winterthur Seen,day,Lenzburg → Winterthur Seen,CH,CH,46.11,SBB (Schweizerische Bundesbahnen SBB),day,0.04899697674418605,0.151,2.2592505976744186,6.96261,4.703359402325582,90.2,Back-on-Track 2022,2026-03-22,3.081822798748855,0,short
S28,Lenzburg,Zofingen,day,Lenzburg → Zofingen,CH,CH,20.61,SBB (Schweizerische Bundesbahnen SBB),day,0.04899697674418605,0.151,1.0098276906976744,3.11211,2.1022823093023257,90.2,Back-on-Track 2022,2026-03-22,3.081822798748855,0,short
RE,Lenzburg,Zurich Hb,day,Lenzburg → Zurich Hb,CH,CH,27.88,SBB (Schweizerische Bundesbahnen SBB),day,0.04899697674418605,0.151,1.366035711627907,4.20988,2.843844288372093,90.3,Back-on-Track 2022,2026-03-22,3.081822798748855,0,short
C9,Les Arcs Draguignan,Marseille Saint Charles,day,les Arcs Draguignan → Marseille Saint Charles,FR,FR,90.67,SNCF,day,0.04899697674418605,0.151,4.442555881395349,13.69117,9.24861411860465,90.3,Back-on-Track 2022,2026-03-22,3.0818227987488545,0,short
C13,Les Arcs Draguignan,Menton,day,les Arcs Draguignan → Menton,FR,FR,88.75,SNCF Voyageurs SA,day,0.04899697674418605,0.151,4.348481686046512,13.40125,9.052768313953488,90.3,Back-on-Track 2022,2026-03-22,3.081822798748855,0,short
C13,Les Arcs Draguignan,Nice Ville,day,les Arcs Draguignan → Nice Ville,FR,FR,68.61,SNCF Voyageurs SA,day,0.04899697674418605,0.151,3.3616825744186047,10.360109999999999,6.998427425581394,90.3,Back-on-Track 2022,2026-03-22,3.0818227987488545,0,short
C9,Les Arcs Draguignan,Toulon,day,les Arcs Draguignan → Toulon,FR,FR,57.69,SNCF,day,0.04899697674418605,0.151,2.8266355883720933,8.71119,5.8845544116279065,90.3,Back-on-Track 2022,2026-03-22,3.081822798748855,0,short
P4,Limoges Benedictins,Les Aubrais,day,Limoges Benedictins → les Aubrais,FR,FR,237.48,SNCF,day,0.04899697674418605,0.151,11.635802037209302,35.85948,24.223677962790696,90.3,Back-on-Track 2022,2026-03-22,3.081822798748855,0,short
K8+,Paris Austerlitz,Les Aubrais,day,Paris Austerlitz → les Aubrais,FR,FR,107.27,SNCF,day,0.04899697674418605,0.151,5.2559056953488374,16.19777,10.941864304651162,90.3,Back-on-Track 2022,2026-03-22,3.0818227987488545,0,short
K8+,Les Aubrais,Saint Pierre Des Corps,night,les Aubrais → Saint Pierre des Corps,FR,FR,107.08,SNCF,night,0.04899697674418605,0.151,5.246596269767442,16.16908,10.922483730232559,90.3,Back-on-Track 2022,2026-03-22,3.081822798748855,0,short
R,Saignelegier,Les Bois,day,Saignelegier → les Bois,CH,CH,10.91,CJ (Chemins de fer du Jura),day,0.04899697674418605,0.151,0.5345570162790698,1.64741,1.1128529837209302,90.4,Back-on-Track 2022,2026-03-22,3.081822798748855,0,short
P52,Les Houches,Vallorcine,day,les Houches → Vallorcine,FR,FR,18.67,SNCF,day,0.04899697674418605,0.151,0.9147735558139537,2.81917,1.9043964441860464,90.3,Back-on-Track 2022,2026-03-22,3.0818227987488545,0,short
K8,Les Sables D Olonne,Nantes,day,les Sables d Olonne → Nantes,FR,FR,81.82,SNCF,day,0.04899697674418605,0.151,4.008932637209302,12.354819999999998,8.345887362790696,90.2,Back-on-Track 2022,2026-03-22,3.081822798748855,0,short
411B,Les Sables D Olonne,Paris Montparnasse Hall 1 2,night,les Sables D Olonne → Paris Montparnasse Hall 1 2,FR,FR,402.5,SNCF,night,0.04899697674418605,0.151,19.721283139534886,60.777499999999996,41.05621686046511,90.3,Back-on-Track 2022,2026-03-22,3.0818227987488545,0,short
P75,Saumur,Les Sables D Olonne,day,Saumur → les Sables d Olonne,FR,FR,155.54,SNCF,day,0.04899697674418605,0.151,7.620989762790698,23.486539999999998,15.8655502372093,90.3,Back-on-Track 2022,2026-03-22,3.0818227987488545,0,short
L42,Pauillac,Lesparre,day,Pauillac → Lesparre,FR,FR,18.58,SNCF,day,0.04899697674418605,0.151,0.9103638279069768,2.8055799999999995,1.8952161720930227,90.3,Back-on-Track 2022,2026-03-22,3.0818227987488545,0,short
D31,Limoges Benedictins,Libourne,day,Limoges Benedictins → Libourne,FR,FR,155.78,SNCF,day,0.04899697674418605,0.151,7.632749037209303,23.52278,15.890030962790698,90.3,Back-on-Track 2022,2026-03-22,3.081822798748855,0,short
L31,Perigueux,Libourne,day,Perigueux → Libourne,FR,FR,80.08,SNCF,day,0.04899697674418605,0.151,3.923677897674419,12.09208,8.16840210232558,90.3,Back-on-Track 2022,2026-03-22,3.0818227987488545,0,short
D33,Libourne,Sarlat,day,Libourne → Sarlat,FR,FR,114.83,SNCF,day,0.04899697674418605,0.151,5.626322839534884,17.33933,11.713007160465116,90.3,Back-on-Track 2022,2026-03-22,3.0818227987488545,0,short
L32,Tulle,Libourne,day,Tulle → Libourne,FR,FR,161.02,SNCF,day,0.04899697674418605,0.151,7.889493195348838,24.31402,16.424526804651162,90.3,Back-on-Track 2022,2026-03-22,3.0818227987488545,0,short
P811,Liepvre Route La Vancelle,Selestat,day,Liepvre Route la Vancelle → Selestat,FR,FR,11.49,SNCF,day,0.04899697674418605,0.151,0.5629752627906978,1.73499,1.1720147372093024,90.3,Back-on-Track 2022,2026-03-22,3.0818227987488545,0,short
P811,Liepvre Rue Robert Guth,Selestat Schwilgue,day,Liepvre Rue Robert Guth → Selestat Schwilgue,FR,FR,13.28,SNCF,day,0.04899697674418605,0.151,0.6506798511627907,2.00528,1.3546001488372093,90.1,Back-on-Track 2022,2026-03-22,3.081822798748855,0,short
001A,Lille Europe,Lyon Part Dieu,day,Lille Europe → Lyon Part Dieu,FR,FR,558.33,SNCF,day,0.04899697674418605,0.151,27.3564820255814,84.30783000000001,56.95134797441861,90.3,Back-on-Track 2022,2026-03-22,3.081822798748855,0,medium
001A,Lyon Perrache,Lille Europe,day,Lyon Perrache → Lille Europe,FR,FR,559.06,SNCF,day,0.04899697674418605,0.151,27.39224981860465,84.41805999999998,57.02581018139533,90.3,Back-on-Track 2022,2026-03-22,3.0818227987488545,0,medium
001B,Lille Europe,Marseille Saint Charles,night,Lille Europe → Marseille Saint Charles,FR,FR,834.23,SNCF,night,0.04899697674418605,0.151,40.87474790930233,125.96873,85.09398209069766,90.3,Back-on-Track 2022,2026-03-22,3.0818227987488545,0,medium
001B,Lille Europe,Montpellier Saint Roch,day,Lille Europe → Montpellier Saint Roch,FR,FR,784.57,SNCF,day,0.04899697674418605,0.151,38.44155804418605,118.47007,80.02851195581395,90.3,Back-on-Track 2022,2026-03-22,3.0818227987488545,0,medium
001A,Lille Europe,Montpellier Sud De France,day,Lille Europe → Montpellier Sud de France,FR,FR,785.9,SNCF,day,0.04899697674418605,0.151,38.50672402325581,118.67089999999999,80.16417597674418,90.3,Back-on-Track 2022,2026-03-22,3.081822798748855,0,medium
003B,Lille Europe,Nantes,day,Lille Europe → Nantes,FR,FR,508.32,SNCF,day,0.04899697674418605,0.151,24.906143218604655,76.75632,51.85017678139535,90.3,Back-on-Track 2022,2026-03-22,3.0818227987488545,0,medium
261B,Lille Europe,Paris Gare Du Nord,day,Lille Europe → Paris du Nord,FR,FR,202.36,SNCF,day,0.04899697674418605,0.151,9.915028213953489,30.55636,20.641331786046514,90.3,Back-on-Track 2022,2026-03-22,3.081822798748855,0,short
K94+,Rang Du Fliers Verton Berck,Lille Europe,day,Rang du Fliers Verton Berck → Lille Europe,FR,FR,103.93,SNCF,day,0.04899697674418605,0.151,5.092255793023257,15.693430000000001,10.601174206976744,90.2,Back-on-Track 2022,2026-03-22,3.081822798748855,0,short
003C,Lille Europe,Rennes,day,Lille Europe → Rennes,FR,FR,444.5,SNCF,day,0.04899697674418605,0.151,21.7791561627907,67.1195,45.3403438372093,90.3,Back-on-Track 2022,2026-03-22,3.081822798748855,0,short
533A,Lille Flandres,Lyon Part Dieu,day,Lille Flandres → Lyon Part Dieu,FR,FR,558.13,SNCF,day,0.04899697674418605,0.151,27.34668263023256,84.27763,56.93094736976744,90.3,Back-on-Track 2022,2026-03-22,3.081822798748855,0,medium
001B,Lyon Perrache,Lille Flandres,day,Lyon Perrache → Lille Flandres,FR,FR,558.85,SNCF,day,0.04899697674418605,0.151,27.381960453488375,84.38635000000001,57.00438954651163,90.3,Back-on-Track 2022,2026-03-22,3.081822798748855,0,medium
533A,Marne La Vallee Chessy,Lille Flandres,day,Marne la Vallee Chessy → Lille Flandres,FR,FR,197.53,SNCF,day,0.04899697674418605,0.151,9.67837281627907,29.82703,20.14865718372093,90.3,Back-on-Track 2022,2026-03-22,3.081822798748855,0,short
001B,Lille Flandres,Marseille Saint Charles,night,Lille Flandres → Marseille Saint Charles,FR,FR,834.01,SNCF,night,0.04899697674418605,0.151,40.86396857441861,125.93551,85.07154142558139,90.3,Back-on-Track 2022,2026-03-22,3.0818227987488545,0,medium
K60,Maubeuge,Lille Flandres,day,Maubeuge → Lille Flandres,FR,FR,75.28,SNCF,day,0.04899697674418605,0.151,3.688492409302326,11.36728,7.678787590697674,90.3,Back-on-Track 2022,2026-03-22,3.0818227987488545,0,short
001G,Lille Flandres,Modane,night,Lille Flandres → Modane,FR,FR,661.51,SNCF,night,0.04899697674418605,0.151,32.411990086046515,99.88801,67.47601991395348,90.3,Back-on-Track 2022,2026-03-22,3.0818227987488545,0,medium
001B,Montpellier Saint Roch,Lille Flandres,night,Montpellier Saint Roch → Lille Flandres,FR,FR,784.29,SNCF,night,0.04899697674418605,0.151,38.42783889069768,118.42778999999999,79.99995110930232,90.3,Back-on-Track 2022,2026-03-22,3.0818227987488545,0,medium
533A,Montpellier Sud De France,Lille Flandres,day,Montpellier Sud de France → Lille Flandres,FR,FR,785.62,SNCF,day,0.04899697674418605,0.151,38.49300486976745,118.62862,80.13561513023255,90.3,Back-on-Track 2022,2026-03-22,3.0818227987488545,0,medium
003B,Lille Flandres,Nantes,day,Lille Flandres → Nantes,FR,FR,507.8,SNCF,day,0.04899697674418605,0.151,24.880664790697676,76.6778,51.797135209302326,90.3,Back-on-Track 2022,2026-03-22,3.081822798748855,0,medium
K71,Saint Omer,Lille Flandres,day,Saint Omer → Lille Flandres,FR,FR,58.05,SNCF,day,0.04899697674418605,0.151,2.8442745,8.76555,5.921275499999999,90.3,Back-on-Track 2022,2026-03-22,3.0818227987488545,0,short
261B,Lille Flandres,Paris Gare Du Nord,night,Lille Flandres → Paris du Nord,FR,FR,201.95,SNCF,night,0.04899697674418605,0.151,9.894939453488373,30.494449999999997,20.599510546511624,90.3,Back-on-Track 2022,2026-03-22,3.0818227987488545,0,short
C50,Saint Pol Sur Ternoise,Lille Flandres,day,Saint Pol Sur Ternoise → Lille Flandres,FR,FR,59.06,SNCF,day,0.04899697674418605,0.151,2.893761446511628,8.91806,6.024298553488372,90.2,Back-on-Track 2022,2026-03-22,3.081822798748855,0,short
K40,Lille Flandres,Saint Quentin,day,Lille Flandres → Saint Quentin,FR,FR,90.03,SNCF,day,0.04899697674418605,0.151,4.411197816279071,13.594529999999999,9.183332183720928,90.3,Back-on-Track 2022,2026-03-22,3.081822798748854,0,short
K45,Lille Flandres,Rouen Rive Droite,day,Lille Flandres → Rouen Rive Droite,FR,FR,193.26,SNCF,day,0.04899697674418605,0.151,9.469155725581397,29.18226,19.713104274418605,90.3,Back-on-Track 2022,2026-03-22,3.0818227987488545,0,short
P80,Lille Flandres,Tourcoing,day,Lille Flandres → Tourcoing,FR,FR,11.29,SNCF,day,0.04899697674418605,0.151,0.5531758674418604,1.7047899999999998,1.1516141325581395,90.2,Back-on-Track 2022,2026-03-22,3.081822798748855,0,short
P81,Lille Flandres,Tournai,day,Lille Flandres → Tournai,FR,FR,23.15,SNCF,day,0.04899697674418605,0.151,1.134280011627907,3.4956499999999995,2.3613699883720924,90.4,Back-on-Track 2022,2026-03-22,3.0818227987488545,0,short
C60,Valenciennes,Lille Flandres,day,Valenciennes → Lille Flandres,FR,FR,43.87,SNCF,day,0.04899697674418605,0.151,2.1494973697674418,6.624369999999999,4.474872630232557,90.3,Back-on-Track 2022,2026-03-22,3.0818227987488545,0,short
L26,Meymac,Limoges Benedictins,day,Meymac → Limoges Benedictins,FR,FR,77.51,SNCF,day,0.04899697674418605,0.151,3.797755667441861,11.70401,7.90625433255814,90.2,Back-on-Track 2022,2026-03-22,3.0818227987488545,0,short
L24,Limoges Benedictins,Mignaloux Nouaille,night,Limoges Benedictins → Mignaloux Nouaille,FR,FR,101.12,SNCF,night,0.04899697674418605,0.151,4.954574288372093,15.269120000000001,10.314545711627908,90.2,Back-on-Track 2022,2026-03-22,3.081822798748855,0,short
L25,Limoges Benedictins,Montlucon,day,Limoges Benedictins → Montlucon,FR,FR,116.68,SNCF,day,0.04899697674418605,0.151,5.716967246511628,17.61868,11.901712753488372,90.3,Back-on-Track 2022,2026-03-22,3.081822798748855,0,short
P4,Limoges Benedictins,Orleans,night,Limoges Benedictins → Orleans,FR,FR,235.39,SNCF,night,0.04899697674418605,0.151,11.533398355813954,35.54389,24.010491644186043,90.3,Back-on-Track 2022,2026-03-22,3.0818227987488545,0,short
D31,Limoges Benedictins,Perigueux,day,Limoges Benedictins → Perigueux,FR,FR,84.29,SNCF,day,0.04899697674418605,0.151,4.129955169767443,12.72779,8.597834830232557,90.3,Back-on-Track 2022,2026-03-22,3.0818227987488545,0,short
L24,Limoges Benedictins,Poitiers,night,Limoges Benedictins → Poitiers,FR,FR,109.77,SNCF,night,0.04899697674418605,0.151,5.378398137209302,16.57527,11.196871862790697,90.3,Back-on-Track 2022,2026-03-22,3.081822798748855,0,short
L18,Saillat Chassenon,Limoges Benedictins,day,Saillat Chassenon → Limoges Benedictins,FR,FR,35.47,SNCF,day,0.04899697674418605,0.151,1.7379227651162792,5.355969999999999,3.6180472348837203,90.2,Back-on-Track 2022,2026-03-22,3.0818227987488545,0,short
L26,Ussel,Limoges Benedictins,day,Ussel → Limoges Benedictins,FR,FR,87.02,SNCF,day,0.04899697674418605,0.151,4.26371691627907,13.14002,8.87630308372093,90.3,Back-on-Track 2022,2026-03-22,3.081822798748855,0,short
P4,Vierzon,Limoges Benedictins,day,Vierzon → Limoges Benedictins,FR,FR,166.05,SNCF,day,0.04899697674418605,0.151,8.135947988372095,25.07355,16.937602011627906,90.3,Back-on-Track 2022,2026-03-22,3.0818227987488545,0,short
L23,Limoges Benedictins,Saint Yrieix,day,Limoges Benedictins → Saint Yrieix,FR,FR,35.57,SNCF,day,0.04899697674418605,0.151,1.7428224627906979,5.37107,3.628247537209302,90.2,Back-on-Track 2022,2026-03-22,3.0818227987488545,0,short
P3,Quillan,Limoux,day,Quillan → Limoux,FR,FR,20.56,SNCF,day,0.04899697674418605,0.151,1.007377841860465,3.1045599999999998,2.0971821581395345,90.2,Back-on-Track 2022,2026-03-22,3.081822798748855,0,short
RE,Lindau Reutin,Singen Hohentwiel,day,Lindau Reutin → Singen Hohentwiel,CH,CH,68.53,DB Regio (DB Regio AG Baden-Württemberg),day,0.04899697674418605,0.151,3.3577628162790703,10.34803,6.990267183720929,90.3,Back-on-Track 2022,2026-03-22,3.0818227987488545,0,short
RE,Ulm Hbf,Lindau Reutin,day,Ulm → Lindau Reutin,CH,CH,96.45,DB Regio (DB Regio AG Baden-Württemberg),day,0.04899697674418605,0.151,4.725758406976745,14.56395,9.838191593023256,90.3,Back-on-Track 2022,2026-03-22,3.0818227987488545,0,short
Lindau Hbf → Zürich HB,Lindau Hbf,Zurich Hb,day,Lindau → Zurich Hb,DE,DE,87.69,SBB,day,0.04899697674418605,0.151,4.296544890697675,13.24119,8.944645109302325,90.3,Back-on-Track 2022,2026-03-22,3.0818227987488545,0,short
S25,Nafels Mollis,Linthal,day,Nafels Mollis → Linthal,CH,CH,20.02,SBB (Schweizerische Bundesbahnen SBB),day,0.04899697674418605,0.151,0.9809194744186047,3.02302,2.042100525581395,90.3,Back-on-Track 2022,2026-03-22,3.0818227987488545,0,short
S25,Pfaffikon Sz,Linthal,day,Pfaffikon Sz → Linthal,CH,CH,35.05,SBB (Schweizerische Bundesbahnen SBB),day,0.04899697674418605,0.151,1.717344034883721,5.292549999999999,3.5752059651162784,90.3,Back-on-Track 2022,2026-03-22,3.0818227987488545,0,short
S6,Rapperswil Sg,Linthal,day,Rapperswil Sg → Linthal,CH,CH,36.0,SOB-sob (Schweizerische Südostbahn (sob)),day,0.04899697674418605,0.151,1.763891162790698,5.436,3.672108837209302,90.3,Back-on-Track 2022,2026-03-22,3.0818227987488545,0,short
S25,Linthal,Ziegelbrucke,day,Linthal → Ziegelbrucke,CH,CH,23.89,SBB (Schweizerische Bundesbahnen SBB),day,0.04899697674418605,0.151,1.1705377744186047,3.60739,2.4368522255813954,90.4,Back-on-Track 2022,2026-03-22,3.081822798748855,0,short
S25,Zurich Hb,Linthal,day,Zurich Hb → Linthal,CH,CH,61.08,SBB (Schweizerische Bundesbahnen SBB),day,0.04899697674418605,0.151,2.992735339534884,9.22308,6.230344660465116,90.2,Back-on-Track 2022,2026-03-22,3.0818227987488545,0,short
A98,Linz Donau Hauptbahnhof 10,Wien Hauptbahnhof,night,Linz Donau 10 → Wien,AT,AT,154.94,ÖBB,night,0.04899697674418605,0.151,7.591591576744187,23.39594,15.804348423255814,90.3,Back-on-Track 2022,2026-03-22,3.0818227987488545,0,short
REX2,Salzburg Hauptbahnhof,Linz Donau Hauptbahnhof 12,night,Salzburg → Linz Donau 12,AT,AT,106.76,ÖBB,night,0.04899697674418605,0.151,5.230917237209303,16.12076,10.889842762790698,90.3,Back-on-Track 2022,2026-03-22,3.081822798748855,0,short
REX2,Linz Donau Hauptbahnhof 2,Salzburg Taxham Europark S Bahn,night,Linz Donau 2 → Salzburg Taxham Europark S Bahn,AT,AT,108.89,ÖBB,night,0.04899697674418605,0.151,5.335280797674419,16.44239,11.107109202325582,90.3,Back-on-Track 2022,2026-03-22,3.0818227987488545,0,short
A94,St Margrethen Bahnhof,Linz Donau Hauptbahnhof 6,night,St Margrethen → Linz Donau 6,AT,AT,359.34,ÖBB,night,0.04899697674418605,0.151,17.606573623255816,54.26033999999999,36.65376637674417,90.3,Back-on-Track 2022,2026-03-22,3.081822798748854,0,short
A19,Wien Hauptbahnhof,Linz Donau Hauptbahnhof 6,night,Wien → Linz Donau 6,AT,AT,154.97,ÖBB,night,0.04899697674418605,0.151,7.593061486046512,23.40047,15.807408513953487,90.3,Back-on-Track 2022,2026-03-22,3.0818227987488545,0,short
REX2,Linz Donau Hauptbahnhof 7,Salzburg Hauptbahnhof,night,Linz Donau 7 → Salzburg,AT,AT,106.76,ÖBB,night,0.04899697674418605,0.151,5.230917237209303,16.12076,10.889842762790698,90.3,Back-on-Track 2022,2026-03-22,3.081822798748855,0,short
A94,St Margrethen Bahnhof,Linz Donau Hauptbahnhof 7,night,St Margrethen → Linz Donau 7,AT,AT,359.35,ÖBB,night,0.04899697674418605,0.151,17.60706359302326,54.26185,36.65478640697674,90.3,Back-on-Track 2022,2026-03-22,3.0818227987488545,0,short
A98,Linz Donau Hauptbahnhof 7,Wien Hauptbahnhof,night,Linz Donau 7 → Wien,AT,AT,154.96,ÖBB,night,0.04899697674418605,0.151,7.592571516279071,23.39896,15.806388483720928,90.3,Back-on-Track 2022,2026-03-22,3.0818227987488545,0,short
A1,Salzburg Hauptbahnhof,Linz Donau Hauptbahnhof 9,night,Salzburg → Linz Donau 9,AT,AT,106.74,ÖBB,night,0.04899697674418605,0.151,5.229937297674419,16.117739999999998,10.88780270232558,90.3,Back-on-Track 2022,2026-03-22,3.0818227987488545,0,short
P3,Lisieux,Trouville Deauville,day,Lisieux → Trouville Deauville,FR,FR,26.86,SNCF,day,0.04899697674418605,0.151,1.3160587953488372,4.05586,2.7398012046511626,90.2,Back-on-Track 2022,2026-03-22,3.081822798748855,0,short
R,Locarno Fart,Verdasio,day,Locarno Fart → Verdasio,CH,CH,11.84,FART (Ferrovie Autolinee Regionali Ticinesi),day,0.04899697674418605,0.151,0.5801242046511629,1.7878399999999999,1.2077157953488369,90.0,Back-on-Track 2022,2026-03-22,3.0818227987488545,0,short
RE,Lugano,Locarno,day,Lugano → Locarno,CH,CH,21.69,SBB (Schweizerische Bundesbahnen SBB),day,0.04899697674418605,0.151,1.0627444255813956,3.2751900000000003,2.212445574418605,90.4,Back-on-Track 2022,2026-03-22,3.0818227987488545,0,short
EXT,Luzern,Locarno,day,Luzern → Locarno,CH,CH,104.56,SBB (Schweizerische Bundesbahnen SBB),day,0.04899697674418605,0.151,5.123123888372094,15.78856,10.665436111627907,90.3,Back-on-Track 2022,2026-03-22,3.0818227987488545,0,short
RE,Milano Centrale,Locarno,day,Milano → Locarno,CH,CH,82.36,SBB (Schweizerische Bundesbahnen SBB),day,0.04899697674418605,0.151,4.035391004651163,12.436359999999999,8.400968995348837,90.3,Back-on-Track 2022,2026-03-22,3.0818227987488545,0,short
IR26,Locarno,Olten,day,Locarno → Olten,CH,CH,147.77,SOB-sob (Schweizerische Südostbahn (sob)),day,0.04899697674418605,0.151,7.240283253488373,22.31327,15.072986746511626,90.3,Back-on-Track 2022,2026-03-22,3.0818227987488545,0,short
IC,Locarno,Zurich Hb,day,Locarno → Zurich Hb,CH,CH,135.54,SBB (Schweizerische Bundesbahnen SBB),day,0.04899697674418605,0.151,6.641050227906977,20.46654,13.825489772093022,90.3,Back-on-Track 2022,2026-03-22,3.081822798748855,0,short
P31,Tours,Loches,day,Tours → Loches,FR,FR,37.03,SNCF,day,0.04899697674418605,0.151,1.8143580488372095,5.59153,3.7771719511627904,90.2,Back-on-Track 2022,2026-03-22,3.0818227987488545,0,short
S20,Olten,Lommiswil,day,Olten → Lommiswil,CH,CH,36.23,SBB (Schweizerische Bundesbahnen SBB),day,0.04899697674418605,0.151,1.7751604674418604,5.47073,3.6955695325581392,90.2,Back-on-Track 2022,2026-03-22,3.081822798748855,0,short
P853,Longwy,Longuyon,day,Longwy → Longuyon,FR,FR,14.15,SNCF,day,0.04899697674418605,0.151,0.6933072209302327,2.13665,1.4433427790697673,90.2,Back-on-Track 2022,2026-03-22,3.0818227987488545,0,short
P47,Longuyon,Nancy,day,Longuyon → Nancy,FR,FR,93.62,SNCF,day,0.04899697674418605,0.151,4.587096962790699,14.13662,9.549523037209301,90.3,Back-on-Track 2022,2026-03-22,3.0818227987488545,0,short
P58,Longuyon,Thionville,day,Longuyon → Thionville,FR,FR,42.04,SNCF,day,0.04899697674418605,0.151,2.0598329023255815,6.348039999999999,4.288207097674418,90.2,Back-on-Track 2022,2026-03-22,3.0818227987488545,0,short
K59,Luxembourg,Longwy,day,Luxembourg → Longwy,FR,FR,28.05,SNCF,day,0.04899697674418605,0.151,1.3743651976744187,4.23555,2.8611848023255813,90.3,Back-on-Track 2022,2026-03-22,3.081822798748855,0,short
K839,Metz,Longwy,day,Metz → Longwy,FR,FR,53.72,SNCF,day,0.04899697674418605,0.151,2.6321175906976744,8.11172,5.479602409302325,90.3,Back-on-Track 2022,2026-03-22,3.081822798748855,0,short
P47,Longwy,Nancy,day,Longwy → Nancy,FR,FR,96.16,SNCF,day,0.04899697674418605,0.151,4.71154928372093,14.520159999999999,9.80861071627907,90.3,Back-on-Track 2022,2026-03-22,3.081822798748855,0,short
P58,Longwy,Thionville,day,Longwy → Thionville,FR,FR,33.84,SNCF,day,0.04899697674418605,0.151,1.6580576930232562,5.10984,3.451782306976744,90.3,Back-on-Track 2022,2026-03-22,3.0818227987488545,0,short
K13,Lyon Part Dieu,Lons Le Saunier,day,Lyon Part Dieu → Lons le Saunier,FR,FR,114.13,SNCF,day,0.04899697674418605,0.151,5.592024955813954,17.233629999999998,11.641605044186043,90.3,Back-on-Track 2022,2026-03-22,3.0818227987488545,0,short
K13,Lyon Perrache,Lons Le Saunier,day,Lyon Perrache → Lons le Saunier,FR,FR,116.54,SNCF,day,0.04899697674418605,0.151,5.710107669767442,17.59754,11.887432330232556,90.3,Back-on-Track 2022,2026-03-22,3.0818227987488545,0,short
P73,Mouchard,Lons Le Saunier,day,Mouchard → Lons le Saunier,FR,FR,39.15,SNCF,day,0.04899697674418605,0.151,1.9182316395348837,5.91165,3.993418360465116,90.2,Back-on-Track 2022,2026-03-22,3.081822798748855,0,short
401C,Lorient,Paris Montparnasse Hall 1 2,night,Lorient → Paris Montparnasse Hall 1 2,FR,FR,437.52,SNCF,night,0.04899697674418605,0.151,21.43715726511628,66.06551999999999,44.62836273488371,90.3,Back-on-Track 2022,2026-03-22,3.0818227987488545,0,short
INCONNU,Lorient,Pontivy,day,Lorient → Pontivy,FR,FR,45.27,OCEdefault,day,0.04899697674418605,0.151,2.2180931372093027,6.83577,4.617676862790697,90.3,Back-on-Track 2022,2026-03-22,3.0818227987488545,0,short
P14,Lorient,Quimper,day,Lorient → Quimper,FR,FR,60.3,SNCF,day,0.04899697674418605,0.151,2.9545176976744187,9.1053,6.150782302325581,90.3,Back-on-Track 2022,2026-03-22,3.081822798748855,0,short
P14,Lorient,Vannes,day,Lorient → Vannes,FR,FR,47.01,SNCF,day,0.04899697674418605,0.151,2.303347876744186,7.098509999999999,4.795162123255813,90.3,Back-on-Track 2022,2026-03-22,3.0818227987488545,0,short
805A,Paris Est,Lorraine Tgv,day,Paris Est → Lorraine Tgv,FR,FR,278.61,SNCF,day,0.04899697674418605,0.151,13.651047690697677,42.07011,28.419062309302323,90.3,Back-on-Track 2022,2026-03-22,3.0818227987488545,0,short
P835,Sarrebourg,Loudrefing Rue Principale,day,Sarrebourg → Loudrefing Rue Principale,FR,FR,18.01,SNCF,day,0.04899697674418605,0.151,0.8824355511627908,2.71951,1.8370744488372093,90.3,Back-on-Track 2022,2026-03-22,3.0818227987488545,0,short
P835,Sarrebourg Lp Messmer,Loudrefing Rue Principale,day,Sarrebourg Lp Messmer → Loudrefing Rue Principale,FR,FR,19.13,SNCF,day,0.04899697674418605,0.151,0.9373121651162791,2.8886299999999996,1.9513178348837203,90.2,Back-on-Track 2022,2026-03-22,3.0818227987488545,0,short
P835,Loudrefing Rue Principale,Sarrebourg Place Mathey,day,Loudrefing Rue Principale → Sarrebourg Place Mathey,FR,FR,18.33,SNCF,day,0.04899697674418605,0.151,0.8981145837209302,2.7678299999999996,1.8697154162790692,90.2,Back-on-Track 2022,2026-03-22,3.0818227987488545,0,short
P7,Seurre,Louhans,day,Seurre → Louhans,FR,FR,40.95,SNCF,day,0.04899697674418605,0.151,2.006426197674419,6.183450000000001,4.177023802325582,90.3,Back-on-Track 2022,2026-03-22,3.081822798748855,0,short
TER,Saint Louis Haut Rhin,Mulhouse,day,Saint Louis Haut Rhin → Mulhouse,CH,CH,23.18,SNCF (Société Nationale des Chemins de fer Français),day,0.04899697674418605,0.151,1.1357499209302326,3.50018,2.364430079069767,90.4,Back-on-Track 2022,2026-03-22,3.0818227987488545,0,short
TER,Strasbourg,Saint Louis Haut Rhin,day,Strasbourg → Saint Louis Haut Rhin,CH,CH,111.42,SNCF (Société Nationale des Chemins de fer Français),day,0.04899697674418605,0.151,5.45924314883721,16.82442,11.36517685116279,90.3,Back-on-Track 2022,2026-03-22,3.0818227987488545,0,short
C12,Saint Louis,Mulhouse,day,Saint Louis → Mulhouse,FR,FR,23.24,SNCF,day,0.04899697674418605,0.151,1.1386897395348838,3.5092399999999997,2.370550260465116,90.1,Back-on-Track 2022,2026-03-22,3.0818227987488545,0,short
K200,Saint Louis,Strasbourg,night,Saint Louis → Strasbourg,FR,FR,111.37,SNCF,night,0.04899697674418605,0.151,5.456793300000001,16.81687,11.3600767,90.3,Back-on-Track 2022,2026-03-22,3.0818227987488545,0,short
P53,Sarreguemines Barth,Loupershouse Centre,day,Sarreguemines Barth → Loupershouse Centre,FR,FR,10.19,SNCF,day,0.04899697674418605,0.151,0.49927919302325585,1.53869,1.039410806976744,90.5,Back-on-Track 2022,2026-03-22,3.0818227987488545,0,short
P53,Loupershouse Centre,Sarreguemines College Fulrad,day,Loupershouse Centre → Sarreguemines College Fulrad,FR,FR,12.46,SNCF,day,0.04899697674418605,0.151,0.6105023302325583,1.8814600000000001,1.2709576697674418,90.5,Back-on-Track 2022,2026-03-22,3.0818227987488545,0,short
P53,Sarreguemines Lycee Technique,Loupershouse Centre,day,Sarreguemines Lycee Technique → Loupershouse Centre,FR,FR,12.63,SNCF,day,0.04899697674418605,0.151,0.6188318162790699,1.90713,1.2882981837209302,90.1,Back-on-Track 2022,2026-03-22,3.081822798748854,0,short
552A,Toulouse Matabiau,Lourdes,day,Toulouse Matabiau → Lourdes,FR,FR,133.61,SNCF,day,0.04899697674418605,0.151,6.546486062790699,20.17511,13.628623937209301,90.3,Back-on-Track 2022,2026-03-22,3.0818227987488545,0,short
C29,Lozanne,Lyon Gorge De Loup,day,Lozanne → Lyon Gorge de Loup,FR,FR,13.68,SNCF,day,0.04899697674418605,0.151,0.6702786418604652,2.06568,1.3954013581395348,90.4,Back-on-Track 2022,2026-03-22,3.081822798748855,0,short
C29,Lozanne,Lyon Saint Paul Quai De Bondy,day,Lozanne → Lyon Saint Paul Quai de Bondy,FR,FR,14.98,SNCF,day,0.04899697674418605,0.151,0.7339747116279071,2.26198,1.5280052883720927,90.3,Back-on-Track 2022,2026-03-22,3.0818227987488545,0,short
P72,Lozanne,Paray Le Monial,day,Lozanne → Paray le Monial,FR,FR,79.14,SNCF,day,0.04899697674418605,0.151,3.8776207395348843,11.95014,8.072519260465114,90.3,Back-on-Track 2022,2026-03-22,3.0818227987488545,0,short
P72,Lozanne,Poule Les Echarmeaux Mairie,day,Lozanne → Poule les Echarmeaux Mairie,FR,FR,37.02,SNCF,day,0.04899697674418605,0.151,1.8138680790697677,5.59002,3.776151920930232,90.2,Back-on-Track 2022,2026-03-22,3.0818227987488545,0,short
C29,Lozanne,Tassin,day,Lozanne → Tassin,FR,FR,11.91,SNCF,day,0.04899697674418605,0.151,0.5835539930232558,1.79841,1.2148560069767442,90.1,Back-on-Track 2022,2026-03-22,3.081822798748855,0,short
Lübeck Hbf → München Hbf,Lubeck Hbf,Munchen Hbf,day,Lubeck → Munchen,DE,DE,639.86,DB,day,0.04899697674418605,0.151,31.351205539534888,96.61886,65.26765446046511,90.3,Back-on-Track 2022,2026-03-22,3.0818227987488545,0,medium
P64,Luc En Diois,Valence Gare Routiere,day,Luc En Diois → Valence,FR,FR,56.45,SNCF,day,0.04899697674418605,0.151,2.7658793372093027,8.523950000000001,5.758070662790699,90.3,Back-on-Track 2022,2026-03-22,3.081822798748855,0,short
P64,Valence Tgv Rhone Alpes Sud,Luc En Diois,day,Valence Tgv Rhone Alpes Sud → Luc En Diois,FR,FR,56.38,SNCF,day,0.04899697674418605,0.151,2.7624495488372096,8.51338,5.75093045116279,90.3,Back-on-Track 2022,2026-03-22,3.0818227987488545,0,short
P9,Lucay Le Male Champ De Foire,Valencay College Alain Fournier,day,Lucay le Male Champ de Foire → Valencay College Alain Fournier,FR,FR,10.59,SNCF,day,0.04899697674418605,0.151,0.5188779837209303,1.59909,1.0802120162790696,90.1,Back-on-Track 2022,2026-03-22,3.0818227987488545,0,short
K5,Luchon,Montrejeau Gourdan Polignan,day,Luchon → Montrejeau Gourdan Polignan,FR,FR,31.27,SNCF,day,0.04899697674418605,0.151,1.5321354627906978,4.721769999999999,3.189634537209302,90.2,Back-on-Track 2022,2026-03-22,3.0818227987488545,0,short
K5,Toulouse Matabiau,Luchon,day,Toulouse Matabiau → Luchon,FR,FR,114.08,SNCF,day,0.04899697674418605,0.151,5.589575106976745,17.22608,11.636504893023254,90.3,Back-on-Track 2022,2026-03-22,3.0818227987488545,0,short
IC,Luzern,Lugano,day,Luzern → Lugano,CH,CH,125.96,SBB (Schweizerische Bundesbahnen SBB),day,0.04899697674418605,0.151,6.1716591906976745,19.019959999999998,12.848300809302323,90.3,Back-on-Track 2022,2026-03-22,3.0818227987488545,0,short
RE,Mendrisio,Lugano,day,Mendrisio → Lugano,CH,CH,15.36,SBB (Schweizerische Bundesbahnen SBB),day,0.04899697674418605,0.151,0.7525935627906977,2.3193599999999996,1.566766437209302,90.0,Back-on-Track 2022,2026-03-22,3.0818227987488545,0,short
RE,Milano Centrale,Lugano,day,Milano → Lugano,CH,CH,61.01,SBB (Schweizerische Bundesbahnen SBB),day,0.04899697674418605,0.151,2.989305551162791,9.21251,6.223204448837209,90.3,Back-on-Track 2022,2026-03-22,3.081822798748855,0,short
IC,Olten,Lugano,day,Olten → Lugano,CH,CH,169.41,SBB (Schweizerische Bundesbahnen SBB),day,0.04899697674418605,0.151,8.300577830232559,25.58091,17.28033216976744,90.3,Back-on-Track 2022,2026-03-22,3.0818227987488545,0,short
EC,Zurich Hb,Lugano,day,Zurich Hb → Lugano,CH,CH,155.76,SBB (Schweizerische Bundesbahnen SBB),day,0.04899697674418605,0.151,7.631769097674419,23.519759999999998,15.88799090232558,90.3,Back-on-Track 2022,2026-03-22,3.0818227987488545,0,short
Lüneburg → Wiesbaden Hbf,Luneburg,Wiesbaden Hbf,day,Luneburg → Wiesbaden,DE,DE,383.98,DB,day,0.04899697674418605,0.151,18.81385913023256,57.98098,39.167120869767444,90.3,Back-on-Track 2022,2026-03-22,3.0818227987488545,0,short
C10,Montpellier Saint Roch,Lunel,day,Montpellier Saint Roch → Lunel,FR,FR,21.79,SNCF,day,0.04899697674418605,0.151,1.067644123255814,3.2902899999999997,2.2226458767441857,90.1,Back-on-Track 2022,2026-03-22,3.0818227987488545,0,short
C9,Narbonne,Lunel,day,Narbonne → Lunel,FR,FR,105.88,SNCF,day,0.04899697674418605,0.151,5.187799897674418,15.987879999999999,10.80008010232558,90.3,Back-on-Track 2022,2026-03-22,3.081822798748855,0,short
C10,Sete,Lunel,day,Sete → Lunel,FR,FR,45.89,SNCF,day,0.04899697674418605,0.151,2.248471262790698,6.92939,4.680918737209302,90.3,Back-on-Track 2022,2026-03-22,3.0818227987488545,0,short
C40+,Luneville,Metz,day,Luneville → Metz,FR,FR,62.53,SNCF,day,0.04899697674418605,0.151,3.0637809558139537,9.442029999999999,6.378249044186045,90.2,Back-on-Track 2022,2026-03-22,3.0818227987488545,0,short
TER,Luneville,Metz Ville,day,Luneville → Metz Ville,CH,CH,62.53,SNCF (Société Nationale des Chemins de fer Français),day,0.04899697674418605,0.151,3.0637809558139537,9.442029999999999,6.378249044186045,90.2,Back-on-Track 2022,2026-03-22,3.0818227987488545,0,short
C41,Luneville,Nancy,day,Luneville → Nancy,FR,FR,26.26,SNCF,day,0.04899697674418605,0.151,1.2866606093023258,3.9652600000000002,2.6785993906976744,90.2,Back-on-Track 2022,2026-03-22,3.0818227987488545,0,short
TER,Luneville,Reims,day,Luneville → Reims,CH,CH,195.49,SNCF (Société Nationale des Chemins de fer Français),day,0.04899697674418605,0.151,9.578418983720931,29.51899,19.940571016279065,90.3,Back-on-Track 2022,2026-03-22,3.0818227987488545,0,short
C46+,Luneville,Revigny,day,Luneville → Revigny,FR,FR,113.98,SNCF,day,0.04899697674418605,0.151,5.584675409302326,17.21098,11.626304590697673,90.2,Back-on-Track 2022,2026-03-22,3.0818227987488545,0,short
K31,Strasbourg,Luneville,day,Strasbourg → Luneville,FR,FR,90.98,SNCF,day,0.04899697674418605,0.151,4.4577449441860475,13.73798,9.280235055813954,90.3,Back-on-Track 2022,2026-03-22,3.0818227987488545,0,short
C46+,Luneville,Toul,day,Luneville → Toul,FR,FR,46.42,SNCF,day,0.04899697674418605,0.151,2.2744396604651165,7.00942,4.734980339534884,90.3,Back-on-Track 2022,2026-03-22,3.081822798748855,0,short
071A,Luxembourg,Marseille Saint Charles,day,Luxembourg → Marseille Saint Charles,FR,FR,702.57,SNCF,day,0.04899697674418605,0.151,34.4238059511628,106.08807,71.6642640488372,90.3,Back-on-Track 2022,2026-03-22,3.0818227987488545,0,medium
C50+,Metz,Luxembourg Gare,day,Metz → Luxembourg,FR,FR,54.48,SNCF,day,0.04899697674418605,0.151,2.669355293023256,8.226479999999999,5.557124706976743,90.3,Back-on-Track 2022,2026-03-22,3.0818227987488545,0,short
071B,Montpellier Saint Roch,Luxembourg,night,Montpellier Saint Roch → Luxembourg,FR,FR,688.41,SNCF,night,0.04899697674418605,0.151,33.73000876046512,103.94990999999999,70.21990123953486,90.3,Back-on-Track 2022,2026-03-22,3.0818227987488545,0,medium
C40+,Luxembourg,Nancy,night,Luxembourg → Nancy,FR,FR,101.21,SNCF,night,0.04899697674418605,0.151,4.95898401627907,15.282709999999998,10.323725983720928,90.3,Back-on-Track 2022,2026-03-22,3.0818227987488545,0,short
803B,Luxembourg,Paris Est,night,Luxembourg → Paris Est,FR,FR,285.67,SNCF,night,0.04899697674418605,0.151,13.99696634651163,43.13617,29.13920365348837,90.3,Back-on-Track 2022,2026-03-22,3.0818227987488545,0,short
K59,Luxembourg,Rodange,day,Luxembourg → Rodange,FR,FR,21.68,SNCF,day,0.04899697674418605,0.151,1.0622544558139535,3.2736799999999997,2.211425544186046,90.4,Back-on-Track 2022,2026-03-22,3.0818227987488545,0,short
Luxembourg → Saarbrücken Hbf,Luxembourg,Saarbrucken Hbf,day,Luxembourg → Saarbrucken,DE,DE,73.69,CFL,day,0.04899697674418605,0.151,3.61058721627907,11.127189999999999,7.516602783720929,90.3,Back-on-Track 2022,2026-03-22,3.0818227987488545,0,short
C50,Luxembourg,Thionville,day,Luxembourg → Thionville,FR,FR,27.44,SNCF,day,0.04899697674418605,0.151,1.3444770418604652,4.14344,2.7989629581395348,90.4,Back-on-Track 2022,2026-03-22,3.0818227987488545,0,short
PE,Meiringen,Luzern,day,Meiringen → Luzern,CH,CH,37.15,ZB (Zentralbahn),day,0.04899697674418605,0.151,1.8202376860465117,5.609649999999999,3.7894123139534877,90.3,Back-on-Track 2022,2026-03-22,3.0818227987488545,0,short
RE,Luzern,Olten,day,Luzern → Olten,CH,CH,45.28,SBB (Schweizerische Bundesbahnen SBB),day,0.04899697674418605,0.151,2.2185831069767445,6.83728,4.618696893023255,90.3,Back-on-Track 2022,2026-03-22,3.0818227987488545,0,short
IR,Luzern,Pfaffikon Sz,day,Luzern → Pfaffikon Sz,CH,CH,39.27,SOB-sob (Schweizerische Südostbahn (sob)),day,0.04899697674418605,0.151,1.9241112767441864,5.92977,4.005658723255814,90.3,Back-on-Track 2022,2026-03-22,3.0818227987488545,0,short
S55,Sachseln,Luzern,day,Sachseln → Luzern,CH,CH,20.66,ZB (Zentralbahn),day,0.04899697674418605,0.151,1.0122775395348838,3.11966,2.107382460465116,90.3,Back-on-Track 2022,2026-03-22,3.081822798748855,0,short
IR,St Gallen,Luzern,day,St Gallen → Luzern,CH,CH,90.12,SOB-sob (Schweizerische Südostbahn (sob)),day,0.04899697674418605,0.151,4.415607544186047,13.60812,9.192512455813953,90.3,Back-on-Track 2022,2026-03-22,3.0818227987488545,0,short
S4,Stans,Luzern,day,Stans → Luzern,CH,CH,11.07,ZB (Zentralbahn),day,0.04899697674418605,0.151,0.5423965325581396,1.67157,1.1291734674418605,90.6,Back-on-Track 2022,2026-03-22,3.081822798748855,0,short
S1,Sursee,Luzern,day,Sursee → Luzern,CH,CH,20.93,SBB (Schweizerische Bundesbahnen SBB),day,0.04899697674418605,0.151,1.025506723255814,3.16043,2.134923276744186,90.4,Back-on-Track 2022,2026-03-22,3.081822798748855,0,short
S77,Luzern,Willisau,day,Luzern → Willisau,CH,CH,25.07,BLS-bls (BLS AG (bls)),day,0.04899697674418605,0.151,1.2283542069767444,3.78557,2.5572157930232553,90.3,Back-on-Track 2022,2026-03-22,3.0818227987488545,0,short
S4,Wolfenschiessen,Luzern,day,Wolfenschiessen → Luzern,CH,CH,17.08,ZB (Zentralbahn),day,0.04899697674418605,0.151,0.8368683627906977,2.57908,1.7422116372093022,90.2,Back-on-Track 2022,2026-03-22,3.081822798748855,0,short
RE,Luzern,Wolhusen,day,Luzern → Wolhusen,CH,CH,17.47,BLS-bls (BLS AG (bls)),day,0.04899697674418605,0.151,0.8559771837209302,2.6379699999999997,1.7819928162790695,90.5,Back-on-Track 2022,2026-03-22,3.0818227987488545,0,short
S77,Luzern,Zell Lu,day,Luzern → Zell Lu,CH,CH,30.61,BLS-bls (BLS AG (bls)),day,0.04899697674418605,0.151,1.499797458139535,4.62211,3.122312541860465,90.2,Back-on-Track 2022,2026-03-22,3.081822798748855,0,short
EXT,Zug,Luzern,day,Zug → Luzern,CH,CH,20.71,SBB (Schweizerische Bundesbahnen SBB),day,0.04899697674418605,0.151,1.014727388372093,3.12721,2.1124826116279065,90.3,Back-on-Track 2022,2026-03-22,3.0818227987488545,0,short
IR,Luzern,Zurich Hb,day,Luzern → Zurich Hb,CH,CH,40.4,SBB (Schweizerische Bundesbahnen SBB),day,0.04899697674418605,0.151,1.9794778604651164,6.1004,4.120922139534883,90.2,Back-on-Track 2022,2026-03-22,3.0818227987488545,0,short
P76,Nevers,Luzy,day,Nevers → Luzy,FR,FR,65.8,SNCF,day,0.04899697674418605,0.151,3.224001069767442,9.935799999999999,6.711798930232557,90.3,Back-on-Track 2022,2026-03-22,3.0818227987488545,0,short
E15,Morez Lycee,Lyon Part Dieu Gare Routiere,day,Morez Lycee → Lyon Part Dieu,FR,FR,122.86,SNCF,day,0.04899697674418605,0.151,6.0197685627906985,18.551859999999998,12.5320914372093,90.3,Back-on-Track 2022,2026-03-22,3.081822798748854,0,short
E15,Lyon Part Dieu Gare Routiere,Oyonnax,day,Lyon Part Dieu → Oyonnax,FR,FR,82.45,SNCF,day,0.04899697674418605,0.151,4.03980073255814,12.44995,8.41014926744186,90.3,Back-on-Track 2022,2026-03-22,3.0818227987488545,0,short
C12,Roanne Gare Routiere,Lyon Part Dieu Gare Routiere,day,Roanne → Lyon Part Dieu,FR,FR,69.44,SNCF,day,0.04899697674418605,0.151,3.4023500651162792,10.485439999999999,7.08308993488372,90.3,Back-on-Track 2022,2026-03-22,3.0818227987488545,0,short
K14,Lyon Part Dieu Gare Routiere,Valence Gare Routiere,day,Lyon Part Dieu → Valence,FR,FR,92.75,SNCF,day,0.04899697674418605,0.151,4.544469593023257,14.00525,9.460780406976744,90.3,Back-on-Track 2022,2026-03-22,3.0818227987488545,0,short
C15,Macon,Lyon Part Dieu,day,Macon → Lyon Part Dieu,FR,FR,60.32,SNCF,day,0.04899697674418605,0.151,2.9554976372093025,9.108319999999999,6.152822362790697,90.3,Back-on-Track 2022,2026-03-22,3.0818227987488545,0,short
041F,Lyon Part Dieu,Marseille Saint Charles,day,Lyon Part Dieu → Marseille Saint Charles,FR,FR,276.41,SNCF,day,0.04899697674418605,0.151,13.543254341860468,41.73791,28.19465565813953,90.3,Back-on-Track 2022,2026-03-22,3.081822798748854,0,short
K31,Lyon Part Dieu,Modane,day,Lyon Part Dieu → Modane,FR,FR,153.83,SNCF,day,0.04899697674418605,0.151,7.537204932558141,23.22833,15.69112506744186,90.3,Back-on-Track 2022,2026-03-22,3.0818227987488545,0,short
041G,Montpellier Saint Roch,Lyon Part Dieu,day,Montpellier Saint Roch → Lyon Part Dieu,FR,FR,251.89,SNCF,day,0.04899697674418605,0.151,12.341848472093023,38.03539,25.693541527906977,90.3,Back-on-Track 2022,2026-03-22,3.081822798748855,0,short
041G,Montpellier Sud De France,Lyon Part Dieu,day,Montpellier Sud de France → Lyon Part Dieu,FR,FR,251.88,SNCF,day,0.04899697674418605,0.151,12.341358502325582,38.033879999999996,25.692521497674413,90.3,Back-on-Track 2022,2026-03-22,3.0818227987488545,0,short
P2,Lyon Part Dieu,Moulins Sur Allier,day,Lyon Part Dieu → Moulins Sur Allier,FR,FR,147.12,SNCF,day,0.04899697674418605,0.151,7.208435218604652,22.21512,15.006684781395347,90.3,Back-on-Track 2022,2026-03-22,3.0818227987488545,0,short
INCONNU,Nancy,Lyon Part Dieu,day,Nancy → Lyon Part Dieu,FR,FR,340.51,OCEdefault,day,0.04899697674418605,0.151,16.68396055116279,51.41701,34.73304944883721,90.3,Back-on-Track 2022,2026-03-22,3.081822798748855,0,short
081B,Nantes,Lyon Part Dieu,day,Nantes → Lyon Part Dieu,FR,FR,515.98,SNCF,day,0.04899697674418605,0.151,25.28146006046512,77.91298,52.63151993953488,90.3,Back-on-Track 2022,2026-03-22,3.081822798748855,0,medium
P2,Nevers,Lyon Part Dieu,day,Nevers → Lyon Part Dieu,FR,FR,189.17,SNCF,day,0.04899697674418605,0.151,9.268758090697675,28.564669999999996,19.29591190930232,90.3,Back-on-Track 2022,2026-03-22,3.0818227987488545,0,short
041F,Lyon Part Dieu,Nice Ville,day,Lyon Part Dieu → Nice Ville,FR,FR,297.1,SNCF,day,0.04899697674418605,0.151,14.557001790697678,44.862100000000005,30.30509820930233,90.3,Back-on-Track 2022,2026-03-22,3.0818227987488545,0,short
P2,Paray Le Monial,Lyon Part Dieu,day,Paray le Monial → Lyon Part Dieu,FR,FR,95.58,SNCF,day,0.04899697674418605,0.151,4.683131037209303,14.43258,9.749448962790698,90.3,Back-on-Track 2022,2026-03-22,3.0818227987488545,0,short
TER,Lyon Part Dieu,Paris Bercy,day,Lyon Part Dieu → Paris Bercy,CH,CH,389.92,SNCF (Société Nationale des Chemins de fer Français),day,0.04899697674418605,0.151,19.104901172093026,58.87792,39.77301882790698,90.3,Back-on-Track 2022,2026-03-22,3.0818227987488545,0,short
K7,Lyon Part Dieu,Paris Bercy Bourg Pays D Auv,night,Lyon Part Dieu → Paris Bercy Bourg Pays D Auv,FR,FR,389.9,SNCF,night,0.04899697674418605,0.151,19.10392123255814,58.8749,39.77097876744186,90.3,Back-on-Track 2022,2026-03-22,3.081822798748855,0,short
---/---,Paris Gare De Lyon,Lyon Part Dieu,night,Paris de Lyon → Lyon Part Dieu,IT,IT,390.84,FS,night,0.04899697674418605,0.151,19.149978390697676,59.016839999999995,39.86686160930232,90.3,Back-on-Track 2022,2026-03-22,3.0818227987488545,0,short
601A,Lyon Part Dieu,Paris Gare De Lyon Hall 1 2,day,Lyon Part Dieu → Paris de Lyon Hall 1 2,FR,FR,390.79,SNCF,day,0.04899697674418605,0.151,19.147528541860467,59.00929,39.86176145813953,90.3,Back-on-Track 2022,2026-03-22,3.0818227987488545,0,short
081A,Rennes,Lyon Part Dieu,day,Rennes → Lyon Part Dieu,FR,FR,559.99,SNCF,day,0.04899697674418605,0.151,27.437817006976747,84.55848999999999,57.12067299302325,90.3,Back-on-Track 2022,2026-03-22,3.0818227987488545,0,medium
C12,Lyon Part Dieu,Roanne,day,Lyon Part Dieu → Roanne,FR,FR,68.97,SNCF,day,0.04899697674418605,0.151,3.379321486046512,10.41447,7.035148513953487,90.2,Back-on-Track 2022,2026-03-22,3.0818227987488545,0,short
TER,Lyon Part Dieu,St Gervais Les Bains Le Fayet,day,Lyon Part Dieu → St Gervais les Bains le Fayet,CH,CH,143.55,SNCF (Société Nationale des Chemins de fer Français),day,0.04899697674418605,0.151,7.033516011627908,21.67605,14.642533988372092,90.3,Back-on-Track 2022,2026-03-22,3.0818227987488545,0,short
TGV,Strasbourg,Lyon Part Dieu,day,Strasbourg → Lyon Part Dieu,CH,CH,381.87,SNCF (Société Nationale des Chemins de fer Français),day,0.04899697674418605,0.151,18.710475509302327,57.662369999999996,38.95189449069767,90.3,Back-on-Track 2022,2026-03-22,3.0818227987488545,0,short
041F,Lyon Part Dieu,Toulon,day,Lyon Part Dieu → Toulon,FR,FR,304.76,SNCF,day,0.04899697674418605,0.151,14.93231863255814,46.01876,31.08644136744186,90.3,Back-on-Track 2022,2026-03-22,3.081822798748855,0,short
041G,Lyon Part Dieu,Toulouse Matabiau,day,Lyon Part Dieu → Toulouse Matabiau,FR,FR,359.96,SNCF,day,0.04899697674418605,0.151,17.63695174883721,54.353959999999994,36.71700825116278,90.3,Back-on-Track 2022,2026-03-22,3.0818227987488545,0,short
P2,Lyon Part Dieu,Tours,day,Lyon Part Dieu → Tours,FR,FR,366.33,SNCF,day,0.04899697674418605,0.151,17.949062490697674,55.31583,37.36676750930232,90.3,Back-on-Track 2022,2026-03-22,3.081822798748855,0,short
TER,Valence,Lyon Part Dieu,day,Valence → Lyon Part Dieu,CH,CH,92.65,SNCF (Société Nationale des Chemins de fer Français),day,0.04899697674418605,0.151,4.539569895348838,13.99015,9.450580104651163,90.3,Back-on-Track 2022,2026-03-22,3.0818227987488545,0,short
K14,Lyon Part Dieu,Valence Ville,day,Lyon Part Dieu → Valence Ville,FR,FR,92.61,SNCF,day,0.04899697674418605,0.151,4.5376100162790705,13.98411,9.44649998372093,90.3,Back-on-Track 2022,2026-03-22,3.0818227987488545,0,short
C19,Sain Bel,Lyon Saint Paul La Feuillee,day,Sain Bel → Lyon Saint Paul la Feuillee,FR,FR,18.25,SNCF,day,0.04899697674418605,0.151,0.8941948255813954,2.75575,1.8615551744186045,90.1,Back-on-Track 2022,2026-03-22,3.0818227987488545,0,short
C19,Lyon Saint Paul Quai De Bondy,Sain Bel,day,Lyon Saint Paul Quai de Bondy → Sain Bel,FR,FR,18.29,SNCF,day,0.04899697674418605,0.151,0.8961547046511629,2.76179,1.865635295348837,90.1,Back-on-Track 2022,2026-03-22,3.0818227987488545,0,short
C19,Sain Bel,Lyon Saint Paul,day,Sain Bel → Lyon Saint Paul,FR,FR,18.2,SNCF,day,0.04899697674418605,0.151,0.8917449767441861,2.7481999999999998,1.8564550232558137,90.5,Back-on-Track 2022,2026-03-22,3.0818227987488545,0,short
C24,Vienne Gare Routiere,Lyon Perrache Gare Routiere,day,Vienne → Lyon Perrache,FR,FR,25.59,SNCF,day,0.04899697674418605,0.151,1.253832634883721,3.86409,2.6102573651162793,90.2,Back-on-Track 2022,2026-03-22,3.081822798748855,0,short
---/---,Lyon Perrache Voyageurs,Paris Gare De Lyon,night,Lyon Perrache Voyageurs → Paris de Lyon,IT,IT,390.76,FS,night,0.04899697674418605,0.151,19.14605863255814,59.00476,39.85870136744185,90.3,Back-on-Track 2022,2026-03-22,3.0818227987488545,0,short
C15,Macon,Lyon Perrache,day,Macon → Lyon Perrache,FR,FR,61.61,SNCF,day,0.04899697674418605,0.151,3.0187037372093024,9.30311,6.284406262790698,90.3,Back-on-Track 2022,2026-03-22,3.081822798748855,0,short
601B,Lyon Perrache,Marne La Vallee Chessy,day,Lyon Perrache → Marne la Vallee Chessy,FR,FR,379.69,SNCF,day,0.04899697674418605,0.151,18.6036621,57.333189999999995,38.729527899999994,90.3,Back-on-Track 2022,2026-03-22,3.0818227987488545,0,short
633C,Lyon Perrache,Montpellier Sud De France,day,Lyon Perrache → Montpellier Sud de France,FR,FR,249.83,SNCF,day,0.04899697674418605,0.151,12.240914700000001,37.72433,25.4834153,90.3,Back-on-Track 2022,2026-03-22,3.081822798748855,0,short
P2,Lyon Perrache,Moulins Sur Allier,day,Lyon Perrache → Moulins Sur Allier,FR,FR,145.9,SNCF,day,0.04899697674418605,0.151,7.148658906976745,22.0309,14.882241093023254,90.3,Back-on-Track 2022,2026-03-22,3.0818227987488545,0,short
INCONNU,Nancy,Lyon Perrache,day,Nancy → Lyon Perrache,FR,FR,342.54,OCEdefault,day,0.04899697674418605,0.151,16.78342441395349,51.72354,34.94011558604651,90.3,Back-on-Track 2022,2026-03-22,3.0818227987488545,0,short
081B,Nantes,Lyon Perrache,day,Nantes → Lyon Perrache,FR,FR,514.01,SNCF,day,0.04899697674418605,0.151,25.18493601627907,77.61551,52.43057398372093,90.3,Back-on-Track 2022,2026-03-22,3.081822798748855,0,medium
P2,Nevers,Lyon Perrache,night,Nevers → Lyon Perrache,FR,FR,188.38,SNCF,night,0.04899697674418605,0.151,9.230050479069767,28.44538,19.215329520930233,90.3,Back-on-Track 2022,2026-03-22,3.081822798748855,0,short
K33,Oyonnax,Lyon Perrache,day,Oyonnax → Lyon Perrache,FR,FR,85.53,SNCF,day,0.04899697674418605,0.151,4.190711420930233,12.91503,8.724318579069767,90.3,Back-on-Track 2022,2026-03-22,3.0818227987488545,0,short
P2,Lyon Perrache,Paray Le Monial,day,Lyon Perrache → Paray le Monial,FR,FR,95.14,SNCF,day,0.04899697674418605,0.151,4.6615723674418605,14.36614,9.704567632558138,90.3,Back-on-Track 2022,2026-03-22,3.081822798748855,0,short
TER,Paris Bercy,Lyon Perrache,day,Paris Bercy → Lyon Perrache,CH,CH,389.88,SNCF (Société Nationale des Chemins de fer Français),day,0.04899697674418605,0.151,19.102941293023257,58.87188,39.76893870697674,90.3,Back-on-Track 2022,2026-03-22,3.0818227987488545,0,short
K7,Lyon Perrache,Paris Bercy Bourg Pays D Auv,night,Lyon Perrache → Paris Bercy Bourg Pays D Auv,FR,FR,389.89,SNCF,night,0.04899697674418605,0.151,19.1034312627907,58.87338999999999,39.76995873720929,90.3,Back-on-Track 2022,2026-03-22,3.0818227987488545,0,short
TGV,Paris Gare De Lyon,Lyon Perrache,day,Paris de Lyon → Lyon Perrache,CH,CH,390.75,SNCF (Société Nationale des Chemins de fer Français),day,0.04899697674418605,0.151,19.145568662790698,59.00325,39.8576813372093,90.3,Back-on-Track 2022,2026-03-22,3.081822798748855,0,short
K7,Lyon Perrache,Paris Gare De Lyon Hall 1 2,night,Lyon Perrache → Paris de Lyon Hall 1 2,FR,FR,390.78,SNCF,night,0.04899697674418605,0.151,19.147038572093024,59.00778,39.86074142790697,90.3,Back-on-Track 2022,2026-03-22,3.0818227987488545,0,short
081A,Rennes,Lyon Perrache,day,Rennes → Lyon Perrache,FR,FR,558.41,SNCF,day,0.04899697674418605,0.151,27.36040178372093,84.31991,56.95950821627906,90.3,Back-on-Track 2022,2026-03-22,3.0818227987488545,0,medium
C12,Lyon Perrache,Roanne,day,Lyon Perrache → Roanne,FR,FR,67.3,SNCF,day,0.04899697674418605,0.151,3.297496534883721,10.1623,6.864803465116279,90.3,Back-on-Track 2022,2026-03-22,3.081822798748855,0,short
TER,St Andre Le Gaz,Lyon Perrache,day,St Andre le Gaz → Lyon Perrache,CH,CH,58.86,SNCF (Société Nationale des Chemins de fer Français),day,0.04899697674418605,0.151,2.883962051162791,8.88786,6.003897948837209,90.3,Back-on-Track 2022,2026-03-22,3.081822798748855,0,short
071A,Lyon Perrache,Strasbourg,night,Lyon Perrache → Strasbourg,FR,FR,384.41,SNCF,night,0.04899697674418605,0.151,18.834927830232562,58.04591,39.21098216976743,90.3,Back-on-Track 2022,2026-03-22,3.081822798748854,0,short
P2,Tours,Lyon Perrache,day,Tours → Lyon Perrache,FR,FR,364.79,SNCF,day,0.04899697674418605,0.151,17.87360714651163,55.08329,37.20968285348837,90.3,Back-on-Track 2022,2026-03-22,3.0818227987488545,0,short
TER,Valence,Lyon Perrache,day,Valence → Lyon Perrache,CH,CH,91.41,SNCF (Société Nationale des Chemins de fer Français),day,0.04899697674418605,0.151,4.478813644186046,13.802909999999999,9.324096355813953,90.3,Back-on-Track 2022,2026-03-22,3.081822798748855,0,short
K24,Valence Ville,Lyon Perrache,day,Valence Ville → Lyon Perrache,FR,FR,91.38,SNCF,day,0.04899697674418605,0.151,4.477343734883721,13.798379999999998,9.321036265116277,90.3,Back-on-Track 2022,2026-03-22,3.0818227987488545,0,short
601A,Lyon Perrache,Versailles Chantiers,day,Lyon Perrache → Versailles Chantiers,FR,FR,394.91,SNCF,day,0.04899697674418605,0.151,19.349396086046514,59.63141,40.28201391395349,90.3,Back-on-Track 2022,2026-03-22,3.0818227987488545,0,short
C24,Lyon Perrache,Vienne,day,Lyon Perrache → Vienne,FR,FR,25.55,SNCF,day,0.04899697674418605,0.151,1.2518727558139535,3.85805,2.6061772441860462,90.2,Back-on-Track 2022,2026-03-22,3.081822798748855,0,short
C23,Villars Les Dombes,Lyon Perrache,day,Villars les Dombes → Lyon Perrache,FR,FR,32.48,SNCF,day,0.04899697674418605,0.151,1.5914218046511628,4.9044799999999995,3.3130581953488365,90.4,Back-on-Track 2022,2026-03-22,3.0818227987488545,0,short
C24,Villefranche Sur Saone,Lyon Perrache,day,Villefranche Sur Saone → Lyon Perrache,FR,FR,27.47,SNCF,day,0.04899697674418605,0.151,1.3459469511627908,4.14797,2.802023048837209,90.4,Back-on-Track 2022,2026-03-22,3.0818227987488545,0,short
C23,Lyon Vaise,Villars Les Dombes,day,Lyon Vaise → Villars les Dombes,FR,FR,30.4,SNCF,day,0.04899697674418605,0.151,1.4895080930232558,4.5904,3.100891906976744,90.2,Back-on-Track 2022,2026-03-22,3.081822798748855,0,short
F42,Pessac,Macau,day,Pessac → Macau,FR,FR,22.21,SNCF,day,0.04899697674418605,0.151,1.0882228534883722,3.35371,2.265487146511628,90.3,Back-on-Track 2022,2026-03-22,3.0818227987488545,0,short
TER,Macon,Paris Bercy,day,Macon → Paris Bercy,CH,CH,336.25,SNCF (Société Nationale des Chemins de fer Français),day,0.04899697674418605,0.151,16.47523343023256,50.77375,34.29851656976744,90.3,Back-on-Track 2022,2026-03-22,3.0818227987488545,0,short
K7,Macon,Paris Bercy Bourg Pays D Auv,day,Macon → Paris Bercy Bourg Pays d Auv,FR,FR,336.3,SNCF,day,0.04899697674418605,0.151,16.47768327906977,50.7813,34.303616720930236,90.3,Back-on-Track 2022,2026-03-22,3.081822798748855,0,short
TER,Macon,Paris Gare De Lyon,day,Macon → Paris de Lyon,CH,CH,337.13,SNCF (Société Nationale des Chemins de fer Français),day,0.04899697674418605,0.151,16.518350769767444,50.90663,34.388279230232556,90.3,Back-on-Track 2022,2026-03-22,3.0818227987488545,0,short
K7,Macon,Paris Gare De Lyon Hall 1 2,day,Macon → Paris de Lyon Hall 1 2,FR,FR,337.21,SNCF,day,0.04899697674418605,0.151,16.522270527906976,50.91871,34.39643947209302,90.3,Back-on-Track 2022,2026-03-22,3.081822798748855,0,short
K64,Pierrelatte,Macon,night,Pierrelatte → Macon,FR,FR,214.59,SNCF,night,0.04899697674418605,0.151,10.514261239534886,32.40309,21.888828760465113,90.3,Back-on-Track 2022,2026-03-22,3.0818227987488545,0,short
TER,Macon,Valence,day,Macon → Valence,CH,CH,153.02,SNCF (Société Nationale des Chemins de fer Français),day,0.04899697674418605,0.151,7.49751738139535,23.10602,15.60850261860465,90.3,Back-on-Track 2022,2026-03-22,3.0818227987488545,0,short
K24,Valence Ville,Macon,day,Valence Ville → Macon,FR,FR,152.93,SNCF,day,0.04899697674418605,0.151,7.493107653488373,23.09243,15.599322346511627,90.3,Back-on-Track 2022,2026-03-22,3.0818227987488545,0,short
Mainz Hbf → Stuttgart Hbf,Mainz Hbf,Stuttgart Hbf,day,Mainz → Stuttgart,DE,DE,150.91,DB,day,0.04899697674418605,0.151,7.394133760465117,22.787409999999998,15.393276239534881,90.3,Back-on-Track 2022,2026-03-22,3.0818227987488545,0,short
F37,Mainz Hbf,Wissembourg,day,Mainz → Wissembourg,FR,FR,110.06,SNCF,day,0.04899697674418605,0.151,5.392607260465117,16.61906,11.226452739534885,90.3,Back-on-Track 2022,2026-03-22,3.081822798748855,0,short
401D,Saint Malo,Paris Montparnasse Hall 1 2,night,Saint Malo → Paris Montparnasse Hall 1 2,FR,FR,317.8,SNCF,night,0.04899697674418605,0.151,15.571239209302327,47.9878,32.41656079069767,90.3,Back-on-Track 2022,2026-03-22,3.081822798748855,0,short
K3,Rennes,Saint Malo,day,Rennes → Saint Malo,FR,FR,65.19,SNCF,day,0.04899697674418605,0.151,3.1941129139534885,9.843689999999999,6.64957708604651,90.3,Back-on-Track 2022,2026-03-22,3.0818227987488545,0,short
S50,Mendrisio,Malpensa Aeroporto T1,day,Mendrisio → Malpensa Aeroporto T1,CH,CH,33.97,SBB (Schweizerische Bundesbahnen SBB),day,0.04899697674418605,0.151,1.6644273,5.1294699999999995,3.4650426999999997,90.2,Back-on-Track 2022,2026-03-22,3.0818227987488545,0,short
S50,Mendrisio,Malpensa Aeroporto T2,day,Mendrisio → Malpensa Aeroporto T2,CH,CH,31.55,SBB (Schweizerische Bundesbahnen SBB),day,0.04899697674418605,0.151,1.5458546162790698,4.76405,3.2181953837209303,90.3,Back-on-Track 2022,2026-03-22,3.081822798748855,0,short
Mannheim Hbf → München Ost,Mannheim Hbf,Munchen Ost,day,Mannheim → Munchen Ost,DE,DE,274.46,DB,day,0.04899697674418605,0.151,13.447710237209302,41.443459999999995,27.995749762790695,90.3,Back-on-Track 2022,2026-03-22,3.0818227987488545,0,short
C11,Valence Ville,Saint Marcellin,day,Valence Ville → Saint Marcellin,FR,FR,41.92,SNCF,day,0.04899697674418605,0.151,2.0539532651162795,6.32992,4.2759667348837205,90.2,Back-on-Track 2022,2026-03-22,3.0818227987488545,0,short
SI2,Maribor Zelezniska Postaja,Split Zeljeznicki Kolodvor,night,Maribor Zelezniska Postaja → Split Zeljeznicki Kolodvor,AT,AT,345.52,ÖBB,night,0.04899697674418605,0.151,16.929435404651162,52.173519999999996,35.24408459534884,90.3,Back-on-Track 2022,2026-03-22,3.081822798748855,0,short
L15,Saint Mariens Saint Yzan,Saintes,day,Saint Mariens Saint Yzan → Saintes,FR,FR,70.05,SNCF,day,0.04899697674418605,0.151,3.4322382209302327,10.577549999999999,7.1453117790697664,90.3,Back-on-Track 2022,2026-03-22,3.0818227987488545,0,short
633A,Marne La Vallee Chessy,Marseille Saint Charles,day,Marne la Vallee Chessy → Marseille Saint Charles,FR,FR,650.55,SNCF,day,0.04899697674418605,0.151,31.874983220930233,98.23304999999999,66.35806677906976,90.3,Back-on-Track 2022,2026-03-22,3.0818227987488545,0,medium
Marseille-St-Charles/Paris-Gare-de-Lyon,Marne La Vallee Chessy,Marseille St Charles,night,Marne la Vallee Chessy → Marseille St Charles,IT,IT,651.25,FS,night,0.04899697674418605,0.151,31.909281104651164,98.33874999999999,66.42946889534883,90.3,Back-on-Track 2022,2026-03-22,3.0818227987488545,0,medium
641A,Milano Porta Garibaldi,Marne La Vallee Chessy,day,Milano Porta Garibaldi → Marne la Vallee Chessy,FR,FR,612.86,SNCF,day,0.04899697674418605,0.151,30.028287167441864,92.54186,62.51357283255814,90.3,Back-on-Track 2022,2026-03-22,3.0818227987488545,0,medium
631D,Miramas,Marne La Vallee Chessy,day,Miramas → Marne la Vallee Chessy,FR,FR,612.28,SNCF,day,0.04899697674418605,0.151,29.999868920930233,92.45428,62.454411079069764,90.3,Back-on-Track 2022,2026-03-22,3.081822798748855,0,medium
611B,Mulhouse,Marne La Vallee Chessy,night,Mulhouse → Marne la Vallee Chessy,FR,FR,359.77,SNCF,night,0.04899697674418605,0.151,17.627642323255813,54.325269999999996,36.69762767674418,90.3,Back-on-Track 2022,2026-03-22,3.081822798748855,0,short
633B,Nice Ville,Marne La Vallee Chessy,night,Nice Ville → Marne la Vallee Chessy,FR,FR,669.31,SNCF,night,0.04899697674418605,0.151,32.794166504651166,101.06580999999998,68.27164349534883,90.3,Back-on-Track 2022,2026-03-22,3.081822798748854,0,medium
631C,Marne La Vallee Chessy,Perpignan,day,Marne la Vallee Chessy → Perpignan,FR,FR,686.54,SNCF,day,0.04899697674418605,0.151,33.63838441395349,103.66753999999999,70.0291555860465,90.3,Back-on-Track 2022,2026-03-22,3.0818227987488545,0,medium
533A,Toulon,Marne La Vallee Chessy,day,Toulon → Marne la Vallee Chessy,FR,FR,682.98,SNCF,day,0.04899697674418605,0.151,33.46395517674419,103.12998,69.66602482325581,90.3,Back-on-Track 2022,2026-03-22,3.0818227987488545,0,medium
071A,Marseille Saint Charles,Metz,day,Marseille Saint Charles → Metz,FR,FR,648.58,SNCF,day,0.04899697674418605,0.151,31.778459176744192,97.93558,66.15712082325581,90.3,Back-on-Track 2022,2026-03-22,3.0818227987488545,0,medium
TGV,Metz Ville,Marseille Saint Charles,day,Metz Ville → Marseille Saint Charles,CH,CH,648.44,SNCF (Société Nationale des Chemins de fer Français),day,0.04899697674418605,0.151,31.771599600000005,97.91444,66.1428404,90.3,Back-on-Track 2022,2026-03-22,3.0818227987488545,0,medium
C4,Miramas,Marseille Saint Charles,day,Miramas → Marseille Saint Charles,FR,FR,43.61,SNCF,day,0.04899697674418605,0.151,2.1367581558139537,6.585109999999999,4.448351844186046,90.3,Back-on-Track 2022,2026-03-22,3.0818227987488545,0,short
K9,Montpellier Saint Roch,Marseille Saint Charles,day,Montpellier Saint Roch → Marseille Saint Charles,FR,FR,125.63,SNCF,day,0.04899697674418605,0.151,6.155490188372093,18.970129999999997,12.814639811627904,90.3,Back-on-Track 2022,2026-03-22,3.0818227987488545,0,short
071A,Nancy,Marseille Saint Charles,day,Nancy → Marseille Saint Charles,FR,FR,602.15,SNCF,day,0.04899697674418605,0.151,29.50352954651163,90.92465,61.42112045348837,90.3,Back-on-Track 2022,2026-03-22,3.081822798748855,0,medium
081A,Marseille Saint Charles,Nantes,day,Marseille Saint Charles → Nantes,FR,FR,694.56,SNCF,day,0.04899697674418605,0.151,34.03134016744186,104.87856,70.84721983255812,90.3,Back-on-Track 2022,2026-03-22,3.0818227987488545,0,medium
K9,Narbonne,Marseille Saint Charles,night,Narbonne → Marseille Saint Charles,FR,FR,192.74,SNCF,night,0.04899697674418605,0.151,9.44367729767442,29.103740000000002,19.660062702325583,90.3,Back-on-Track 2022,2026-03-22,3.081822798748855,0,short
631B,Marseille Saint Charles,Paris Gare De Lyon Hall 1 2,night,Marseille Saint Charles → Paris de Lyon Hall 1 2,FR,FR,658.34,SNCF,night,0.04899697674418605,0.151,32.25666966976745,99.40934,67.15267033023255,90.3,Back-on-Track 2022,2026-03-22,3.0818227987488545,0,medium
631B,Marseille Saint Charles,Paris Montparnasse Hall 1 2,day,Marseille Saint Charles → Paris Montparnasse Hall 1 2,FR,FR,659.4,SNCF,day,0.04899697674418605,0.151,32.30860646511628,99.56939999999999,67.2607935348837,90.3,Back-on-Track 2022,2026-03-22,3.081822798748855,0,medium
C2,Pertuis,Marseille Saint Charles,day,Pertuis → Marseille Saint Charles,FR,FR,43.62,SNCF,day,0.04899697674418605,0.151,2.1372481255813955,6.586619999999999,4.4493718744186035,90.3,Back-on-Track 2022,2026-03-22,3.081822798748854,0,short
081A,Rennes,Marseille Saint Charles,day,Rennes → Marseille Saint Charles,FR,FR,764.23,SNCF,day,0.04899697674418605,0.151,37.44495953720931,115.39873,77.95377046279069,90.3,Back-on-Track 2022,2026-03-22,3.0818227987488545,0,medium
081C,Rouen Rive Droite,Marseille Saint Charles,day,Rouen Rive Droite → Marseille Saint Charles,FR,FR,758.09,SNCF,day,0.04899697674418605,0.151,37.14411810000001,114.47159,77.3274719,90.3,Back-on-Track 2022,2026-03-22,3.0818227987488545,0,medium
C2,Sisteron,Marseille Saint Charles,night,Sisteron → Marseille Saint Charles,FR,FR,108.67,SNCF,night,0.04899697674418605,0.151,5.324501462790698,16.40917,11.084668537209302,90.3,Back-on-Track 2022,2026-03-22,3.081822798748855,0,short
071A,Marseille Saint Charles,Strasbourg,day,Marseille Saint Charles → Strasbourg,FR,FR,614.84,SNCF,day,0.04899697674418605,0.151,30.125301181395354,92.84084,62.71553881860464,90.3,Back-on-Track 2022,2026-03-22,3.0818227987488545,0,medium
C6,Marseille Saint Charles,Toulon,day,Marseille Saint Charles → Toulon,FR,FR,48.53,SNCF,day,0.04899697674418605,0.151,2.377823281395349,7.32803,4.950206718604651,90.3,Back-on-Track 2022,2026-03-22,3.081822798748855,0,short
180A,Toulouse Matabiau,Marseille Saint Charles,day,Toulouse Matabiau → Marseille Saint Charles,FR,FR,318.77,SNCF,day,0.04899697674418605,0.151,15.618766276744186,48.134269999999994,32.515503723255804,90.3,Back-on-Track 2022,2026-03-22,3.0818227987488545,0,short
533A,Marseille Saint Charles,Tourcoing,day,Marseille Saint Charles → Tourcoing,FR,FR,841.2,SNCF,day,0.04899697674418605,0.151,41.21625683720931,127.02120000000001,85.80494316279069,90.3,Back-on-Track 2022,2026-03-22,3.081822798748855,0,medium
TER,Valence,Marseille Saint Charles,day,Valence → Marseille Saint Charles,CH,CH,184.72,SNCF (Société Nationale des Chemins de fer Français),day,0.04899697674418605,0.151,9.050721544186047,27.89272,18.841998455813954,90.3,Back-on-Track 2022,2026-03-22,3.081822798748855,0,short
K34,Valence Ville,Marseille Saint Charles,night,Valence Ville → Marseille Saint Charles,FR,FR,184.87,SNCF,night,0.04899697674418605,0.151,9.058071090697675,27.91537,18.857298909302322,90.3,Back-on-Track 2022,2026-03-22,3.0818227987488545,0,short
K2,Veynes Devoluy,Marseille Saint Charles,day,Veynes Devoluy → Marseille Saint Charles,FR,FR,141.08,SNCF,day,0.04899697674418605,0.151,6.912493479069768,21.30308,14.390586520930233,90.3,Back-on-Track 2022,2026-03-22,3.081822798748855,0,short
Paris-Gare-de-Lyon/Marseille-St-Charles,Paris Gare De Lyon,Marseille St Charles,night,Paris de Lyon → Marseille St Charles,IT,IT,658.26,FS,night,0.04899697674418605,0.151,32.25274991162791,99.39725999999999,67.14451008837207,90.3,Back-on-Track 2022,2026-03-22,3.0818227987488545,0,medium
P851,Martigny Les Bains Thiebaut,Nancy,day,Martigny les Bains Thiebaut → Nancy,FR,FR,70.05,SNCF,day,0.04899697674418605,0.151,3.4322382209302327,10.577549999999999,7.1453117790697664,90.3,Back-on-Track 2022,2026-03-22,3.0818227987488545,0,short
P851,Vezelise Beauregard,Martigny Les Bains Thiebaut,day,Vezelise Beauregard → Martigny les Bains Thiebaut,FR,FR,47.18,SNCF,day,0.04899697674418605,0.151,2.311677362790698,7.12418,4.8125026372093025,90.3,Back-on-Track 2022,2026-03-22,3.0818227987488545,0,short
INCONNU,Martigny,Vallorcine,day,Martigny → Vallorcine,FR,FR,13.93,OCEdefault,day,0.04899697674418605,0.151,0.6825278860465117,2.10343,1.4209021139534883,90.0,Back-on-Track 2022,2026-03-22,3.0818227987488545,0,short
C4,Martigues,Miramas,day,Martigues → Miramas,FR,FR,20.99,SNCF,day,0.04899697674418605,0.151,1.0284465418604651,3.1694899999999997,2.1410434581395346,90.4,Back-on-Track 2022,2026-03-22,3.0818227987488545,0,short
E07,Montelimar Gare Routiere,Saint Martin D Heres,day,Montelimar → Saint Martin d Heres,FR,FR,107.1,SNCF,day,0.04899697674418605,0.151,5.247576209302326,16.1721,10.924523790697673,90.3,Back-on-Track 2022,2026-03-22,3.0818227987488545,0,short
E07,Privas Cours Du Palais,Saint Martin D Heres,day,Privas Cours du Palais → Saint Martin d Heres,FR,FR,105.14,SNCF,day,0.04899697674418605,0.151,5.151542134883721,15.87614,10.724597865116278,90.3,Back-on-Track 2022,2026-03-22,3.081822798748855,0,short
P120,Marvejols Place Du Chayla,Mende,day,Marvejols Place du Chayla → Mende,FR,FR,16.86,SNCF,day,0.04899697674418605,0.151,0.8260890279069768,2.54586,1.719770972093023,90.1,Back-on-Track 2022,2026-03-22,3.0818227987488545,0,short
C7,Mende,Marvejols,day,Mende → Marvejols,FR,FR,17.68,SNCF,day,0.04899697674418605,0.151,0.8662665488372093,2.66968,1.8034134511627906,90.2,Back-on-Track 2022,2026-03-22,3.081822798748855,0,short
P20,Marvejols,Nimes Centre,day,Marvejols → Nimes Centre,FR,FR,117.28,SNCF,day,0.04899697674418605,0.151,5.74636543255814,17.70928,11.96291456744186,90.3,Back-on-Track 2022,2026-03-22,3.0818227987488545,0,short
K13,Paris Gare Du Nord,Maubeuge,day,Paris du Nord → Maubeuge,FR,FR,193.62,SNCF,day,0.04899697674418605,0.151,9.486794637209304,29.23662,19.749825362790695,90.3,Back-on-Track 2022,2026-03-22,3.0818227987488545,0,short
K60,Maubeuge,Valenciennes,day,Maubeuge → Valenciennes,FR,FR,33.46,SNCF,day,0.04899697674418605,0.151,1.6394388418604653,5.05246,3.413021158139535,90.2,Back-on-Track 2022,2026-03-22,3.0818227987488545,0,short
L14,Niort,Mauze,day,Niort → Mauze,FR,FR,21.47,SNCF,day,0.04899697674418605,0.151,1.0519650906976745,3.24197,2.190004909302325,90.3,Back-on-Track 2022,2026-03-22,3.0818227987488545,0,short
P10,Mazamet,Saint Sulpice,day,Mazamet → Saint Sulpice,FR,FR,63.8,SNCF,day,0.04899697674418605,0.151,3.12600711627907,9.633799999999999,6.50779288372093,90.3,Back-on-Track 2022,2026-03-22,3.0818227987488545,0,short
P10,Toulouse Matabiau,Mazamet,day,Toulouse Matabiau → Mazamet,FR,FR,75.29,SNCF,day,0.04899697674418605,0.151,3.6889823790697682,11.36879,7.679807620930232,90.3,Back-on-Track 2022,2026-03-22,3.0818227987488545,0,short
S16,Zurich Flughafen,Meilen,day,Zurich Flughafen → Meilen,CH,CH,21.01,SBB (Schweizerische Bundesbahnen SBB),day,0.04899697674418605,0.151,1.029426481395349,3.17251,2.1430835186046506,90.4,Back-on-Track 2022,2026-03-22,3.081822798748854,0,short
S16,Zurich Hardbrucke,Meilen,day,Zurich Hardbrucke → Meilen,CH,CH,16.02,SBB (Schweizerische Bundesbahnen SBB),day,0.04899697674418605,0.151,0.7849315674418605,2.4190199999999997,1.6340884325581393,90.5,Back-on-Track 2022,2026-03-22,3.0818227987488545,0,short
S16,Zurich Tiefenbrunnen,Meilen,day,Zurich Tiefenbrunnen → Meilen,CH,CH,10.9,SBB (Schweizerische Bundesbahnen SBB),day,0.04899697674418605,0.151,0.534067046511628,1.6459,1.111832953488372,90.4,Back-on-Track 2022,2026-03-22,3.0818227987488545,0,short
P7,Mende,Nimes Centre,night,Mende → Nimes Centre,FR,FR,103.12,SNCF,night,0.04899697674418605,0.151,5.052568241860466,15.57112,10.518551758139534,90.3,Back-on-Track 2022,2026-03-22,3.0818227987488545,0,short
S,Mendrisio,Milano Porta Garibaldi,day,Mendrisio → Milano Porta Garibaldi,CH,CH,45.74,SBB (Schweizerische Bundesbahnen SBB),day,0.04899697674418605,0.151,2.24112171627907,6.90674,4.66561828372093,90.3,Back-on-Track 2022,2026-03-22,3.081822798748855,0,short
S,Mendrisio,Rho,day,Mendrisio → Rho,CH,CH,38.71,SBB (Schweizerische Bundesbahnen SBB),day,0.04899697674418605,0.151,1.896672969767442,5.84521,3.9485370302325578,90.3,Back-on-Track 2022,2026-03-22,3.0818227987488545,0,short
S40,Mendrisio,Varese,day,Mendrisio → Varese,CH,CH,12.7,SBB (Schweizerische Bundesbahnen SBB),day,0.04899697674418605,0.151,0.6222616046511628,1.9176999999999997,1.295438395348837,90.2,Back-on-Track 2022,2026-03-22,3.081822798748855,0,short
IC2,Mendrisio,Zurich Hb,day,Mendrisio → Zurich Hb,CH,CH,171.11,SBB (Schweizerische Bundesbahnen SBB),day,0.04899697674418605,0.151,8.383872690697675,25.83761,17.453737309302326,90.3,Back-on-Track 2022,2026-03-22,3.081822798748855,0,short
RE,Tubingen Hbf,Mengen,day,Tubingen → Mengen,CH,CH,55.44,DB Regio (DB Regio AG Baden-Württemberg),day,0.04899697674418605,0.151,2.7163923906976746,8.37144,5.655047609302326,90.2,Back-on-Track 2022,2026-03-22,3.0818227987488545,0,short
C13,Menton,Nice Ville,day,Menton → Nice Ville,FR,FR,20.14,SNCF Voyageurs SA,day,0.04899697674418605,0.151,0.9867991116279071,3.04114,2.054340888372093,90.3,Back-on-Track 2022,2026-03-22,3.0818227987488545,0,short
C2,Messac Guipry,Rennes,day,Messac Guipry → Rennes,FR,FR,33.1,SNCF,day,0.04899697674418605,0.151,1.6217999302325583,4.9981,3.3763000697674417,90.4,Back-on-Track 2022,2026-03-22,3.0818227987488545,0,short
TGV,Montpellier Saint Roch,Metz Ville,day,Montpellier Saint Roch → Metz Ville,CH,CH,636.9,SNCF (Société Nationale des Chemins de fer Français),day,0.04899697674418605,0.151,31.206174488372096,96.1719,64.9657255116279,90.3,Back-on-Track 2022,2026-03-22,3.0818227987488545,0,medium
TER,Metz Ville,Nancy,day,Metz Ville → Nancy,CH,CH,46.66,SNCF (Société Nationale des Chemins de fer Français),day,0.04899697674418605,0.151,2.286198934883721,7.045659999999999,4.7594610651162785,90.3,Back-on-Track 2022,2026-03-22,3.0818227987488545,0,short
TGV,Paris Est,Metz Ville,day,Paris Est → Metz Ville,CH,CH,279.77,SNCF (Société Nationale des Chemins de fer Français),day,0.04899697674418605,0.151,13.70788418372093,42.24527,28.53738581627907,90.3,Back-on-Track 2022,2026-03-22,3.081822798748855,0,short
TER,Remilly,Metz Ville,day,Remilly → Metz Ville,CH,CH,19.05,SNCF (Société Nationale des Chemins de fer Français),day,0.04899697674418605,0.151,0.9333924069767443,2.87655,1.9431575930232556,90.1,Back-on-Track 2022,2026-03-22,3.0818227987488545,0,short
TER,Remiremont,Metz Ville,day,Remiremont → Metz Ville,CH,CH,125.42,SNCF (Société Nationale des Chemins de fer Français),day,0.04899697674418605,0.151,6.145200823255815,18.93842,12.793219176744186,90.3,Back-on-Track 2022,2026-03-22,3.081822798748855,0,short
TER,Sarrebourg,Metz Ville,day,Sarrebourg → Metz Ville,CH,CH,76.03,SNCF (Société Nationale des Chemins de fer Français),day,0.04899697674418605,0.151,3.7252401418604655,11.48053,7.755289858139534,90.3,Back-on-Track 2022,2026-03-22,3.0818227987488545,0,short
TER,Sarreguemines,Metz Ville,day,Sarreguemines → Metz Ville,CH,CH,64.8,SNCF (Société Nationale des Chemins de fer Français),day,0.04899697674418605,0.151,3.175004093023256,9.784799999999999,6.609795906976743,90.2,Back-on-Track 2022,2026-03-22,3.0818227987488545,0,short
TER,Strasbourg,Metz Ville,day,Strasbourg → Metz Ville,CH,CH,128.01,SNCF (Société Nationale des Chemins de fer Français),day,0.04899697674418605,0.151,6.272102993023256,19.32951,13.057407006976742,90.3,Back-on-Track 2022,2026-03-22,3.081822798748855,0,short
TER,Metz Ville,Thionville,day,Metz Ville → Thionville,CH,CH,24.96,SNCF (Société Nationale des Chemins de fer Français),day,0.04899697674418605,0.151,1.2229645395348838,3.76896,2.5459954604651163,90.3,Back-on-Track 2022,2026-03-22,3.0818227987488545,0,short
TER,Verdun,Metz Ville,day,Verdun → Metz Ville,CH,CH,58.42,SNCF (Société Nationale des Chemins de fer Français),day,0.04899697674418605,0.151,2.862403381395349,8.82142,5.95901661860465,90.2,Back-on-Track 2022,2026-03-22,3.0818227987488545,0,short
071B,Metz,Montpellier Saint Roch,night,Metz → Montpellier Saint Roch,FR,FR,636.88,SNCF,night,0.04899697674418605,0.151,31.205194548837213,96.16888,64.96368545116279,90.3,Back-on-Track 2022,2026-03-22,3.0818227987488545,0,medium
C40,Nancy,Metz,day,Nancy → Metz,FR,FR,46.66,SNCF,day,0.04899697674418605,0.151,2.286198934883721,7.045659999999999,4.7594610651162785,90.3,Back-on-Track 2022,2026-03-22,3.0818227987488545,0,short
803A,Metz,Paris Est,day,Metz → Paris Est,FR,FR,279.78,SNCF,day,0.04899697674418605,0.151,13.708374153488371,42.246779999999994,28.538405846511623,90.3,Back-on-Track 2022,2026-03-22,3.0818227987488545,0,short
P54,Metz,Remilly,day,Metz → Remilly,FR,FR,19.11,SNCF,day,0.04899697674418605,0.151,0.9363322255813954,2.88561,1.9492777744186043,90.2,Back-on-Track 2022,2026-03-22,3.0818227987488545,0,short
C40+,Remiremont,Metz,day,Remiremont → Metz,FR,FR,125.45,SNCF,day,0.04899697674418605,0.151,6.14667073255814,18.94295,12.79627926744186,90.3,Back-on-Track 2022,2026-03-22,3.081822798748855,0,short
P54,Sarrebourg,Metz,day,Sarrebourg → Metz,FR,FR,76.16,SNCF,day,0.04899697674418605,0.151,3.7316097488372093,11.50016,7.7685502511627895,90.2,Back-on-Track 2022,2026-03-22,3.081822798748855,0,short
C52,Metz,Sarrebruck,day,Metz → Sarrebruck,FR,FR,60.95,SNCF,day,0.04899697674418605,0.151,2.98636573255814,9.20345,6.2170842674418605,90.3,Back-on-Track 2022,2026-03-22,3.0818227987488545,0,short
C53,Sarreguemines,Metz,day,Sarreguemines → Metz,FR,FR,64.9,SNCF,day,0.04899697674418605,0.151,3.179903790697675,9.799900000000001,6.619996209302326,90.3,Back-on-Track 2022,2026-03-22,3.081822798748855,0,short
K32,Strasbourg,Metz,day,Strasbourg → Metz,FR,FR,127.97,SNCF,day,0.04899697674418605,0.151,6.2701431139534884,19.32347,13.053326886046513,90.3,Back-on-Track 2022,2026-03-22,3.081822798748855,0,short
C40+,Thionville,Metz,day,Thionville → Metz,FR,FR,27.19,SNCF,day,0.04899697674418605,0.151,1.3322277976744188,4.10569,2.7734622023255815,90.3,Back-on-Track 2022,2026-03-22,3.0818227987488545,0,short
P51,Treves,Metz,day,Treves → Metz,FR,FR,79.76,SNCF,day,0.04899697674418605,0.151,3.9079988651162796,12.04376,8.13576113488372,90.3,Back-on-Track 2022,2026-03-22,3.081822798748855,0,short
P56,Verdun,Metz,day,Verdun → Metz,FR,FR,58.34,SNCF,day,0.04899697674418605,0.151,2.858483623255814,8.80934,5.950856376744186,90.2,Back-on-Track 2022,2026-03-22,3.081822798748855,0,short
L32,Meymac,Perigueux,day,Meymac → Perigueux,FR,FR,119.98,SNCF,day,0.04899697674418605,0.151,5.878657269767443,18.11698,12.238322730232559,90.3,Back-on-Track 2022,2026-03-22,3.081822798748855,0,short
L26,Meymac,Ussel,day,Meymac → Ussel,FR,FR,12.1,SNCF,day,0.04899697674418605,0.151,0.5928634186046512,1.8271,1.2342365813953489,90.2,Back-on-Track 2022,2026-03-22,3.081822798748855,0,short
Milano Centrale → München Hbf,Milano Centrale,Munchen Hbf,day,Milano → Munchen,DE,DE,345.08,ÖBB,day,0.04899697674418605,0.151,16.907876734883722,52.107079999999996,35.199203265116275,90.3,Back-on-Track 2022,2026-03-22,3.0818227987488545,0,short
München Ost → Milano Centrale,Munchen Ost,Milano Centrale,day,Munchen Ost → Milano,DE,DE,345.74,ÖBB,day,0.04899697674418605,0.151,16.940214739534884,52.206739999999996,35.266525260465116,90.3,Back-on-Track 2022,2026-03-22,3.0818227987488545,0,short
30-50154404-1-40 Milano Centrale/Paris-Gare-de-Lyon,Milano Centrale,Oulx Cesana Claviere Sestriere,night,Milano → Oulx Cesana Claviere Sestriere,IT,IT,193.38,FS,night,0.04899697674418605,0.151,9.475035362790699,29.20038,19.7253446372093,90.3,Back-on-Track 2022,2026-03-22,3.0818227987488545,0,short
30-50154404-1-40 Milano Centrale/Paris-Gare-de-Lyon,Milano Centrale,Paris Gare De Lyon,night,Milano → Paris de Lyon,IT,IT,636.9,FS,night,0.04899697674418605,0.151,31.206174488372096,96.1719,64.9657255116279,90.3,Back-on-Track 2022,2026-03-22,3.0818227987488545,0,medium
641A,Milano Porta Garibaldi,Paris Gare De Lyon Hall 1 2,night,Milano Porta Garibaldi → Paris de Lyon Hall 1 2,FR,FR,635.98,SNCF,night,0.04899697674418605,0.151,31.161097269767446,96.03298,64.87188273023256,90.3,Back-on-Track 2022,2026-03-22,3.0818227987488545,0,medium
P29,Millau,Rodez,day,Millau → Rodez,FR,FR,48.86,SNCF,day,0.04899697674418605,0.151,2.39399228372093,7.37786,4.98386771627907,90.3,Back-on-Track 2022,2026-03-22,3.081822798748855,0,short
TGV,Paris Gare De Lyon,Miramas,day,Paris de Lyon → Miramas,CH,CH,619.1,SNCF (Société Nationale des Chemins de fer Français),day,0.04899697674418605,0.151,30.334028302325585,93.4841,63.15007169767441,90.3,Back-on-Track 2022,2026-03-22,3.0818227987488545,0,medium
631D,Miramas,Paris Gare De Lyon Hall 1 2,night,Miramas → Paris de Lyon Hall 1 2,FR,FR,619.15,SNCF,night,0.04899697674418605,0.151,30.336478151162794,93.49164999999999,63.1551718488372,90.3,Back-on-Track 2022,2026-03-22,3.0818227987488545,0,medium
P851,Mirecourt Lycee Agricole,Nancy,day,Mirecourt Lycee Agricole → Nancy,FR,FR,44.17,SNCF,day,0.04899697674418605,0.151,2.1641964627906978,6.66967,4.505473537209302,90.3,Back-on-Track 2022,2026-03-22,3.081822798748855,0,short
P851,Nancy,Mirecourt,day,Nancy → Mirecourt,FR,FR,43.56,SNCF,day,0.04899697674418605,0.151,2.1343083069767443,6.57756,4.443251693023256,90.3,Back-on-Track 2022,2026-03-22,3.081822798748855,0,short
P851,Vittel,Mirecourt,day,Vittel → Mirecourt,FR,FR,17.58,SNCF,day,0.04899697674418605,0.151,0.8613668511627907,2.6545799999999997,1.793213148837209,90.1,Back-on-Track 2022,2026-03-22,3.081822798748855,0,short
30-49982794-1-40 Milano Centrale/Paris-Gare-de-Lyon,Modane,Paris Gare De Lyon,day,Modane → Paris de Lyon,IT,IT,519.83,Trenitalia,day,0.04899697674418605,0.151,25.47009842093024,78.49433,53.02423157906976,90.3,Back-on-Track 2022,2026-03-22,3.0818227987488545,0,medium
621G,Modane,Paris Gare De Lyon Hall 1 2,day,Modane → Paris de Lyon Hall 1 2,FR,FR,519.82,SNCF,day,0.04899697674418605,0.151,25.469608451162795,78.49282000000001,53.02321154883721,90.3,Back-on-Track 2022,2026-03-22,3.081822798748855,0,medium
081G,Quimper,Modane,day,Quimper → Modane,FR,FR,877.62,SNCF,day,0.04899697674418605,0.151,43.000726730232564,132.52062,89.51989326976744,90.3,Back-on-Track 2022,2026-03-22,3.0818227987488545,0,medium
081G,Modane,Rennes,day,Modane → Rennes,FR,FR,713.04,SNCF,day,0.04899697674418605,0.151,34.93680429767442,107.66904,72.73223570232557,90.3,Back-on-Track 2022,2026-03-22,3.0818227987488545,0,medium
C24+,Rothau,Molsheim,day,Rothau → Molsheim,FR,FR,23.23,SNCF,day,0.04899697674418605,0.151,1.138199769767442,3.50773,2.369530230232558,90.1,Back-on-Track 2022,2026-03-22,3.0818227987488545,0,short
C24+,Molsheim,Saales,day,Molsheim → Saales,FR,FR,35.69,SNCF,day,0.04899697674418605,0.151,1.7487021,5.389189999999999,3.640487899999999,90.3,Back-on-Track 2022,2026-03-22,3.0818227987488545,0,short
C22,Strasbourg,Molsheim,day,Strasbourg → Molsheim,FR,FR,18.0,SNCF,day,0.04899697674418605,0.151,0.881945581395349,2.718,1.836054418604651,90.3,Back-on-Track 2022,2026-03-22,3.0818227987488545,0,short
P34,Mommenheim,Sarreguemines,day,Mommenheim → Sarreguemines,FR,FR,57.3,SNCF,day,0.04899697674418605,0.151,2.8075267674418605,8.652299999999999,5.844773232558138,90.3,Back-on-Track 2022,2026-03-22,3.0818227987488545,0,short
C33,Selestat,Mommenheim,day,Selestat → Mommenheim,FR,FR,57.08,SNCF,day,0.04899697674418605,0.151,2.79674743255814,8.61908,5.82233256744186,90.3,Back-on-Track 2022,2026-03-22,3.081822798748855,0,short
C33,Strasbourg,Mommenheim,day,Strasbourg → Mommenheim,FR,FR,20.15,SNCF,day,0.04899697674418605,0.151,0.9872890813953489,3.0426499999999996,2.055360918604651,90.3,Back-on-Track 2022,2026-03-22,3.0818227987488545,0,short
P34,Wingen Sur Moder,Mommenheim,day,Wingen Sur Moder → Mommenheim,FR,FR,26.46,SNCF,day,0.04899697674418605,0.151,1.296460004651163,3.99546,2.698999995348837,90.3,Back-on-Track 2022,2026-03-22,3.0818227987488545,0,short
C13,Monaco Monte Carlo,Nice Ville,day,Monaco Monte Carlo → Nice Ville,FR,FR,13.23,SNCF Voyageurs SA,day,0.04899697674418605,0.151,0.6482300023255815,1.99773,1.3494999976744184,90.1,Back-on-Track 2022,2026-03-22,3.0818227987488545,0,short
C3,Ventimiglia,Monaco Monte Carlo,day,Ventimiglia → Monaco Monte Carlo,FR,FR,16.44,SNCF Voyageurs SA,day,0.04899697674418605,0.151,0.8055102976744187,2.48244,1.6769297023255811,90.3,Back-on-Track 2022,2026-03-22,3.0818227987488545,0,short
L34,Monsempron Libos,Perigueux,day,Monsempron Libos → Perigueux,FR,FR,80.1,SNCF,day,0.04899697674418605,0.151,3.924657837209302,12.095099999999999,8.170442162790696,90.3,Back-on-Track 2022,2026-03-22,3.081822798748855,0,short
L45,Mont De Marsan,Morcenx,day,Mont de Marsan → Morcenx,FR,FR,36.32,SNCF,day,0.04899697674418605,0.151,1.7795701953488374,5.48432,3.704749804651163,90.2,Back-on-Track 2022,2026-03-22,3.081822798748855,0,short
C5,Montauban De Bretagne,Rennes,day,Montauban de Bretagne → Rennes,FR,FR,29.79,SNCF,day,0.04899697674418605,0.151,1.4596199372093024,4.49829,3.0386700627906977,90.2,Back-on-Track 2022,2026-03-22,3.081822798748855,0,short
C1,Toulouse Matabiau,Montauban Ville Bourbon,day,Toulouse Matabiau → Montauban Ville Bourbon,FR,FR,45.73,SNCF,day,0.04899697674418605,0.151,2.240631746511628,6.9052299999999995,4.664598253488371,90.3,Back-on-Track 2022,2026-03-22,3.0818227987488545,0,short
S50,Palezieux,Montbovon,day,Palezieux → Montbovon,CH,CH,16.88,TPF (Transports publics fribourgeois),day,0.04899697674418605,0.151,0.8270689674418605,2.5488799999999996,1.721811032558139,90.1,Back-on-Track 2022,2026-03-22,3.081822798748854,0,short
R,Montbovon,Zweisimmen,day,Montbovon → Zweisimmen,CH,CH,26.56,MOB (Montreux-Oberland Bernois),day,0.04899697674418605,0.151,1.3013597023255814,4.01056,2.7092002976744185,90.3,Back-on-Track 2022,2026-03-22,3.081822798748855,0,short
P70,Montbrison,St Etienne Chatcrx G Routiere,day,Montbrison → St Etienne Chatcrx G,FR,FR,30.93,SNCF,day,0.04899697674418605,0.151,1.5154764906976745,4.67043,3.154953509302325,90.3,Back-on-Track 2022,2026-03-22,3.0818227987488545,0,short
C2,Moulins Sur Allier,Montchanin,day,Moulins Sur Allier → Montchanin,FR,FR,89.94,SNCF,day,0.04899697674418605,0.151,4.406788088372093,13.58094,9.174151911627906,90.3,Back-on-Track 2022,2026-03-22,3.081822798748855,0,short
K6,Nevers,Montchanin,day,Nevers → Montchanin,FR,FR,104.28,SNCF,day,0.04899697674418605,0.151,5.1094047348837215,15.74628,10.636875265116279,90.3,Back-on-Track 2022,2026-03-22,3.081822798748855,0,short
P32,Paray Le Monial,Montchanin,day,Paray le Monial → Montchanin,FR,FR,44.64,SNCF,day,0.04899697674418605,0.151,2.1872250418604655,6.74064,4.553414958139534,90.4,Back-on-Track 2022,2026-03-22,3.0818227987488545,0,short
K34,Valence Gare Routiere,Montelimar Gare Routiere,day,Valence → Montelimar,FR,FR,42.51,SNCF,day,0.04899697674418605,0.151,2.0828614813953488,6.419009999999999,4.3361485186046504,90.2,Back-on-Track 2022,2026-03-22,3.0818227987488545,0,short
R,Monthey,Sion,day,Monthey → Sion,CH,CH,31.22,RA (Regionalps),day,0.04899697674418605,0.151,1.5296856139534885,4.71422,3.1845343860465114,90.2,Back-on-Track 2022,2026-03-22,3.081822798748855,0,short
R,Monthey,St Gingolph Suisse,day,Monthey → St Gingolph Suisse,CH,CH,19.02,RA (Regionalps),day,0.04899697674418605,0.151,0.9319224976744187,2.87202,1.9400975023255813,90.1,Back-on-Track 2022,2026-03-22,3.0818227987488545,0,short
P22,Riom Chatel Guyon,Montlucon,day,Riom Chatel Guyon → Montlucon,FR,FR,64.16,SNCF,day,0.04899697674418605,0.151,3.1436460279069767,9.68816,6.544513972093023,90.3,Back-on-Track 2022,2026-03-22,3.081822798748855,0,short
TER,St Amand Montrond,Montlucon,day,St Amand Montrond → Montlucon,CH,CH,43.7,SNCF (Société Nationale des Chemins de fer Français),day,0.04899697674418605,0.151,2.1411678837209305,6.5987,4.4575321162790695,90.3,Back-on-Track 2022,2026-03-22,3.0818227987488545,0,short
P23,Montlucon,Urcay Hotel Du Lyon D Or,day,Montlucon → Urcay Hotel du Lyon d Or,FR,FR,32.11,SNCF,day,0.04899697674418605,0.151,1.5732929232558142,4.84861,3.2753170767441855,90.3,Back-on-Track 2022,2026-03-22,3.0818227987488545,0,short
P62,Montlucon,Vichy,day,Montlucon → Vichy,FR,FR,68.33,SNCF,day,0.04899697674418605,0.151,3.347963420930233,10.317829999999999,6.969866579069766,90.2,Back-on-Track 2022,2026-03-22,3.0818227987488545,0,short
P42,Montlucon,Vierzon,night,Montlucon → Vierzon,FR,FR,106.89,SNCF,night,0.04899697674418605,0.151,5.237286844186047,16.14039,10.903103155813952,90.3,Back-on-Track 2022,2026-03-22,3.0818227987488545,0,short
L24,Montmorillon,Poitiers,day,Montmorillon → Poitiers,FR,FR,45.25,SNCF,day,0.04899697674418605,0.151,2.217113197674419,6.83275,4.6156368023255805,90.3,Back-on-Track 2022,2026-03-22,3.0818227987488545,0,short
C9,Montpellier Saint Roch,Narbonne,day,Montpellier Saint Roch → Narbonne,FR,FR,84.37,SNCF,day,0.04899697674418605,0.151,4.1338749279069775,12.73987,8.605995072093023,90.3,Back-on-Track 2022,2026-03-22,3.0818227987488545,0,short
C8,Montpellier Saint Roch,Nimes Centre,day,Montpellier Saint Roch → Nimes Centre,FR,FR,46.48,SNCF,day,0.04899697674418605,0.151,2.2773794790697677,7.018479999999999,4.741100520930232,90.3,Back-on-Track 2022,2026-03-22,3.0818227987488545,0,short
TGV,Montpellier Saint Roch,Paris Gare De Lyon,day,Montpellier Saint Roch → Paris de Lyon,CH,CH,594.08,SNCF (Société Nationale des Chemins de fer Français),day,0.04899697674418605,0.151,29.10812394418605,89.70608,60.59795605581395,90.3,Back-on-Track 2022,2026-03-22,3.0818227987488545,0,medium
631C,Montpellier Saint Roch,Paris Gare De Lyon Hall 1 2,night,Montpellier Saint Roch → Paris de Lyon Hall 1 2,FR,FR,594.07,SNCF,night,0.04899697674418605,0.151,29.107633974418608,89.70457,60.5969360255814,90.3,Back-on-Track 2022,2026-03-22,3.081822798748855,0,medium
K8,Portbou,Montpellier Saint Roch,day,Portbou → Montpellier Saint Roch,FR,FR,143.77,SNCF,day,0.04899697674418605,0.151,7.044295346511629,21.70927,14.664974653488372,90.3,Back-on-Track 2022,2026-03-22,3.0818227987488545,0,short
081A,Rennes,Montpellier Saint Roch,day,Rennes → Montpellier Saint Roch,FR,FR,659.35,SNCF,day,0.04899697674418605,0.151,32.306156616279075,99.56185,67.25569338372094,90.3,Back-on-Track 2022,2026-03-22,3.0818227987488545,0,medium
C10,Montpellier Saint Roch,Sete,day,Montpellier Saint Roch → Sete,FR,FR,26.01,SNCF,day,0.04899697674418605,0.151,1.2744113651162792,3.9275100000000003,2.653098634883721,90.4,Back-on-Track 2022,2026-03-22,3.081822798748855,0,short
071B,Montpellier Saint Roch,Strasbourg,day,Montpellier Saint Roch → Strasbourg,FR,FR,628.26,SNCF,day,0.04899697674418605,0.151,30.782840609302326,94.86726,64.08441939069768,90.3,Back-on-Track 2022,2026-03-22,3.081822798748855,0,medium
081B,Nantes,Montpellier Sud De France,night,Nantes → Montpellier Sud de France,FR,FR,586.52,SNCF,night,0.04899697674418605,0.151,28.7377068,88.56451999999999,59.82681319999999,90.3,Back-on-Track 2022,2026-03-22,3.0818227987488545,0,medium
TGV,Montpellier Sud De France,Paris Gare De Lyon,day,Montpellier Sud de France → Paris de Lyon,CH,CH,595.76,SNCF (Société Nationale des Chemins de fer Français),day,0.04899697674418605,0.151,29.19043886511628,89.95976,60.769321134883725,90.3,Back-on-Track 2022,2026-03-22,3.081822798748855,0,medium
631C,Montpellier Sud De France,Paris Gare De Lyon Hall 1 2,day,Montpellier Sud de France → Paris de Lyon Hall 1 2,FR,FR,595.78,SNCF,day,0.04899697674418605,0.151,29.191418804651164,89.96278,60.77136119534883,90.3,Back-on-Track 2022,2026-03-22,3.0818227987488545,0,medium
633C,Paris Montparnasse Hall 1 2,Montpellier Sud De France,day,Paris Montparnasse Hall 1 2 → Montpellier Sud de France,FR,FR,596.2,SNCF,day,0.04899697674418605,0.151,29.211997534883725,90.0262,60.81420246511628,90.3,Back-on-Track 2022,2026-03-22,3.0818227987488545,0,medium
533A,Tourcoing,Montpellier Sud De France,day,Tourcoing → Montpellier Sud de France,FR,FR,793.94,SNCF,day,0.04899697674418605,0.151,38.90065971627907,119.88494,80.98428028372092,90.3,Back-on-Track 2022,2026-03-22,3.081822798748855,0,medium
C5,Toulouse Matabiau,Montrejeau Gourdan Polignan,day,Toulouse Matabiau → Montrejeau Gourdan Polignan,FR,FR,92.62,SNCF,day,0.04899697674418605,0.151,4.538099986046512,13.98562,9.44752001395349,90.3,Back-on-Track 2022,2026-03-22,3.081822798748855,0,short
C3,Montreuil Sur Ille,Rennes,day,Montreuil Sur Ille → Rennes,FR,FR,22.66,SNCF,day,0.04899697674418605,0.151,1.110271493023256,3.4216599999999997,2.3113885069767437,90.2,Back-on-Track 2022,2026-03-22,3.081822798748854,0,short
PE,Zweisimmen,Montreux,day,Zweisimmen → Montreux,CH,CH,37.88,MOB (Montreux-Oberland Bernois),day,0.04899697674418605,0.151,1.8560054790697678,5.71988,3.8638745209302323,90.3,Back-on-Track 2022,2026-03-22,3.0818227987488545,0,short
R,Payerne,Morges,day,Payerne → Morges,CH,CH,48.32,SBB (Schweizerische Bundesbahnen SBB),day,0.04899697674418605,0.151,2.36753391627907,7.29632,4.928786083720929,90.2,Back-on-Track 2022,2026-03-22,3.081822798748855,0,short
P834,Remilly,Morhange,day,Remilly → Morhange,FR,FR,21.1,SNCF,day,0.04899697674418605,0.151,1.0338362093023257,3.1861,2.1522637906976745,90.1,Back-on-Track 2022,2026-03-22,3.081822798748855,0,short
P835,Morhange,Sarrebourg,day,Morhange → Sarrebourg,FR,FR,36.31,SNCF,day,0.04899697674418605,0.151,1.7790802255813956,5.48281,3.703729774418604,90.2,Back-on-Track 2022,2026-03-22,3.0818227987488545,0,short
401A,Morlaix,Paris Montparnasse Hall 1 2,night,Morlaix → Paris Montparnasse Hall 1 2,FR,FR,452.3,SNCF,night,0.04899697674418605,0.151,22.161332581395353,68.29729999999999,46.135967418604636,90.3,Back-on-Track 2022,2026-03-22,3.081822798748854,0,short
K1,Rennes,Morlaix,day,Rennes → Morlaix,FR,FR,168.12,SNCF,day,0.04899697674418605,0.151,8.237371730232558,25.38612,17.148748269767438,90.3,Back-on-Track 2022,2026-03-22,3.0818227987488545,0,short
Moskva Belorusskaja → Paris Est,Moskva Belorusskaja,Paris Est,day,Moskva Belorusskaja → Paris Est,DE,DE,2482.42,RZD,day,0.04899697674418605,0.0211,121.63107500930234,52.379062000000005,-69.25201300930233,90.3,Back-on-Track 2022,2026-03-22,0.4306388149245089,0,very_long
P73,Mouchard,Poligny,day,Mouchard → Poligny,FR,FR,16.57,SNCF,day,0.04899697674418605,0.151,0.8118799046511629,2.50207,1.690190095348837,90.4,Back-on-Track 2022,2026-03-22,3.0818227987488545,0,short
TER,Moulins Sur Allier,Nevers,day,Moulins Sur Allier → Nevers,CH,CH,49.56,SNCF (Société Nationale des Chemins de fer Français),day,0.04899697674418605,0.151,2.428290167441861,7.48356,5.055269832558139,90.3,Back-on-Track 2022,2026-03-22,3.0818227987488545,0,short
P72,Moulins Sur Allier,Paray Le Monial,day,Moulins Sur Allier → Paray le Monial,FR,FR,60.65,SNCF,day,0.04899697674418605,0.151,2.971666639534884,9.15815,6.186483360465115,90.3,Back-on-Track 2022,2026-03-22,3.0818227987488545,0,short
C71,Moulins Sur Allier,Vic Le Comte,day,Moulins Sur Allier → Vic le Comte,FR,FR,100.2,SNCF,day,0.04899697674418605,0.151,4.9094970697674425,15.1302,10.220702930232559,90.3,Back-on-Track 2022,2026-03-22,3.0818227987488545,0,short
C2,Moulins Sur Allier,Vichy,day,Moulins Sur Allier → Vichy,FR,FR,48.81,SNCF,day,0.04899697674418605,0.151,2.3915424348837213,7.37031,4.978767565116279,90.3,Back-on-Track 2022,2026-03-22,3.0818227987488545,0,short
S21,Solothurn,Moutier,day,Solothurn → Moutier,CH,CH,14.87,SBB (Schweizerische Bundesbahnen SBB),day,0.04899697674418605,0.151,0.7285850441860465,2.24537,1.5167849558139532,90.2,Back-on-Track 2022,2026-03-22,3.081822798748855,0,short
R,Sonceboz Sombeval,Moutier,day,Sonceboz Sombeval → Moutier,CH,CH,18.64,SBB (Schweizerische Bundesbahnen SBB),day,0.04899697674418605,0.151,0.913303646511628,2.81464,1.9013363534883718,90.3,Back-on-Track 2022,2026-03-22,3.0818227987488545,0,short
P41,Saint Pierre D Albigny,Moutiers Salins Brides Les B,day,Saint Pierre d Albigny → Moutiers Salins Brides les B,FR,FR,30.27,SNCF,day,0.04899697674418605,0.151,1.4831384860465118,4.5707699999999996,3.087631513953488,90.4,Back-on-Track 2022,2026-03-22,3.0818227987488545,0,short
P11,Muellheim Baden,Mulhouse,day,Muellheim Baden → Mulhouse,FR,FR,20.57,SNCF,day,0.04899697674418605,0.151,1.0078678116279072,3.10607,2.0982021883720927,90.2,Back-on-Track 2022,2026-03-22,3.081822798748854,0,short
T14,Mulhouse Gare Centrale,Thann,day,Mulhouse → Thann,FR,FR,19.13,SNCF,day,0.04899697674418605,0.151,0.9373121651162791,2.8886299999999996,1.9513178348837203,90.2,Back-on-Track 2022,2026-03-22,3.0818227987488545,0,short
T14,Thann Saint Jacques,Mulhouse Gare Centrale,day,Thann Saint Jacques → Mulhouse,FR,FR,20.24,SNCF,day,0.04899697674418605,0.151,0.9916988093023256,3.05624,2.0645411906976743,90.4,Back-on-Track 2022,2026-03-22,3.081822798748855,0,short
TGV,Mulhouse,Paris Gare De Lyon,day,Mulhouse → Paris de Lyon,CH,CH,387.43,SNCF (Société Nationale des Chemins de fer Français),day,0.04899697674418605,0.151,18.982898700000003,58.50193,39.519031299999995,90.3,Back-on-Track 2022,2026-03-22,3.0818227987488545,0,short
611B,Mulhouse,Paris Gare De Lyon Hall 1 2,night,Mulhouse → Paris de Lyon Hall 1 2,FR,FR,387.46,SNCF,night,0.04899697674418605,0.151,18.984368609302326,58.50646,39.52209139069767,90.3,Back-on-Track 2022,2026-03-22,3.081822798748855,0,short
K4,Mulhouse,Paris Est,night,Mulhouse → Paris Est,FR,FR,389.53,SNCF,night,0.04899697674418605,0.151,19.08579235116279,58.81902999999999,39.7332376488372,90.3,Back-on-Track 2022,2026-03-22,3.0818227987488545,0,short
C20+,Strasbourg,Mulhouse,day,Strasbourg → Mulhouse,FR,FR,98.05,SNCF,day,0.04899697674418605,0.151,4.8041535697674425,14.805549999999998,10.001396430232557,90.3,Back-on-Track 2022,2026-03-22,3.081822798748854,0,short
P14,Thann,Mulhouse,day,Thann → Mulhouse,FR,FR,19.12,SNCF,day,0.04899697674418605,0.151,0.9368221953488374,2.88712,1.9502978046511625,90.2,Back-on-Track 2022,2026-03-22,3.0818227987488545,0,short
P14,Thann Saint Jacques,Mulhouse,day,Thann Saint Jacques → Mulhouse,FR,FR,20.22,SNCF,day,0.04899697674418605,0.151,0.9907188697674418,3.0532199999999996,2.0625011302325578,90.4,Back-on-Track 2022,2026-03-22,3.0818227987488545,0,short
TER,Troyes,Mulhouse,day,Troyes → Mulhouse,CH,CH,251.48,SNCF (Société Nationale des Chemins de fer Français),day,0.04899697674418605,0.151,12.321759711627907,37.973479999999995,25.65172028837209,90.3,Back-on-Track 2022,2026-03-22,3.0818227987488545,0,short
P14,Wesserling,Mulhouse,day,Wesserling → Mulhouse,FR,FR,30.55,SNCF,day,0.04899697674418605,0.151,1.4968576395348838,4.61305,3.1161923604651163,90.2,Back-on-Track 2022,2026-03-22,3.081822798748855,0,short
P14,Willer Sur Thur,Mulhouse,day,Willer Sur Thur → Mulhouse,FR,FR,23.28,SNCF,day,0.04899697674418605,0.151,1.1406496186046513,3.51528,2.374630381395349,90.1,Back-on-Track 2022,2026-03-22,3.081822798748855,0,short
TGV,Mulhouse,Zurich Hb,day,Mulhouse → Zurich Hb,CH,CH,98.52,SBB (Schweizerische Bundesbahnen SBB),day,0.04899697674418605,0.151,4.82718214883721,14.87652,10.04933785116279,90.3,Back-on-Track 2022,2026-03-22,3.0818227987488545,0,short
München Hbf Gl.5-10 → Venezia Santa Lucia,Munchen Hbf Gl 5 10,Venezia Santa Lucia,day,Munchen Gl 5 10 → Venezia Santa Lucia,DE,DE,305.68,DB,day,0.04899697674418605,0.151,14.977395851162793,46.15768,31.180284148837206,90.3,Back-on-Track 2022,2026-03-22,3.0818227987488545,0,short
München Hbf Gl.5-10 → Verona Porta Nuova,Munchen Hbf Gl 5 10,Verona Porta Nuova,day,Munchen Gl 5 10 → Verona Porta Nuova,DE,DE,304.63,DB,day,0.04899697674418605,0.151,14.925949025581396,45.99913,31.073180974418605,90.3,Back-on-Track 2022,2026-03-22,3.081822798748855,0,short
München Hbf Gl.5-10 → Wien Hbf,Munchen Hbf Gl 5 10,Wien Hbf,day,Munchen Gl 5 10 → Wien,DE,DE,357.51,ÖBB,day,0.04899697674418605,0.151,17.516909155813956,53.98401,36.46710084418604,90.3,Back-on-Track 2022,2026-03-22,3.0818227987488545,0,short
München Ost → Rijeka,Munchen Ost,Rijeka,night,Munchen Ost → Rijeka,DE,DE,378.26,ÖBB,night,0.04899697674418605,0.151,18.533596423255815,57.117259999999995,38.58366357674418,90.3,Back-on-Track 2022,2026-03-22,3.0818227987488545,0,short
München Ost → Roma Termini,Munchen Ost,Roma Termini,day,Munchen Ost → Roma Termini,DE,DE,695.98,ÖBB,day,0.04899697674418605,0.151,34.10091587441861,105.09298,70.99206412558138,90.3,Back-on-Track 2022,2026-03-22,3.0818227987488545,0,medium
Saarbrücken Hbf → München Ost,Saarbrucken Hbf,Munchen Ost,night,Saarbrucken → Munchen Ost,DE,DE,360.57,DB,night,0.04899697674418605,0.151,17.666839904651162,54.44607,36.77923009534884,90.3,Back-on-Track 2022,2026-03-22,3.081822798748855,0,short
München Ost → Schwarzach-St.Veit,Munchen Ost,Schwarzach St Veit,day,Munchen Ost → Schwarzach St Veit,DE,DE,146.71,ÖBB,day,0.04899697674418605,0.151,7.188346458139536,22.15321,14.964863541860465,90.3,Back-on-Track 2022,2026-03-22,3.0818227987488545,0,short
Stuttgart Hbf → München Ost,Stuttgart Hbf,Munchen Ost,day,Stuttgart → Munchen Ost,DE,DE,193.04,DB,day,0.04899697674418605,0.151,9.458376390697675,29.14904,19.690663609302327,90.3,Back-on-Track 2022,2026-03-22,3.081822798748855,0,short
München Ost → Venezia Santa Lucia,Munchen Ost,Venezia Santa Lucia,night,Munchen Ost → Venezia Santa Lucia,DE,DE,303.6,ÖBB,night,0.04899697674418605,0.151,14.875482139534887,45.8436,30.968117860465114,90.3,Back-on-Track 2022,2026-03-22,3.0818227987488545,0,short
München Ost → Zagreb Glavni kolodvor,Munchen Ost,Zagreb Glavni Kolodvor,night,Munchen Ost → Zagreb Glavni Kolodvor,DE,DE,420.45,ÖBB,night,0.04899697674418605,0.151,20.600778872093024,63.48795,42.887171127906974,90.3,Back-on-Track 2022,2026-03-22,3.081822798748855,0,short
Münster(Westf)Hbf → München Hbf,Munster Westf Hbf,Munchen Hbf,night,Munster Westf → Munchen,DE,DE,508.29,DB,night,0.04899697674418605,0.151,24.90467330930233,76.75179,51.847116690697675,90.3,Back-on-Track 2022,2026-03-22,3.0818227987488545,0,medium
Nürnberg Hbf → München Hbf,Nurnberg Hbf,Munchen Hbf,night,Nurnberg → Munchen,DE,DE,149.27,DB,night,0.04899697674418605,0.151,7.313778718604652,22.53977,15.225991281395348,90.3,Back-on-Track 2022,2026-03-22,3.0818227987488545,0,short
München Hbf → Oldenburg(Oldb),Munchen Hbf,Oldenburg Oldb,day,Munchen → Oldenburg Oldb,DE,DE,603.94,DB,day,0.04899697674418605,0.151,29.591234134883727,91.19494,61.603705865116275,90.3,Back-on-Track 2022,2026-03-22,3.0818227987488545,0,medium
München Hbf → Ostseebad Binz,Munchen Hbf,Ostseebad Binz,day,Munchen → Ostseebad Binz,DE,DE,710.85,DB,day,0.04899697674418605,0.151,34.82950091860466,107.33835,72.50884908139534,90.3,Back-on-Track 2022,2026-03-22,3.0818227987488545,0,medium
München Hbf → Paris Est,Munchen Hbf,Paris Est,day,Munchen → Paris Est,DE,DE,682.19,DB,day,0.04899697674418605,0.151,33.42524756511629,103.01069000000001,69.58544243488373,90.3,Back-on-Track 2022,2026-03-22,3.0818227987488545,0,medium
München Hbf → Rijeka,Munchen Hbf,Rijeka,night,Munchen → Rijeka,DE,DE,381.44,ÖBB,night,0.04899697674418605,0.151,18.689406809302326,57.59744,38.90803319069767,90.3,Back-on-Track 2022,2026-03-22,3.081822798748855,0,short
München Hbf → Rimini,Munchen Hbf,Rimini,day,Munchen → Rimini,DE,DE,459.93,DB,day,0.04899697674418605,0.151,22.53517951395349,69.44942999999999,46.9142504860465,90.3,Back-on-Track 2022,2026-03-22,3.0818227987488545,0,short
München Hbf → Roma Termini,Munchen Hbf,Roma Termini,day,Munchen → Roma Termini,DE,DE,697.77,ÖBB,day,0.04899697674418605,0.151,34.1886204627907,105.36327,71.17464953720929,90.3,Back-on-Track 2022,2026-03-22,3.0818227987488545,0,medium
München Hbf → Rostock Hbf,Munchen Hbf,Rostock Hbf,day,Munchen → Rostock,DE,DE,661.48,DB,day,0.04899697674418605,0.151,32.41052017674419,99.88348,67.47295982325582,90.3,Back-on-Track 2022,2026-03-22,3.0818227987488545,0,medium
ICE 47,Munchen Hbf,S Hertogenbosch,day,Munchen → S Hertogenbosch,DE,DE,597.15,DB,day,0.04899697674418605,0.151,29.258544662790698,90.16964999999999,60.91110533720929,90.3,Back-on-Track 2022,2026-03-22,3.0818227987488545,0,medium
EC 62,Munchen Hbf,Salzburg Hbf,day,Munchen → Salzburg,DE,AT,116.55,DB,day,0.04899697674418605,0.151,5.710597639534884,17.59905,11.888452360465115,90.3,Back-on-Track 2022,2026-03-22,3.081822798748855,1,short
München Hbf → Schwarzach-St.Veit,Munchen Hbf,Schwarzach St Veit,day,Munchen → Schwarzach St Veit,DE,DE,150.33,ÖBB,day,0.04899697674418605,0.151,7.365715513953489,22.699830000000002,15.334114486046513,90.3,Back-on-Track 2022,2026-03-22,3.081822798748855,0,short
Stralsund Hbf → München Hbf,Stralsund Hbf,Munchen Hbf,day,Stralsund → Munchen,DE,DE,693.96,DB,day,0.04899697674418605,0.151,34.001941981395355,104.78796,70.78601801860464,90.3,Back-on-Track 2022,2026-03-22,3.0818227987488545,0,medium
Stuttgart Hbf → München Hbf,Stuttgart Hbf,Munchen Hbf,night,Stuttgart → Munchen,DE,DE,189.3,DB,night,0.04899697674418605,0.151,9.27512769767442,28.584300000000002,19.30917230232558,90.3,Back-on-Track 2022,2026-03-22,3.0818227987488545,0,short
München Hbf → Venezia Santa Lucia,Munchen Hbf,Venezia Santa Lucia,night,Munchen → Venezia Santa Lucia,DE,DE,305.65,ÖBB,night,0.04899697674418605,0.151,14.975925941860465,46.15315,31.17722405813953,90.3,Back-on-Track 2022,2026-03-22,3.0818227987488545,0,short
ICE 47,Venlo,Munchen Hbf,day,Venlo → Munchen,DE,DE,527.27,DB,day,0.04899697674418605,0.151,25.834635927906977,79.61777,53.78313407209302,90.3,Back-on-Track 2022,2026-03-22,3.081822798748855,0,medium
München Hbf → Warnemünde,Munchen Hbf,Warnemunde,day,Munchen → Warnemunde,DE,DE,672.26,DB,day,0.04899697674418605,0.151,32.93870758604651,101.51126,68.57255241395347,90.3,Back-on-Track 2022,2026-03-22,3.081822798748855,0,medium
München Hbf → Wien Hbf,Munchen Hbf,Wien Hbf,day,Munchen → Wien,DE,DE,357.29,ÖBB,day,0.04899697674418605,0.151,17.506129820930234,53.950790000000005,36.44466017906977,90.3,Back-on-Track 2022,2026-03-22,3.081822798748855,0,short
Wiesbaden Hbf → München Hbf,Wiesbaden Hbf,Munchen Hbf,night,Wiesbaden → Munchen,DE,DE,322.9,DB,night,0.04899697674418605,0.151,15.821123790697674,48.75789999999999,32.936776209302316,90.3,Back-on-Track 2022,2026-03-22,3.0818227987488545,0,short
München Hbf → Zagreb Glavni kolodvor,Munchen Hbf,Zagreb Glavni Kolodvor,night,Munchen → Zagreb Glavni Kolodvor,DE,DE,424.08,ÖBB,night,0.04899697674418605,0.151,20.778637897674418,64.03608,43.257442102325584,90.3,Back-on-Track 2022,2026-03-22,3.081822798748855,0,short
München Hbf → Zürich HB,Munchen Hbf,Zurich Hb,day,Munchen → Zurich Hb,DE,DE,240.98,SBB,day,0.04899697674418605,0.151,11.807291455813955,36.38798,24.580688544186046,90.3,Back-on-Track 2022,2026-03-22,3.0818227987488545,0,short
S31,Munchenbuchsee,Wabern Bei Bern,day,Munchenbuchsee → Wabern Bei Bern,CH,CH,10.32,BLS-bls (BLS AG (bls)),day,0.04899697674418605,0.151,0.5056488,1.55832,1.0526711999999998,90.6,Back-on-Track 2022,2026-03-22,3.081822798748855,0,short
661A,Munich,Paris Est,day,Munich → Paris Est,FR,FR,682.27,SNCF,day,0.04899697674418605,0.151,33.42916732325582,103.02277,69.59360267674418,90.3,Back-on-Track 2022,2026-03-22,3.0818227987488545,0,medium
Münster(Westf)Hbf → Neuwied,Munster Westf Hbf,Neuwied,day,Munster Westf → Neuwied,DE,DE,169.96,DB,day,0.04899697674418605,0.151,8.327526167441862,25.66396,17.336433832558136,90.3,Back-on-Track 2022,2026-03-22,3.0818227987488545,0,short
D1,Nurnberg Hauptbahnhof,Munster Westf Hbf,night,Nurnberg → Munster Westf,AT,AT,370.04,ÖBB,night,0.04899697674418605,0.151,18.130841274418607,55.87604,37.745198725581396,90.3,Back-on-Track 2022,2026-03-22,3.081822798748855,0,short
D1,Passau Hauptbahnhof,Munster Westf Hbf,night,Passau → Munster Westf,AT,AT,558.58,ÖBB,night,0.04899697674418605,0.151,27.368731269767448,84.34558,56.97684873023255,90.3,Back-on-Track 2022,2026-03-22,3.081822798748854,0,medium
Münster(Westf)Hbf → Seefeld in Tirol,Munster Westf Hbf,Seefeld In Tirol,day,Munster Westf → Seefeld In Tirol,DE,DE,574.53,DB,day,0.04899697674418605,0.151,28.15023304883721,86.75403,58.60379695116279,90.3,Back-on-Track 2022,2026-03-22,3.081822798748855,0,medium
Singen(Hohentwiel) → Münster(Westf)Hbf,Singen Hohentwiel,Munster Westf Hbf,day,Singen Hohentwiel → Munster Westf,DE,DE,474.71,DB,day,0.04899697674418605,0.151,23.25935483023256,71.68121,48.42185516976743,90.3,Back-on-Track 2022,2026-03-22,3.0818227987488545,0,short
Münster(Westf)Hbf → Stuttgart Hbf,Munster Westf Hbf,Stuttgart Hbf,night,Munster Westf → Stuttgart,DE,DE,369.39,DB,night,0.04899697674418605,0.151,18.098993239534884,55.77789,37.678896760465115,90.3,Back-on-Track 2022,2026-03-22,3.081822798748855,0,short
Münster(Westf)Hbf → Zürich HB,Munster Westf Hbf,Zurich Hb,day,Munster Westf → Zurich Hb,DE,DE,513.23,SBB,day,0.04899697674418605,0.151,25.146718374418608,77.49773,52.35101162558139,90.3,Back-on-Track 2022,2026-03-22,3.081822798748855,0,medium
C5,Muret,Toulouse Matabiau,day,Muret → Toulouse Matabiau,FR,FR,19.32,SNCF,day,0.04899697674418605,0.151,0.9466215906976745,2.91732,1.9706984093023256,90.3,Back-on-Track 2022,2026-03-22,3.081822798748855,0,short
S26,Muri Ag,Olten,day,Muri Ag → Olten,CH,CH,33.63,SBB (Schweizerische Bundesbahnen SBB),day,0.04899697674418605,0.151,1.647768327906977,5.07813,3.4303616720930226,90.3,Back-on-Track 2022,2026-03-22,3.0818227987488545,0,short
S42,Muri Ag,Zurich Hb,day,Muri Ag → Zurich Hb,CH,CH,18.86,SBB (Schweizerische Bundesbahnen SBB),day,0.04899697674418605,0.151,0.9240829813953488,2.84786,1.923777018604651,90.4,Back-on-Track 2022,2026-03-22,3.081822798748855,0,short
R,Palezieux,Murten Morat,day,Palezieux → Murten Morat,CH,CH,47.5,SBB (Schweizerische Bundesbahnen SBB),day,0.04899697674418605,0.151,2.327356395348837,7.172499999999999,4.845143604651162,90.4,Back-on-Track 2022,2026-03-22,3.081822798748855,0,short
600-M,Unzmarkt Bahnhof 1,Murzzuschlag,night,Unzmarkt 1 → Murzzuschlag,AT,AT,103.43,ÖBB,night,0.04899697674418605,0.151,5.067757304651163,15.617930000000001,10.550172695348838,90.3,Back-on-Track 2022,2026-03-22,3.081822798748855,0,short
F32,Mussidan,Niversac,day,Mussidan → Niversac,FR,FR,37.48,SNCF,day,0.04899697674418605,0.151,1.836406688372093,5.659479999999999,3.8230733116279065,90.4,Back-on-Track 2022,2026-03-22,3.0818227987488545,0,short
F32,Mussidan,Perigueux,day,Mussidan → Perigueux,FR,FR,32.57,SNCF,day,0.04899697674418605,0.151,1.5958315325581396,4.91807,3.322238467441861,90.2,Back-on-Track 2022,2026-03-22,3.081822798748855,0,short
S6,Schwanden Gl,Nafels Mollis,day,Schwanden Gl → Nafels Mollis,CH,CH,11.34,SOB-sob (Schweizerische Südostbahn (sob)),day,0.04899697674418605,0.151,0.5556257162790698,1.71234,1.1567142837209303,90.2,Back-on-Track 2022,2026-03-22,3.081822798748855,0,short
K45,Neufchateau,Nancy,day,Neufchateau → Nancy,FR,FR,51.27,SNCF,day,0.04899697674418605,0.151,2.5120749976744188,7.74177,5.229695002325581,90.2,Back-on-Track 2022,2026-03-22,3.0818227987488545,0,short
P45,Nancy,Neufchateau Lycee Professionnel,day,Nancy → Neufchateau Lycee Professionnel,FR,FR,50.49,SNCF,day,0.04899697674418605,0.151,2.4738573558139536,7.62399,5.150132644186046,90.2,Back-on-Track 2022,2026-03-22,3.081822798748855,0,short
071A,Nice Ville,Nancy,day,Nice Ville → Nancy,FR,FR,560.6,SNCF,day,0.04899697674418605,0.151,27.4677051627907,84.6506,57.1828948372093,90.3,Back-on-Track 2022,2026-03-22,3.0818227987488545,0,medium
805A,Nancy,Paris Est,day,Nancy → Paris Est,FR,FR,280.34,SNCF,day,0.04899697674418605,0.151,13.735812460465116,42.33134,28.59552753953488,90.3,Back-on-Track 2022,2026-03-22,3.081822798748855,0,short
C44,Pont Saint Vincent,Nancy,day,Pont Saint Vincent → Nancy,FR,FR,11.03,SNCF,day,0.04899697674418605,0.151,0.5404366534883721,1.66553,1.125093346511628,90.6,Back-on-Track 2022,2026-03-22,3.081822798748855,0,short
C46+,Nancy,Reims,day,Nancy → Reims,FR,FR,169.27,SNCF,day,0.04899697674418605,0.151,8.293718253488374,25.55977,17.26605174651163,90.3,Back-on-Track 2022,2026-03-22,3.0818227987488545,0,short
C43,Remiremont,Nancy,day,Remiremont → Nancy,FR,FR,81.19,SNCF,day,0.04899697674418605,0.151,3.978064541860465,12.259689999999999,8.281625458139533,90.2,Back-on-Track 2022,2026-03-22,3.0818227987488545,0,short
C46+,Revigny,Nancy,day,Revigny → Nancy,FR,FR,88.43,SNCF,day,0.04899697674418605,0.151,4.332802653488373,13.35293,9.020127346511629,90.3,Back-on-Track 2022,2026-03-22,3.0818227987488545,0,short
K31,Nancy,Sarrebourg,day,Nancy → Sarrebourg,FR,FR,64.66,SNCF,day,0.04899697674418605,0.151,3.16814451627907,9.76366,6.59551548372093,90.2,Back-on-Track 2022,2026-03-22,3.0818227987488545,0,short
K31,Strasbourg,Nancy,day,Strasbourg → Nancy,FR,FR,115.17,SNCF,day,0.04899697674418605,0.151,5.642981811627908,17.39067,11.747688188372091,90.3,Back-on-Track 2022,2026-03-22,3.0818227987488545,0,short
TER,Thionville,Nancy,day,Thionville → Nancy,CH,CH,71.57,SNCF (Société Nationale des Chemins de fer Français),day,0.04899697674418605,0.151,3.506713625581395,10.80707,7.300356374418604,90.3,Back-on-Track 2022,2026-03-22,3.081822798748855,0,short
C46,Toul,Nancy,day,Toul → Nancy,FR,FR,21.62,SNCF,day,0.04899697674418605,0.151,1.0593146372093025,3.26462,2.205305362790697,90.4,Back-on-Track 2022,2026-03-22,3.081822798748854,0,short
071A,Toulon,Nancy,day,Toulon → Nancy,FR,FR,618.7,SNCF,day,0.04899697674418605,0.151,30.31442951162791,93.42370000000001,63.109270488372104,90.3,Back-on-Track 2022,2026-03-22,3.081822798748855,0,medium
P48,Nancy,Verdun,day,Nancy → Verdun,FR,FR,78.54,SNCF,day,0.04899697674418605,0.151,3.8482225534883727,11.85954,8.011317446511628,90.3,Back-on-Track 2022,2026-03-22,3.0818227987488545,0,short
K850,Vittel,Nancy,day,Vittel → Nancy,FR,FR,56.84,SNCF,day,0.04899697674418605,0.151,2.7849881581395355,8.582840000000001,5.797851841860465,90.2,Back-on-Track 2022,2026-03-22,3.0818227987488545,0,short
K2,Nantes,Saint Nazaire,day,Nantes → Saint Nazaire,FR,FR,51.07,SNCF,day,0.04899697674418605,0.151,2.5022756023255814,7.71157,5.209294397674419,90.3,Back-on-Track 2022,2026-03-22,3.081822798748855,0,short
121A,Nevers,Nantes,day,Nevers → Nantes,FR,FR,356.06,SNCF,day,0.04899697674418605,0.151,17.445863539534884,53.76506,36.319196460465115,90.3,Back-on-Track 2022,2026-03-22,3.081822798748855,0,short
C7,Nort Sur Erdre,Nantes,day,Nort Sur Erdre → Nantes,FR,FR,25.13,SNCF Voyageurs LO,day,0.04899697674418605,0.151,1.2312940255813953,3.7946299999999997,2.5633359744186044,90.3,Back-on-Track 2022,2026-03-22,3.081822798748855,0,short
K1,Nantes,Orleans,day,Nantes → Orleans,FR,FR,269.71,SNCF,day,0.04899697674418605,0.151,13.214974597674418,40.726209999999995,27.511235402325575,90.3,Back-on-Track 2022,2026-03-22,3.0818227987488545,0,short
434A,Paris Austerlitz,Nantes,day,Paris Austerlitz → Nantes,FR,FR,342.05,SNCF,day,0.04899697674418605,0.151,16.759415895348837,51.64955,34.89013410465116,90.3,Back-on-Track 2022,2026-03-22,3.081822798748855,0,short
434A,Paris Bercy Bourg Pays D Auv,Nantes,day,Paris Bercy Bourg Pays d Auv → Nantes,FR,FR,343.01,SNCF,day,0.04899697674418605,0.151,16.806452993023257,51.794509999999995,34.98805700697674,90.3,Back-on-Track 2022,2026-03-22,3.0818227987488545,0,short
411C,Nantes,Paris Montparnasse Hall 1 2,night,Nantes → Paris Montparnasse Hall 1 2,FR,FR,339.2,SNCF,night,0.04899697674418605,0.151,16.61977451162791,51.219199999999994,34.599425488372084,90.3,Back-on-Track 2022,2026-03-22,3.081822798748854,0,short
C10,Pornic,Nantes,day,Pornic → Nantes,FR,FR,43.56,SNCF,day,0.04899697674418605,0.151,2.1343083069767443,6.57756,4.443251693023256,90.3,Back-on-Track 2022,2026-03-22,3.081822798748855,0,short
K14,Quimper,Nantes,night,Quimper → Nantes,FR,FR,209.78,SNCF,night,0.04899697674418605,0.151,10.27858578139535,31.67678,21.39819421860465,90.3,Back-on-Track 2022,2026-03-22,3.081822798748855,0,short
INCONNU,Redon,Nantes,day,Redon → Nantes,FR,FR,63.4,OCEdefault,day,0.04899697674418605,0.151,3.1064083255813957,9.5734,6.466991674418604,90.3,Back-on-Track 2022,2026-03-22,3.0818227987488545,0,short
K4,Nantes,Rennes,day,Nantes → Rennes,FR,FR,99.01,SNCF,day,0.04899697674418605,0.151,4.851190667441861,14.95051,10.099319332558139,90.3,Back-on-Track 2022,2026-03-22,3.0818227987488545,0,short
C11,Nantes,Sainte Pazanne,day,Nantes → Sainte Pazanne,FR,FR,24.02,SNCF,day,0.04899697674418605,0.151,1.176907381395349,3.62702,2.450112618604651,90.2,Back-on-Track 2022,2026-03-22,3.0818227987488545,0,short
P1,Nantes,Saumur,night,Nantes → Saumur,FR,FR,111.17,SNCF,night,0.04899697674418605,0.151,5.446993904651164,16.78667,11.339676095348837,90.3,Back-on-Track 2022,2026-03-22,3.0818227987488545,0,short
C2,Savenay,Nantes,day,Savenay → Nantes,FR,FR,34.61,SNCF,day,0.04899697674418605,0.151,1.695785365116279,5.226109999999999,3.53032463488372,90.4,Back-on-Track 2022,2026-03-22,3.0818227987488545,0,short
TGV,Nantes,St Gervais Les Bains Le Fayet,day,Nantes → St Gervais les Bains le Fayet,CH,CH,646.48,SNCF (Société Nationale des Chemins de fer Français),day,0.04899697674418605,0.151,31.675565525581398,97.61848,65.94291447441861,90.3,Back-on-Track 2022,2026-03-22,3.081822798748855,0,medium
061A,Nantes,Strasbourg,day,Nantes → Strasbourg,FR,FR,707.53,SNCF,day,0.04899697674418605,0.151,34.66683095581396,106.83703,72.17019904418603,90.3,Back-on-Track 2022,2026-03-22,3.0818227987488545,0,medium
P1,Nantes,Tours,night,Nantes → Tours,FR,FR,169.6,SNCF,night,0.04899697674418605,0.151,8.309887255813955,25.609599999999997,17.299712744186042,90.3,Back-on-Track 2022,2026-03-22,3.081822798748854,0,short
K8,Nimes Centre,Narbonne,night,Nimes Centre → Narbonne,FR,FR,130.85,SNCF,night,0.04899697674418605,0.151,6.411254406976744,19.75835,13.347095593023255,90.3,Back-on-Track 2022,2026-03-22,3.081822798748855,0,short
K3,Narbonne,Perpignan,day,Narbonne → Perpignan,FR,FR,55.94,SNCF,day,0.04899697674418605,0.151,2.7408908790697675,8.44694,5.706049120930232,90.3,Back-on-Track 2022,2026-03-22,3.081822798748855,0,short
K3,Narbonne,Portbou,day,Narbonne → Portbou,FR,FR,86.07,SNCF,day,0.04899697674418605,0.151,4.217169788372093,12.996569999999998,8.779400211627905,90.3,Back-on-Track 2022,2026-03-22,3.0818227987488545,0,short
C3,Toulouse Matabiau,Narbonne,night,Toulouse Matabiau → Narbonne,FR,FR,133.83,SNCF,night,0.04899697674418605,0.151,6.55726539767442,20.20833,13.65106460232558,90.3,Back-on-Track 2022,2026-03-22,3.0818227987488545,0,short
Naumburg(Saale)Hbf → Ostseebad Binz,Naumburg Saale Hbf,Ostseebad Binz,day,Naumburg Saale → Ostseebad Binz,DE,DE,380.29,DB,day,0.04899697674418605,0.151,18.633060286046515,57.423790000000004,38.79072971395349,90.3,Back-on-Track 2022,2026-03-22,3.0818227987488545,0,short
411A,Saint Nazaire,Paris Montparnasse Hall 1 2,night,Saint Nazaire → Paris Montparnasse Hall 1 2,FR,FR,378.45,SNCF,night,0.04899697674418605,0.151,18.54290584883721,57.14595,38.60304415116279,90.3,Back-on-Track 2022,2026-03-22,3.0818227987488545,0,short
RE,Pontarlier,Neuchatel,day,Pontarlier → Neuchatel,CH,CH,45.48,SBB (Schweizerische Bundesbahnen SBB),day,0.04899697674418605,0.151,2.2283825023255814,6.86748,4.639097497674419,90.2,Back-on-Track 2022,2026-03-22,3.081822798748855,0,short
S20,Neuchatel,Sugiez,day,Neuchatel → Sugiez,CH,CH,14.4,TPF (Transports publics fribourgeois),day,0.04899697674418605,0.151,0.7055564651162791,2.1744,1.4688435348837208,90.3,Back-on-Track 2022,2026-03-22,3.0818227987488545,0,short
R,Neuchatel,Yverdon Les Bains,day,Neuchatel → Yverdon les Bains,CH,CH,32.78,SBB (Schweizerische Bundesbahnen SBB),day,0.04899697674418605,0.151,1.6061208976744188,4.94978,3.3436591023255806,90.3,Back-on-Track 2022,2026-03-22,3.0818227987488545,0,short
RB,Neuenburg Baden,Offenburg,day,Neuenburg Baden → Offenburg,CH,CH,79.24,DB Regio (DB Regio AG Baden-Württemberg),day,0.04899697674418605,0.151,3.8825204372093025,11.96524,8.082719562790697,90.3,Back-on-Track 2022,2026-03-22,3.081822798748855,0,short
P45,Neufchateau Lycee Professionnel,Toul,day,Neufchateau Lycee Professionnel → Toul,FR,FR,37.74,SNCF,day,0.04899697674418605,0.151,1.8491459023255816,5.69874,3.8495940976744185,90.2,Back-on-Track 2022,2026-03-22,3.0818227987488545,0,short
K45,Neufchateau,Toul,day,Neufchateau → Toul,FR,FR,38.32,SNCF,day,0.04899697674418605,0.151,1.8775641488372095,5.78632,3.9087558511627902,90.2,Back-on-Track 2022,2026-03-22,3.0818227987488545,0,short
F37,Wissembourg,Neustadt Weinstr Hbf,day,Wissembourg → Neustadt Weinstr,FR,FR,37.93,SNCF,day,0.04899697674418605,0.151,1.8584553279069769,5.72743,3.868974672093023,90.3,Back-on-Track 2022,2026-03-22,3.081822798748855,0,short
K5+,Nevers,Orleans,day,Nevers → Orleans,FR,FR,138.79,SNCF,day,0.04899697674418605,0.151,6.800290402325581,20.957289999999997,14.156999597674416,90.3,Back-on-Track 2022,2026-03-22,3.0818227987488545,0,short
P2,Nevers,Paray Le Monial,day,Nevers → Paray le Monial,FR,FR,94.84,SNCF,day,0.04899697674418605,0.151,4.646873274418605,14.32084,9.673966725581394,90.3,Back-on-Track 2022,2026-03-22,3.0818227987488545,0,short
K5+,Nevers,Paris Austerlitz,day,Nevers → Paris Austerlitz,FR,FR,214.42,SNCF,day,0.04899697674418605,0.151,10.505931753488372,32.377419999999994,21.87148824651162,90.3,Back-on-Track 2022,2026-03-22,3.081822798748854,0,short
TER,Nevers,Paris Bercy,day,Nevers → Paris Bercy,CH,CH,213.66,SNCF (Société Nationale des Chemins de fer Français),day,0.04899697674418605,0.151,10.46869405116279,32.26266,21.793965948837204,90.3,Back-on-Track 2022,2026-03-22,3.0818227987488545,0,short
K2+,Nevers,Paris Bercy Bourg Pays D Auv,night,Nevers → Paris Bercy Bourg Pays D Auv,FR,FR,213.73,SNCF,night,0.04899697674418605,0.151,10.472123839534884,32.27323,21.801106160465114,90.3,Back-on-Track 2022,2026-03-22,3.0818227987488545,0,short
P2,Nevers,Saint Pierre Le Moutier,day,Nevers → Saint Pierre le Moutier,FR,FR,21.77,SNCF,day,0.04899697674418605,0.151,1.0666641837209303,3.28727,2.2206058162790696,90.4,Back-on-Track 2022,2026-03-22,3.0818227987488545,0,short
P7,Nevers,Tours,night,Nevers → Tours,FR,FR,191.05,SNCF,night,0.04899697674418605,0.151,9.360872406976746,28.84855,19.487677593023253,90.3,Back-on-Track 2022,2026-03-22,3.081822798748854,0,short
C71,Vic Le Comte,Nevers,day,Vic le Comte → Nevers,FR,FR,147.1,SNCF,day,0.04899697674418605,0.151,7.207455279069768,22.2121,15.004644720930232,90.3,Back-on-Track 2022,2026-03-22,3.081822798748855,0,short
P14,Nevers,Vierzon,day,Nevers → Vierzon,FR,FR,86.74,SNCF,day,0.04899697674418605,0.151,4.249997762790698,13.097739999999998,8.8477422372093,90.3,Back-on-Track 2022,2026-03-22,3.0818227987488545,0,short
770B,Nice Ville,Paris Austerlitz,day,Nice Ville → Paris Austerlitz,FR,FR,683.8,SNCF,day,0.04899697674418605,0.151,33.50413269767442,103.25379999999998,69.74966730232556,90.3,Back-on-Track 2022,2026-03-22,3.081822798748854,0,medium
770B,Nice Ville,Paris Bercy Bourg Pays D Auv,day,Nice Ville → Paris Bercy Bourg Pays d Auv,FR,FR,682.77,SNCF,day,0.04899697674418605,0.151,33.45366581162791,103.09827,69.64460418837209,90.3,Back-on-Track 2022,2026-03-22,3.081822798748855,0,medium
633B,Nice Ville,Paris Gare De Lyon Hall 1 2,night,Nice Ville → Paris de Lyon Hall 1 2,FR,FR,683.68,SNCF,night,0.04899697674418605,0.151,33.49825306046512,103.23567999999999,69.73742693953487,90.3,Back-on-Track 2022,2026-03-22,3.0818227987488545,0,medium
071A,Nice Ville,Strasbourg,day,Nice Ville → Strasbourg,FR,FR,543.91,SNCF,day,0.04899697674418605,0.151,26.649945620930232,82.13041,55.480464379069765,90.3,Back-on-Track 2022,2026-03-22,3.081822798748855,0,medium
P1,Nice Ville,Tende,day,Nice Ville → Tende,FR,FR,49.41,SNCF Voyageurs SA,day,0.04899697674418605,0.151,2.4209406209302324,7.460909999999999,5.039969379069767,90.3,Back-on-Track 2022,2026-03-22,3.081822798748855,0,short
C3,Ventimiglia,Nice Ville,day,Ventimiglia → Nice Ville,FR,FR,29.64,SNCF Voyageurs SA,day,0.04899697674418605,0.151,1.4522703906976746,4.47564,3.0233696093023257,90.4,Back-on-Track 2022,2026-03-22,3.081822798748855,0,short
C36,Niederbronn Les Bains,Strasbourg,day,Niederbronn les Bains → Strasbourg,FR,FR,41.49,SNCF,day,0.04899697674418605,0.151,2.0328845651162792,6.26499,4.232105434883721,90.3,Back-on-Track 2022,2026-03-22,3.081822798748855,0,short
P816,Niedermodern Pont De La Moder,Saverne,day,Niedermodern Pont de la Moder → Saverne,FR,FR,22.53,SNCF,day,0.04899697674418605,0.151,1.1039018860465117,3.40203,2.298128113953488,90.1,Back-on-Track 2022,2026-03-22,3.0818227987488545,0,short
S15,Niederweningen,Pfaffikon Sz,day,Niederweningen → Pfaffikon Sz,CH,CH,46.06,SBB (Schweizerische Bundesbahnen SBB),day,0.04899697674418605,0.151,2.2568007488372097,6.9550600000000005,4.69825925116279,90.3,Back-on-Track 2022,2026-03-22,3.0818227987488545,0,short
S15,Rapperswil Sg,Niederweningen,day,Rapperswil Sg → Niederweningen,CH,CH,46.34,SBB (Schweizerische Bundesbahnen SBB),day,0.04899697674418605,0.151,2.2705199023255815,6.99734,4.726820097674419,90.3,Back-on-Track 2022,2026-03-22,3.081822798748855,0,short
S15,Niederweningen,Wetzikon Zh,day,Niederweningen → Wetzikon Zh,CH,CH,38.38,SBB (Schweizerische Bundesbahnen SBB),day,0.04899697674418605,0.151,1.8805039674418607,5.795380000000001,3.9148760325581398,90.2,Back-on-Track 2022,2026-03-22,3.081822798748855,0,short
S15,Niederweningen,Zurich Hb,day,Niederweningen → Zurich Hb,CH,CH,19.58,SBB (Schweizerische Bundesbahnen SBB),day,0.04899697674418605,0.151,0.9593608046511628,2.9565799999999998,1.997219195348837,90.4,Back-on-Track 2022,2026-03-22,3.0818227987488545,0,short
K8,Nimes Centre,Perpignan,day,Nimes Centre → Perpignan,FR,FR,174.49,SNCF,day,0.04899697674418605,0.151,8.549482472093024,26.34799,17.798507527906978,90.3,Back-on-Track 2022,2026-03-22,3.081822798748855,0,short
P18,Pont Saint Esprit,Nimes Centre,day,Pont Saint Esprit → Nimes Centre,FR,FR,51.78,SNCF,day,0.04899697674418605,0.151,2.537063455813954,7.81878,5.281716544186047,90.3,Back-on-Track 2022,2026-03-22,3.0818227987488545,0,short
K8,Nimes Centre,Portbou,night,Nimes Centre → Portbou,FR,FR,184.67,SNCF,night,0.04899697674418605,0.151,9.048271695348838,27.88517,18.83689830465116,90.3,Back-on-Track 2022,2026-03-22,3.0818227987488545,0,short
C10,Nimes Centre,Sete,day,Nimes Centre → Sete,FR,FR,71.27,SNCF,day,0.04899697674418605,0.151,3.4920145325581395,10.761769999999999,7.269755467441859,90.3,Back-on-Track 2022,2026-03-22,3.0818227987488545,0,short
K13,Toulouse Matabiau,Nimes Centre,night,Toulouse Matabiau → Nimes Centre,FR,FR,235.31,SNCF,night,0.04899697674418605,0.151,11.52947859767442,35.53181,24.00233140232558,90.3,Back-on-Track 2022,2026-03-22,3.081822798748855,0,short
C88,Nimes Centre,Vauvert,day,Nimes Centre → Vauvert,FR,FR,17.09,SNCF,day,0.04899697674418605,0.151,0.8373583325581396,2.58059,1.7432316674418602,90.2,Back-on-Track 2022,2026-03-22,3.0818227987488545,0,short
L14,Niort,Poitiers,day,Niort → Poitiers,FR,FR,67.05,SNCF,day,0.04899697674418605,0.151,3.2852472906976744,10.12455,6.839302709302325,90.3,Back-on-Track 2022,2026-03-22,3.081822798748855,0,short
L17,Niort,Royan,day,Niort → Royan,FR,FR,88.52,SNCF,day,0.04899697674418605,0.151,4.337212381395349,13.36652,9.029307618604651,90.3,Back-on-Track 2022,2026-03-22,3.0818227987488545,0,short
D17,Saintes,Niort,day,Saintes → Niort,FR,FR,64.7,SNCF,day,0.04899697674418605,0.151,3.1701043953488375,9.7697,6.599595604651163,90.2,Back-on-Track 2022,2026-03-22,3.081822798748855,0,short
P13,Nogent Le Rotrou,Paris Montparnasse Hall 1 2,night,Nogent le Rotrou → Paris Montparnasse Hall 1 2,FR,FR,125.0,SNCF,night,0.04899697674418605,0.151,6.124622093023256,18.875,12.750377906976745,90.3,Back-on-Track 2022,2026-03-22,3.081822798748855,0,short
C3,Nogent Le Rotrou,Paris Montparnasse Point Rencontre Groupes,night,Nogent le Rotrou → Paris Montparnasse Point Rencontre Groupes,FR,FR,124.84,SNCF,night,0.04899697674418605,0.151,6.116782576744186,18.85084,12.734057423255816,90.3,Back-on-Track 2022,2026-03-22,3.081822798748855,0,short
P943,Nogent Sur Seine,Romilly Sur Seine,day,Nogent Sur Seine → Romilly Sur Seine,FR,FR,17.42,SNCF,day,0.04899697674418605,0.151,0.8535273348837211,2.63042,1.7768926651162789,90.4,Back-on-Track 2022,2026-03-22,3.081822798748854,0,short
P70,St Etienne Chatcrx G Routiere,Noiretable Place Passeliere,day,St Etienne Chatcrx G → Noiretable Place Passeliere,FR,FR,64.24,SNCF,day,0.04899697674418605,0.151,3.1475657860465116,9.700239999999999,6.5526742139534875,90.3,Back-on-Track 2022,2026-03-22,3.0818227987488545,0,short
K60,Noiretable Place Passeliere,Thiers,day,Noiretable Place Passeliere → Thiers,FR,FR,18.23,SNCF,day,0.04899697674418605,0.151,0.8932148860465118,2.75273,1.8595151139534885,90.1,Back-on-Track 2022,2026-03-22,3.0818227987488545,0,short
Norddeich Mole → Stuttgart Hbf,Norddeich Mole,Stuttgart Hbf,day,Norddeich Mole → Stuttgart,DE,DE,556.29,DB,day,0.04899697674418605,0.151,27.256528193023257,83.99978999999999,56.74326180697673,90.3,Back-on-Track 2022,2026-03-22,3.0818227987488545,0,medium
Ostseebad Binz → Nürnberg Hbf,Ostseebad Binz,Nurnberg Hbf,day,Ostseebad Binz → Nurnberg,DE,DE,577.73,DB,day,0.04899697674418605,0.151,28.30702337441861,87.23723,58.93020662558139,90.3,Back-on-Track 2022,2026-03-22,3.0818227987488545,0,medium
D1,Passau Hauptbahnhof,Nurnberg Hauptbahnhof,night,Passau → Nurnberg,AT,AT,198.07,ÖBB,night,0.04899697674418605,0.151,9.70483118372093,29.908569999999997,20.203738816279067,90.3,Back-on-Track 2022,2026-03-22,3.0818227987488545,0,short
Nürnberg Hbf → Wien Hbf,Nurnberg Hbf,Wien Hbf,day,Nurnberg → Wien,DE,DE,412.01,ÖBB,day,0.04899697674418605,0.151,20.187244388372093,62.21351,42.026265611627906,90.3,Back-on-Track 2022,2026-03-22,3.081822798748855,0,short
S11,Solothurn,Oberbipp,day,Solothurn → Oberbipp,CH,CH,10.86,ASM-snb (Aare Seeland mobil (snb)),day,0.04899697674418605,0.151,0.5321071674418605,1.6398599999999999,1.1077528325581394,90.4,Back-on-Track 2022,2026-03-22,3.0818227987488545,0,short
S20,Olten,Oberdorf So,day,Olten → Oberdorf So,CH,CH,33.78,SBB (Schweizerische Bundesbahnen SBB),day,0.04899697674418605,0.151,1.6551178744186048,5.10078,3.4456621255813955,90.3,Back-on-Track 2022,2026-03-22,3.081822798748855,0,short
S15,Rapperswil Sg,Oberglatt Zh,day,Rapperswil Sg → Oberglatt Zh,CH,CH,35.72,SBB (Schweizerische Bundesbahnen SBB),day,0.04899697674418605,0.151,1.7501720093023256,5.39372,3.6435479906976744,90.3,Back-on-Track 2022,2026-03-22,3.081822798748855,0,short
P816,Saverne,Obermodern,day,Saverne → Obermodern,FR,FR,17.4,SNCF,day,0.04899697674418605,0.151,0.8525473953488372,2.6273999999999997,1.7748526046511626,90.4,Back-on-Track 2022,2026-03-22,3.081822798748855,0,short
P816,Obermodern,Saverne Haut Barr,day,Obermodern → Saverne Haut Barr,FR,FR,18.88,SNCF,day,0.04899697674418605,0.151,0.9250629209302326,2.8508799999999996,1.925817079069767,90.4,Back-on-Track 2022,2026-03-22,3.0818227987488545,0,short
C23+,Obernai,Strasbourg,day,Obernai → Strasbourg,FR,FR,22.64,SNCF,day,0.04899697674418605,0.151,1.1092915534883723,3.41864,2.3093484465116276,90.2,Back-on-Track 2022,2026-03-22,3.0818227987488545,0,short
IC 87,Oberndorf Neckar,Stuttgart Hbf,day,Oberndorf Neckar → Stuttgart,CH,DE,70.4,DB,day,0.04899697674418605,0.151,3.4493871627906985,10.6304,7.181012837209302,90.2,Back-on-Track 2022,2026-03-22,3.081822798748854,1,short
CC,Oberwald,Realp Dfb,day,Oberwald → Realp Dfb,CH,CH,14.09,DFB (Dampfbahn Furka-Bergstrecke),day,0.04899697674418605,0.151,0.6903674023255815,2.12759,1.4372225976744186,90.1,Back-on-Track 2022,2026-03-22,3.081822798748855,0,short
R,Visp,Oberwald,day,Visp → Oberwald,CH,CH,44.1,MGB-fo (Matterhorn Gotthard Bahn (fo)),day,0.04899697674418605,0.151,2.1607666744186047,6.6591,4.498333325581395,90.2,Back-on-Track 2022,2026-03-22,3.0818227987488545,0,short
EXT,Olten,Oensingen,day,Olten → Oensingen,CH,CH,16.67,SBB (Schweizerische Bundesbahnen SBB),day,0.04899697674418605,0.151,0.8167796023255816,2.51717,1.7003903976744186,90.4,Back-on-Track 2022,2026-03-22,3.0818227987488545,0,short
EXT,Solothurn,Oensingen,day,Solothurn → Oensingen,CH,CH,15.49,SBB (Schweizerische Bundesbahnen SBB),day,0.04899697674418605,0.151,0.7589631697674419,2.33899,1.580026830232558,90.1,Back-on-Track 2022,2026-03-22,3.0818227987488545,0,short
C25,Strasbourg,Offenburg,day,Strasbourg → Offenburg,FR,FR,19.79,SNCF,day,0.04899697674418605,0.151,0.9696501697674419,2.9882899999999997,2.0186398302325577,90.2,Back-on-Track 2022,2026-03-22,3.0818227987488545,0,short
RE,Offenburg,Weil Am Rhein,day,Offenburg → Weil am Rhein,CH,CH,101.3,DB Regio (DB Regio AG Baden-Württemberg),day,0.04899697674418605,0.151,4.963393744186047,15.296299999999999,10.332906255813953,90.3,Back-on-Track 2022,2026-03-22,3.0818227987488545,0,short
C1,Paris Saint Lazare,Oissel,day,Paris Saint Lazare → Oissel,FR,FR,103.07,SNCF,day,0.04899697674418605,0.151,5.050118393023256,15.563569999999999,10.513451606976743,90.3,Back-on-Track 2022,2026-03-22,3.0818227987488545,0,short
Stralsund Hbf → Oldenburg(Oldb),Stralsund Hbf,Oldenburg Oldb,day,Stralsund → Oldenburg Oldb,DE,DE,344.52,DB,day,0.04899697674418605,0.151,16.880438427906977,52.02251999999999,35.14208157209302,90.3,Back-on-Track 2022,2026-03-22,3.0818227987488545,0,short
L55,Oloron Sainte Marie,Pau,day,Oloron Sainte Marie → Pau,FR,FR,22.41,SNCF,day,0.04899697674418605,0.151,1.0980222488372093,3.3839099999999998,2.2858877511627904,90.4,Back-on-Track 2022,2026-03-22,3.0818227987488545,0,short
S26,Rotkreuz,Olten,day,Rotkreuz → Olten,CH,CH,45.86,SBB (Schweizerische Bundesbahnen SBB),day,0.04899697674418605,0.151,2.2470013534883724,6.92486,4.677858646511627,90.3,Back-on-Track 2022,2026-03-22,3.0818227987488545,0,short
S26,Rupperswil,Olten,day,Rupperswil → Olten,CH,CH,17.47,SBB (Schweizerische Bundesbahnen SBB),day,0.04899697674418605,0.151,0.8559771837209302,2.6379699999999997,1.7819928162790695,90.5,Back-on-Track 2022,2026-03-22,3.0818227987488545,0,short
S9,Olten,Sissach,day,Olten → Sissach,CH,CH,14.27,SBB (Schweizerische Bundesbahnen SBB),day,0.04899697674418605,0.151,0.699186858139535,2.15477,1.455583141860465,90.2,Back-on-Track 2022,2026-03-22,3.081822798748855,0,short
IR55,Olten,Solothurn,day,Olten → Solothurn,CH,CH,32.06,SBB (Schweizerische Bundesbahnen SBB),day,0.04899697674418605,0.151,1.5708430744186048,4.841060000000001,3.270216925581396,90.3,Back-on-Track 2022,2026-03-22,3.081822798748855,0,short
S29,Sursee,Olten,day,Sursee → Olten,CH,CH,24.73,SBB (Schweizerische Bundesbahnen SBB),day,0.04899697674418605,0.151,1.211695234883721,3.73423,2.522534765116279,90.2,Back-on-Track 2022,2026-03-22,3.0818227987488545,0,short
RE,Wettingen,Olten,day,Wettingen → Olten,CH,CH,32.98,SBB (Schweizerische Bundesbahnen SBB),day,0.04899697674418605,0.151,1.615920293023256,4.979979999999999,3.3640597069767435,90.3,Back-on-Track 2022,2026-03-22,3.0818227987488545,0,short
IR16,Zurich Hb,Olten,day,Zurich Hb → Olten,CH,CH,47.73,SBB (Schweizerische Bundesbahnen SBB),day,0.04899697674418605,0.151,2.3386257,7.207229999999999,4.868604299999999,90.2,Back-on-Track 2022,2026-03-22,3.0818227987488545,0,short
K8+,Orleans,Paris Austerlitz,night,Orleans → Paris Austerlitz,FR,FR,109.33,SNCF,night,0.04899697674418605,0.151,5.356839467441861,16.50883,11.151990532558138,90.3,Back-on-Track 2022,2026-03-22,3.0818227987488545,0,short
K8+,Orleans,Paris Austerlitz Routiere,day,Orleans → Paris Austerlitz,FR,FR,109.32,SNCF,day,0.04899697674418605,0.151,5.356349497674419,16.50732,11.150970502325581,90.3,Back-on-Track 2022,2026-03-22,3.081822798748855,0,short
K6+,Paris Bercy Bourg Pays D Auv,Orleans,day,Paris Bercy Bourg Pays d Auv → Orleans,FR,FR,109.42,SNCF,day,0.04899697674418605,0.151,5.3612491953488375,16.52242,11.161170804651164,90.3,Back-on-Track 2022,2026-03-22,3.081822798748855,0,short
K16,Orleans,Saint Pierre Des Corps,night,Orleans → Saint Pierre des Corps,FR,FR,105.78,SNCF,night,0.04899697674418605,0.151,5.182900200000001,15.97278,10.7898798,90.3,Back-on-Track 2022,2026-03-22,3.0818227987488545,0,short
K16,Tours,Orleans,night,Tours → Orleans,FR,FR,107.48,SNCF,night,0.04899697674418605,0.151,5.266195060465117,16.22948,10.963284939534882,90.3,Back-on-Track 2022,2026-03-22,3.081822798748854,0,short
P8,Orleans,Toury,day,Orleans → Toury,FR,FR,31.88,SNCF,day,0.04899697674418605,0.151,1.5620236186046512,4.813879999999999,3.2518563813953483,90.2,Back-on-Track 2022,2026-03-22,3.0818227987488545,0,short
P104,Orleans,Vierzon,day,Orleans → Vierzon,FR,FR,76.66,SNCF,day,0.04899697674418605,0.151,3.7561082372093026,11.57566,7.819551762790697,90.3,Back-on-Track 2022,2026-03-22,3.0818227987488545,0,short
S46,Solothurn,Ostermundigen,day,Solothurn → Ostermundigen,CH,CH,27.9,BLS-bls (BLS AG (bls)),day,0.04899697674418605,0.151,1.3670156511627907,4.212899999999999,2.8458843488372088,90.3,Back-on-Track 2022,2026-03-22,3.0818227987488545,0,short
Ostseebad Binz → Stuttgart Hbf,Ostseebad Binz,Stuttgart Hbf,day,Ostseebad Binz → Stuttgart,DE,DE,695.22,DB,day,0.04899697674418605,0.151,34.06367817209303,104.97822000000001,70.91454182790699,90.3,Back-on-Track 2022,2026-03-22,3.081822798748855,0,medium
30-50294402-1-40 Paris-Gare-de-Lyon/Milano Centrale,Oulx Cesana Claviere Sestriere,St Jean De Maurienne Arvan,day,Oulx Cesana Claviere Sestriere → St Jean de Maurienne Arvan,IT,IT,45.26,Trenitalia,day,0.04899697674418605,0.151,2.2176031674418604,6.83426,4.616656832558139,90.3,Back-on-Track 2022,2026-03-22,3.081822798748855,0,short
R,Payerne,Palezieux,day,Payerne → Palezieux,CH,CH,31.76,SBB (Schweizerische Bundesbahnen SBB),day,0.04899697674418605,0.151,1.556143981395349,4.7957600000000005,3.2396160186046514,90.4,Back-on-Track 2022,2026-03-22,3.081822798748855,0,short
C4,Toulouse Matabiau,Pamiers,day,Toulouse Matabiau → Pamiers,FR,FR,56.65,SNCF,day,0.04899697674418605,0.151,2.7756787325581396,8.55415,5.77847126744186,90.3,Back-on-Track 2022,2026-03-22,3.081822798748855,0,short
K6+,Paris Austerlitz,Saint Pierre Des Corps,night,Paris Austerlitz → Saint Pierre des Corps,FR,FR,202.63,SNCF,night,0.04899697674418605,0.151,9.92825739767442,30.59713,20.668872602325578,90.3,Back-on-Track 2022,2026-03-22,3.0818227987488545,0,short
INCONNU,Paris Austerlitz,Rennes,day,Paris Austerlitz → Rennes,FR,FR,308.74,OCEdefault,day,0.04899697674418605,0.151,15.127326600000002,46.61974,31.492413399999997,90.3,Back-on-Track 2022,2026-03-22,3.0818227987488545,0,short
555B,Rodez,Paris Austerlitz,night,Rodez → Paris Austerlitz,FR,FR,498.39,SNCF,night,0.04899697674418605,0.151,24.419603239534887,75.25689,50.83728676046511,90.3,Back-on-Track 2022,2026-03-22,3.0818227987488545,0,short
INCONNU,Paris Austerlitz,Tarbes,day,Paris Austerlitz → Tarbes,FR,FR,647.58,OCEdefault,day,0.04899697674418605,0.151,31.729462200000004,97.78458,66.0551178,90.3,Back-on-Track 2022,2026-03-22,3.081822798748855,0,medium
555A,Toulouse Matabiau,Paris Austerlitz,night,Toulouse Matabiau → Paris Austerlitz,FR,FR,585.87,SNCF,night,0.04899697674418605,0.151,28.705858765116282,88.46637,59.760511234883715,90.3,Back-on-Track 2022,2026-03-22,3.0818227987488545,0,medium
K6+,Paris Austerlitz,Tours,night,Paris Austerlitz → Tours,FR,FR,203.68,SNCF,night,0.04899697674418605,0.151,9.979704223255816,30.75568,20.775975776744186,90.3,Back-on-Track 2022,2026-03-22,3.0818227987488545,0,short
P10,Vendome,Paris Austerlitz,night,Vendome → Paris Austerlitz,FR,FR,150.24,SNCF,night,0.04899697674418605,0.151,7.361305786046513,22.68624,15.324934213953489,90.3,Back-on-Track 2022,2026-03-22,3.0818227987488545,0,short
560B,Paris Bercy Bourg Pays D Auv,Toulouse Matabiau,day,Paris Bercy Bourg Pays d Auv → Toulouse Matabiau,FR,FR,585.69,SNCF,day,0.04899697674418605,0.151,28.69703930930233,88.43919000000001,59.742150690697684,90.3,Back-on-Track 2022,2026-03-22,3.081822798748855,0,medium
K6+,Paris Bercy Bourg Pays D Auv,Tours,night,Paris Bercy Bourg Pays D Auv → Tours,FR,FR,204.23,SNCF,night,0.04899697674418605,0.151,10.006652560465117,30.838729999999998,20.83207743953488,90.3,Back-on-Track 2022,2026-03-22,3.0818227987488545,0,short
P10,Paris Bercy Bourg Pays D Auv,Vendome,day,Paris Bercy Bourg Pays d Auv → Vendome,FR,FR,150.83,SNCF,day,0.04899697674418605,0.151,7.390214002325583,22.77533,15.385115997674419,90.3,Back-on-Track 2022,2026-03-22,3.0818227987488545,0,short
631C,Perpignan,Paris Gare De Lyon Hall 1 2,night,Perpignan → Paris de Lyon Hall 1 2,FR,FR,684.84,SNCF,night,0.04899697674418605,0.151,33.55508955348838,103.41084000000001,69.85575044651162,90.3,Back-on-Track 2022,2026-03-22,3.0818227987488545,0,medium
631B,Toulon,Paris Gare De Lyon Hall 1 2,night,Toulon → Paris de Lyon Hall 1 2,FR,FR,692.29,SNCF,night,0.04899697674418605,0.151,33.92011703023256,104.53578999999999,70.61567296976743,90.3,Back-on-Track 2022,2026-03-22,3.0818227987488545,0,medium
641A,Turin Porta Susa,Paris Gare De Lyon Hall 1 2,day,Turin Porta Susa → Paris de Lyon Hall 1 2,FR,FR,580.4,SNCF,day,0.04899697674418605,0.151,28.437845302325584,87.6404,59.202554697674415,90.3,Back-on-Track 2022,2026-03-22,3.0818227987488545,0,medium
631D,Paris Gare De Lyon Hall 1 2,Valence Ville,day,Paris de Lyon Hall 1 2 → Valence Ville,FR,FR,475.7,SNCF,day,0.04899697674418605,0.151,23.307861837209305,71.8307,48.52283816279069,90.3,Back-on-Track 2022,2026-03-22,3.0818227987488545,0,short
612B,Paris Gare De Lyon Hall 1 2,Zuerich Hb,day,Paris de Lyon Hall 1 2 → Zuerich Hb,FR,FR,485.85,SNCF,day,0.04899697674418605,0.151,23.805181151162795,73.36335,49.5581688488372,90.3,Back-on-Track 2022,2026-03-22,3.081822798748854,0,short
TGV,Perpignan,Paris Gare De Lyon,day,Perpignan → Paris de Lyon,CH,CH,684.84,SNCF (Société Nationale des Chemins de fer Français),day,0.04899697674418605,0.151,33.55508955348838,103.41084000000001,69.85575044651162,90.3,Back-on-Track 2022,2026-03-22,3.0818227987488545,0,medium
TGV,Paris Gare De Lyon,St Gervais Les Bains Le Fayet,day,Paris de Lyon → St Gervais les Bains le Fayet,CH,CH,461.29,SNCF (Société Nationale des Chemins de fer Français),day,0.04899697674418605,0.151,22.601815402325585,69.65479,47.05297459767442,90.3,Back-on-Track 2022,2026-03-22,3.081822798748855,0,short
TGV,Paris Gare De Lyon,Valence,day,Paris de Lyon → Valence,CH,CH,475.73,SNCF (Société Nationale des Chemins de fer Français),day,0.04899697674418605,0.151,23.30933174651163,71.83523,48.525898253488364,90.3,Back-on-Track 2022,2026-03-22,3.0818227987488545,0,short
TGV,Paris Gare De Lyon,Zurich Hb,day,Paris de Lyon → Zurich Hb,CH,CH,485.8,SNCF (Société Nationale des Chemins de fer Français),day,0.04899697674418605,0.151,23.802731302325583,73.3558,49.55306869767442,90.3,Back-on-Track 2022,2026-03-22,3.081822798748855,0,short
C17,Paris Gare Du Nord,Persan Beaumont,day,Paris du Nord → Persan Beaumont,FR,FR,30.29,SNCF,day,0.04899697674418605,0.151,1.4841184255813955,4.57379,3.0896715744186043,90.4,Back-on-Track 2022,2026-03-22,3.0818227987488545,0,short
K14,Saint Quentin,Paris Gare Du Nord,night,Saint Quentin → Paris du Nord,FR,FR,126.68,SNCF,night,0.04899697674418605,0.151,6.206937013953489,19.12868,12.92174298604651,90.3,Back-on-Track 2022,2026-03-22,3.0818227987488545,0,short
261E,Rang Du Fliers Verton Berck,Paris Gare Du Nord,day,Rang du Fliers Verton Berck → Paris du Nord,FR,FR,178.18,SNCF,day,0.04899697674418605,0.151,8.73028131627907,26.90518,18.174898683720933,90.3,Back-on-Track 2022,2026-03-22,3.081822798748855,0,short
K14,Paris Gare Du Nord,Tergnier,night,Paris du Nord → Tergnier,FR,FR,110.35,SNCF,night,0.04899697674418605,0.151,5.406816383720931,16.66285,11.256033616279069,90.3,Back-on-Track 2022,2026-03-22,3.0818227987488545,0,short
261B,Tourcoing,Paris Gare Du Nord,night,Tourcoing → Paris du Nord,FR,FR,212.4,SNCF,night,0.04899697674418605,0.151,10.406957860465118,32.0724,21.665442139534882,90.3,Back-on-Track 2022,2026-03-22,3.0818227987488545,0,short
261A,Valenciennes,Paris Gare Du Nord,day,Valenciennes → Paris du Nord,FR,FR,184.94,SNCF,day,0.04899697674418605,0.151,9.061500879069769,27.925939999999997,18.86443912093023,90.3,Back-on-Track 2022,2026-03-22,3.081822798748854,0,short
801A,Reims,Paris Est,day,Reims → Paris Est,FR,FR,128.58,SNCF,day,0.04899697674418605,0.151,6.300031269767443,19.415580000000002,13.11554873023256,90.3,Back-on-Track 2022,2026-03-22,3.081822798748855,0,short
805B,Remiremont,Paris Est,night,Remiremont → Paris Est,FR,FR,327.02,SNCF,night,0.04899697674418605,0.151,16.02299133488372,49.380019999999995,33.357028665116275,90.3,Back-on-Track 2022,2026-03-22,3.081822798748855,0,short
TGV,Paris Est,Sedan,day,Paris Est → Sedan,CH,CH,207.47,SNCF (Société Nationale des Chemins de fer Français),day,0.04899697674418605,0.151,10.16540276511628,31.32797,21.16256723488372,90.3,Back-on-Track 2022,2026-03-22,3.081822798748855,0,short
801A,Sedan,Paris Est,day,Sedan → Paris Est,FR,FR,207.54,SNCF,day,0.04899697674418605,0.151,10.168832553488373,31.33854,21.169707446511623,90.3,Back-on-Track 2022,2026-03-22,3.0818227987488545,0,short
803A,Strasbourg,Paris Est,night,Strasbourg → Paris Est,FR,FR,395.5,SNCF,night,0.04899697674418605,0.151,19.37830430232558,59.7205,40.34219569767442,90.3,Back-on-Track 2022,2026-03-22,3.081822798748855,0,short
Paris Est → Stuttgart Hbf,Paris Est,Stuttgart Hbf,day,Paris Est → Stuttgart,DE,DE,499.34,DB,day,0.04899697674418605,0.151,24.466150367441863,75.40034,50.93418963255814,90.3,Back-on-Track 2022,2026-03-22,3.0818227987488545,0,short
K4,Troyes,Paris Est,night,Troyes → Paris Est,FR,FR,141.17,SNCF,night,0.04899697674418605,0.151,6.916903206976744,21.31667,14.399766793023254,90.3,Back-on-Track 2022,2026-03-22,3.081822798748855,0,short
K4,Vesoul,Paris Est,day,Vesoul → Paris Est,FR,FR,313.79,SNCF,day,0.04899697674418605,0.151,15.374761332558142,47.382290000000005,32.00752866744186,90.3,Back-on-Track 2022,2026-03-22,3.081822798748855,0,short
TER,Paris Est,Vittel,day,Paris Est → Vittel,CH,CH,274.19,SNCF (Société Nationale des Chemins de fer Français),day,0.04899697674418605,0.151,13.434481053488373,41.40269,27.968208946511627,90.3,Back-on-Track 2022,2026-03-22,3.081822798748855,0,short
612B,Zuerich Hb,Paris Est,day,Zuerich Hb → Paris Est,FR,FR,487.96,SNCF,day,0.04899697674418605,0.151,23.908564772093023,73.68195999999999,49.77339522790697,90.3,Back-on-Track 2022,2026-03-22,3.0818227987488545,0,short
C1,Paris Saint Lazare,Rouen Rive Droite,night,Paris Saint Lazare → Rouen Rive Droite,FR,FR,109.84,SNCF,night,0.04899697674418605,0.151,5.381827925581396,16.58584,11.204012074418605,90.3,Back-on-Track 2022,2026-03-22,3.081822798748855,0,short
C2,Serquigny,Paris Saint Lazare,night,Serquigny → Paris Saint Lazare,FR,FR,119.97,SNCF,night,0.04899697674418605,0.151,5.8781673,18.11547,12.237302699999997,90.3,Back-on-Track 2022,2026-03-22,3.0818227987488545,0,short
K3+,Paris Saint Lazare,Trouville Deauville,day,Paris Saint Lazare → Trouville Deauville,FR,FR,171.74,SNCF,day,0.04899697674418605,0.151,8.414740786046513,25.93274,17.517999213953487,90.3,Back-on-Track 2022,2026-03-22,3.081822798748854,0,short
C1,Paris Saint Lazare,Vernon Giverny,day,Paris Saint Lazare → Vernon Giverny,FR,FR,66.29,SNCF,day,0.04899697674418605,0.151,3.2480095883720934,10.00979,6.761780411627907,90.3,Back-on-Track 2022,2026-03-22,3.081822798748855,0,short
631C,Paris Montparnasse Hall 1 2,Perpignan,day,Paris Montparnasse Hall 1 2 → Perpignan,FR,FR,684.67,SNCF,day,0.04899697674418605,0.151,33.54676006744186,103.38516999999999,69.83840993255814,90.3,Back-on-Track 2022,2026-03-22,3.081822798748855,0,medium
421I,Poitiers,Paris Montparnasse Hall 1 2,night,Poitiers → Paris Montparnasse Hall 1 2,FR,FR,291.87,SNCF,night,0.04899697674418605,0.151,14.300747602325583,44.07237,29.771622397674417,90.3,Back-on-Track 2022,2026-03-22,3.0818227987488545,0,short
K4,Paris Montparnasse Hall 1 2,Pontorson Mont Saint Michel,day,Paris Montparnasse Hall 1 2 → Pontorson Mont Saint Michel,FR,FR,282.56,SNCF,day,0.04899697674418605,0.151,13.844585748837211,42.66656,28.821974251162786,90.3,Back-on-Track 2022,2026-03-22,3.0818227987488545,0,short
401C,Quimper,Paris Montparnasse Hall 1 2,night,Quimper → Paris Montparnasse Hall 1 2,FR,FR,482.37,SNCF,night,0.04899697674418605,0.151,23.634671672093024,72.83787,49.203198327906975,90.3,Back-on-Track 2022,2026-03-22,3.0818227987488545,0,short
401D,Paris Montparnasse Hall 1 2,Rennes,night,Paris Montparnasse Hall 1 2 → Rennes,FR,FR,305.56,SNCF,night,0.04899697674418605,0.151,14.971516213953489,46.139559999999996,31.168043786046507,90.3,Back-on-Track 2022,2026-03-22,3.0818227987488545,0,short
421B,Tarbes,Paris Montparnasse Hall 1 2,day,Tarbes → Paris Montparnasse Hall 1 2,FR,FR,646.54,SNCF,day,0.04899697674418605,0.151,31.678505344186046,97.62754,65.94903465581395,90.3,Back-on-Track 2022,2026-03-22,3.081822798748855,0,medium
421C,Paris Montparnasse Hall 1 2,Toulouse Matabiau,night,Paris Montparnasse Hall 1 2 → Toulouse Matabiau,FR,FR,585.35,SNCF,night,0.04899697674418605,0.151,28.680380337209307,88.38785,59.70746966279069,90.3,Back-on-Track 2022,2026-03-22,3.0818227987488545,0,medium
533B,Tourcoing,Paris Montparnasse Hall 1 2,night,Tourcoing → Paris Montparnasse Hall 1 2,FR,FR,217.26,SNCF,night,0.04899697674418605,0.151,10.645083167441861,32.806259999999995,22.161176832558134,90.3,Back-on-Track 2022,2026-03-22,3.0818227987488545,0,short
421F,Tours,Paris Montparnasse Hall 1 2,day,Tours → Paris Montparnasse Hall 1 2,FR,FR,201.59,SNCF,day,0.04899697674418605,0.151,9.877300541860466,30.440089999999998,20.562789458139534,90.3,Back-on-Track 2022,2026-03-22,3.0818227987488545,0,short
INCONNU,Paris Montparnasse Vaugirard,Rennes,day,Paris Montparnasse Vaugirard → Rennes,FR,FR,305.56,OCEdefault,day,0.04899697674418605,0.151,14.971516213953489,46.139559999999996,31.168043786046507,90.3,Back-on-Track 2022,2026-03-22,3.0818227987488545,0,short
FRPNO -> GBSPX,Paris Nord,St Pancras International,day,Paris Nord → St Pancras International,FR,GB,343.53,Eurostar,day,0.04899697674418605,0.151,16.831931420930232,51.87302999999999,35.04109857906976,90.3,Back-on-Track 2022,2026-03-22,3.0818227987488545,1,short
Passau Hbf → Wien Hbf (Autoreisezuganlage),Passau Hbf,Wien Hbf Autoreisezuganlage,night,Passau → Wien Autoreisezuganlage,DE,DE,221.73,ÖBB,night,0.04899697674418605,0.151,10.864099653488372,33.48123,22.617130346511622,90.3,Back-on-Track 2022,2026-03-22,3.0818227987488545,0,short
K5,Pau,Tarbes,day,Pau → Tarbes,FR,FR,36.02,SNCF,day,0.04899697674418605,0.151,1.7648711023255816,5.43902,3.6741488976744185,90.4,Back-on-Track 2022,2026-03-22,3.0818227987488545,0,short
K5,Pau,Toulouse Matabiau,night,Pau → Toulouse Matabiau,FR,FR,151.4,SNCF,night,0.04899697674418605,0.151,7.418142279069769,22.8614,15.44325772093023,90.3,Back-on-Track 2022,2026-03-22,3.0818227987488545,0,short
P942,Troyes,Payns Abri Cote Savieres,day,Troyes → Payns Abri Cote Savieres,FR,FR,12.29,SNCF,day,0.04899697674418605,0.151,0.6021728441860466,1.8557899999999998,1.2536171558139533,90.4,Back-on-Track 2022,2026-03-22,3.0818227987488545,0,short
L34,Perigueux,Sarlat,day,Perigueux → Sarlat,FR,FR,53.04,SNCF,day,0.04899697674418605,0.151,2.598799646511628,8.009039999999999,5.410240353488371,90.3,Back-on-Track 2022,2026-03-22,3.0818227987488545,0,short
L32,Tulle,Perigueux,day,Tulle → Perigueux,FR,FR,82.51,SNCF,day,0.04899697674418605,0.151,4.042740551162791,12.459010000000001,8.416269448837209,90.2,Back-on-Track 2022,2026-03-22,3.081822798748855,0,short
L32,Perigueux,Ussel,day,Perigueux → Ussel,FR,FR,132.06,SNCF,day,0.04899697674418605,0.151,6.47054074883721,19.94106,13.470519251162791,90.3,Back-on-Track 2022,2026-03-22,3.081822798748855,0,short
P51,Thionville,Perl Gare Routiere,day,Thionville → Perl,FR,FR,19.71,SNCF,day,0.04899697674418605,0.151,0.9657304116279071,2.97621,2.010479588372093,90.1,Back-on-Track 2022,2026-03-22,3.0818227987488545,0,short
K3,Perpignan,Portbou,day,Perpignan → Portbou,FR,FR,37.84,SNCF,day,0.04899697674418605,0.151,1.8540456000000003,5.71384,3.8597944,90.3,Back-on-Track 2022,2026-03-22,3.0818227987488545,0,short
K3,Perpignan,Toulouse Matabiau,day,Perpignan → Toulouse Matabiau,FR,FR,154.04,SNCF,day,0.04899697674418605,0.151,7.547494297674419,23.260039999999996,15.712545702325578,90.3,Back-on-Track 2022,2026-03-22,3.0818227987488545,0,short
P24,Perpignan,Villefranche Vernet Les Bains,day,Perpignan → Villefranche Vernet les Bains,FR,FR,43.22,SNCF,day,0.04899697674418605,0.151,2.117649334883721,6.5262199999999995,4.408570665116279,90.2,Back-on-Track 2022,2026-03-22,3.081822798748855,0,short
S5,Pfaffikon Sz,Schlieren,day,Pfaffikon Sz → Schlieren,CH,CH,33.14,SBB (Schweizerische Bundesbahnen SBB),day,0.04899697674418605,0.151,1.6237598093023258,5.00414,3.380380190697674,90.4,Back-on-Track 2022,2026-03-22,3.0818227987488545,0,short
S8,Pfaffikon Sz,Winterthur,day,Pfaffikon Sz → Winterthur,CH,CH,33.31,SBB (Schweizerische Bundesbahnen SBB),day,0.04899697674418605,0.151,1.6320892953488375,5.02981,3.397720704651163,90.2,Back-on-Track 2022,2026-03-22,3.0818227987488545,0,short
S,Ziegelbrucke,Pfaffikon Sz,day,Ziegelbrucke → Pfaffikon Sz,CH,CH,22.57,SBB (Schweizerische Bundesbahnen SBB),day,0.04899697674418605,0.151,1.1058617651162792,3.40807,2.3022082348837207,90.2,Back-on-Track 2022,2026-03-22,3.0818227987488545,0,short
S5,Zug,Pfaffikon Sz,day,Zug → Pfaffikon Sz,CH,CH,20.15,SBB (Schweizerische Bundesbahnen SBB),day,0.04899697674418605,0.151,0.9872890813953489,3.0426499999999996,2.055360918604651,90.3,Back-on-Track 2022,2026-03-22,3.0818227987488545,0,short
S2,Pfaffikon Sz,Zurich Flughafen,day,Pfaffikon Sz → Zurich Flughafen,CH,CH,31.95,SBB (Schweizerische Bundesbahnen SBB),day,0.04899697674418605,0.151,1.5654534069767443,4.82445,3.258996593023255,90.2,Back-on-Track 2022,2026-03-22,3.0818227987488545,0,short
RE,Zurich Hb,Pfaffikon Sz,day,Zurich Hb → Pfaffikon Sz,CH,CH,26.48,SBB (Schweizerische Bundesbahnen SBB),day,0.04899697674418605,0.151,1.2974399441860467,3.99848,2.7010400558139533,90.3,Back-on-Track 2022,2026-03-22,3.0818227987488545,0,short
P101,Saumur,Saint Pierre Des Corps,day,Saumur → Saint Pierre des Corps,FR,FR,61.31,SNCF,day,0.04899697674418605,0.151,3.004004644186047,9.25781,6.253805355813952,90.3,Back-on-Track 2022,2026-03-22,3.0818227987488545,0,short
P7,Saint Pierre Des Corps,Vierzon,day,Saint Pierre des Corps → Vierzon,FR,FR,102.31,SNCF,day,0.04899697674418605,0.151,5.012880690697675,15.44881,10.435929309302324,90.3,Back-on-Track 2022,2026-03-22,3.0818227987488545,0,short
K4,Pierrelatte,Valence Gare Routiere,day,Pierrelatte → Valence,FR,FR,63.23,SNCF,day,0.04899697674418605,0.151,3.098078839534884,9.54773,6.449651160465116,90.2,Back-on-Track 2022,2026-03-22,3.0818227987488545,0,short
RE,Plochingen,Rottenburg Neckar,day,Plochingen → Rottenburg Neckar,CH,CH,44.02,DB Regio (DB Regio AG Baden-Württemberg),day,0.04899697674418605,0.151,2.15684691627907,6.64702,4.49017308372093,90.2,Back-on-Track 2022,2026-03-22,3.0818227987488545,0,short
P11,Tours,Poitiers,day,Tours → Poitiers,FR,FR,93.86,SNCF,day,0.04899697674418605,0.151,4.5988562372093025,14.17286,9.574003762790698,90.3,Back-on-Track 2022,2026-03-22,3.081822798748855,0,short
P28,Vallorbe,Pontarlier,day,Vallorbe → Pontarlier,FR,FR,21.01,SNCF,day,0.04899697674418605,0.151,1.029426481395349,3.17251,2.1430835186046506,90.4,Back-on-Track 2022,2026-03-22,3.081822798748854,0,short
R,Poschiavo,Pontresina,day,Poschiavo → Pontresina,CH,CH,22.09,RhB (Rhätische Bahn),day,0.04899697674418605,0.151,1.0823432162790698,3.33559,2.25324678372093,90.3,Back-on-Track 2022,2026-03-22,3.0818227987488545,0,short
R,S Chanf,Pontresina,day,S Chanf → Pontresina,CH,CH,14.99,RhB (Rhätische Bahn),day,0.04899697674418605,0.151,0.7344646813953489,2.26349,1.529025318604651,90.3,Back-on-Track 2022,2026-03-22,3.0818227987488545,0,short
R,Pontresina,Sagliains,day,Pontresina → Sagliains,CH,CH,34.32,RhB (Rhätische Bahn),day,0.04899697674418605,0.151,1.6815762418604652,5.18232,3.5007437581395346,90.3,Back-on-Track 2022,2026-03-22,3.081822798748855,0,short
R,Scuol Tarasp,Pontresina,day,Scuol Tarasp → Pontresina,CH,CH,44.99,RhB (Rhätische Bahn),day,0.04899697674418605,0.151,2.2043739837209304,6.79349,4.589116016279069,90.3,Back-on-Track 2022,2026-03-22,3.081822798748855,0,short
PE,Tirano,Pontresina,day,Tirano → Pontresina,CH,CH,36.96,RhB (Rhätische Bahn),day,0.04899697674418605,0.151,1.8109282604651165,5.58096,3.7700317395348835,90.2,Back-on-Track 2022,2026-03-22,3.081822798748855,0,short
R,Zuoz,Pontresina,day,Zuoz → Pontresina,CH,CH,13.13,RhB (Rhätische Bahn),day,0.04899697674418605,0.151,0.6433303046511629,1.9826300000000001,1.3392996953488372,90.5,Back-on-Track 2022,2026-03-22,3.0818227987488545,0,short
P1,Port Boulet,Tours,day,Port Boulet → Tours,FR,FR,43.42,SNCF,day,0.04899697674418605,0.151,2.127448730232558,6.55642,4.428971269767442,90.2,Back-on-Track 2022,2026-03-22,3.081822798748855,0,short
P11,Tours,Port De Piles,day,Tours → Port de Piles,FR,FR,42.8,SNCF,day,0.04899697674418605,0.151,2.097070604651163,6.4628,4.365729395348836,90.3,Back-on-Track 2022,2026-03-22,3.0818227987488545,0,short
K3,Toulouse Matabiau,Portbou,day,Toulouse Matabiau → Portbou,FR,FR,191.32,SNCF,day,0.04899697674418605,0.151,9.374101590697675,28.889319999999998,19.51521840930232,90.3,Back-on-Track 2022,2026-03-22,3.0818227987488545,0,short
R,St Moritz,Poschiavo,day,St Moritz → Poschiavo,CH,CH,25.04,RhB (Rhätische Bahn),day,0.04899697674418605,0.151,1.2268842976744188,3.78104,2.5541557023255814,90.3,Back-on-Track 2022,2026-03-22,3.0818227987488545,0,short
R,Poschiavo,Tirano,day,Poschiavo → Tirano,CH,CH,14.87,RhB (Rhätische Bahn),day,0.04899697674418605,0.151,0.7285850441860465,2.24537,1.5167849558139532,90.2,Back-on-Track 2022,2026-03-22,3.081822798748855,0,short
Praha hl.n. → Rostock Hbf,Praha Hl N,Rostock Hbf,day,Praha Hl N → Rostock,DE,DE,471.28,DB,day,0.04899697674418605,0.151,23.0912952,71.16328,48.071984799999996,90.3,Back-on-Track 2022,2026-03-22,3.081822798748855,0,short
A04,Privas Cours Du Palais,Valence Gare Routiere,day,Privas Cours du Palais → Valence,FR,FR,31.46,Conseil Régional Auvergne - Rhône-Alpes,day,0.04899697674418605,0.151,1.5414448883720933,4.75046,3.209015111627907,90.3,Back-on-Track 2022,2026-03-22,3.081822798748855,0,short
A04,Privas Cours Du Palais,Valence Tgv Rhone Alpes Sud,day,Privas Cours du Palais → Valence Tgv Rhone Alpes Sud,FR,FR,41.34,Conseil Régional Auvergne - Rhône-Alpes,day,0.04899697674418605,0.151,2.0255350186046517,6.24234,4.216804981395349,90.3,Back-on-Track 2022,2026-03-22,3.0818227987488545,0,short
EN,Wien Hbf,Przemysl Glowny,night,Wien → Przemysl Glowny,DE,DE,499.46,PKP,night,0.04899697674418605,0.151,24.472030004651163,75.41846,50.946429995348836,90.3,Back-on-Track 2022,2026-03-22,3.081822798748855,0,short
S1,Wolfsberg Bahnhof,Pusarnitz Bahnhof,night,Wolfsberg → Pusarnitz,AT,AT,109.08,ÖBB,night,0.04899697674418605,0.151,5.344590223255814,16.47108,11.126489776744187,90.3,Back-on-Track 2022,2026-03-22,3.081822798748855,0,short
P14,Quimper,Redon,day,Quimper → Redon,FR,FR,154.4,SNCF,day,0.04899697674418605,0.151,7.565133209302327,23.3144,15.749266790697671,90.3,Back-on-Track 2022,2026-03-22,3.0818227987488545,0,short
K2,Quimper,Rennes,night,Quimper → Rennes,FR,FR,180.24,SNCF,night,0.04899697674418605,0.151,8.831215088372094,27.21624,18.385024911627905,90.3,Back-on-Track 2022,2026-03-22,3.0818227987488545,0,short
061B,Quimper,Strasbourg,day,Quimper → Strasbourg,FR,FR,876.52,SNCF,day,0.04899697674418605,0.151,42.946830055813955,132.35451999999998,89.40768994418602,90.3,Back-on-Track 2022,2026-03-22,3.0818227987488545,0,medium
P14,Quimper,Vannes,night,Quimper → Vannes,FR,FR,106.49,SNCF,night,0.04899697674418605,0.151,5.217688053488373,16.07999,10.862301946511625,90.3,Back-on-Track 2022,2026-03-22,3.0818227987488545,0,short
R9,Radstadt Bahnhof,St Michael Bahnhof,night,Radstadt → St Michael,AT,AT,116.15,ÖBB,night,0.04899697674418605,0.151,5.69099884883721,17.53865,11.84765115116279,90.3,Back-on-Track 2022,2026-03-22,3.081822798748855,0,short
S,Rafz,Rapperswil Sg,day,Rafz → Rapperswil Sg,CH,CH,46.88,SBB (Schweizerische Bundesbahnen SBB),day,0.04899697674418605,0.151,2.2969782697674423,7.07888,4.7819017302325575,90.2,Back-on-Track 2022,2026-03-22,3.081822798748854,0,short
S9,Uster,Rafz,day,Uster → Rafz,CH,CH,31.11,SBB (Schweizerische Bundesbahnen SBB),day,0.04899697674418605,0.151,1.524295946511628,4.69761,3.1733140534883724,90.2,Back-on-Track 2022,2026-03-22,3.081822798748855,0,short
S17,Sargans,Rapperswil Sg,day,Sargans → Rapperswil Sg,CH,CH,51.66,SOB-sob (Schweizerische Südostbahn (sob)),day,0.04899697674418605,0.151,2.531183818604651,7.800659999999999,5.269476181395348,90.3,Back-on-Track 2022,2026-03-22,3.0818227987488545,0,short
S,Rapperswil Sg,Schaffhausen,day,Rapperswil Sg → Schaffhausen,CH,CH,54.43,SBB (Schweizerische Bundesbahnen SBB),day,0.04899697674418605,0.151,2.666905444186047,8.21893,5.552024555813953,90.3,Back-on-Track 2022,2026-03-22,3.0818227987488545,0,short
S5,Schlieren,Rapperswil Sg,day,Schlieren → Rapperswil Sg,CH,CH,33.94,SBB (Schweizerische Bundesbahnen SBB),day,0.04899697674418605,0.151,1.6629573906976745,5.12494,3.461982609302325,90.2,Back-on-Track 2022,2026-03-22,3.0818227987488545,0,short
S6,Schwanden Gl,Rapperswil Sg,day,Schwanden Gl → Rapperswil Sg,CH,CH,32.13,SOB-sob (Schweizerische Südostbahn (sob)),day,0.04899697674418605,0.151,1.574272862790698,4.85163,3.277357137209302,90.3,Back-on-Track 2022,2026-03-22,3.0818227987488545,0,short
IR,Rapperswil Sg,St Gallen,day,Rapperswil Sg → St Gallen,CH,CH,47.16,SOB-sob (Schweizerische Südostbahn (sob)),day,0.04899697674418605,0.151,2.310697423255814,7.121159999999999,4.810462576744184,90.3,Back-on-Track 2022,2026-03-22,3.081822798748854,0,short
S7,Rapperswil Sg,Winterthur,day,Rapperswil Sg → Winterthur,CH,CH,31.42,SBB (Schweizerische Bundesbahnen SBB),day,0.04899697674418605,0.151,1.5394850093023258,4.74442,3.204934990697674,90.3,Back-on-Track 2022,2026-03-22,3.0818227987488545,0,short
S6,Ziegelbrucke,Rapperswil Sg,day,Ziegelbrucke → Rapperswil Sg,CH,CH,20.87,SOB-sob (Schweizerische Südostbahn (sob)),day,0.04899697674418605,0.151,1.022566904651163,3.15137,2.128803095348837,90.4,Back-on-Track 2022,2026-03-22,3.0818227987488545,0,short
S5,Zug,Rapperswil Sg,day,Zug → Rapperswil Sg,CH,CH,23.49,SBB (Schweizerische Bundesbahnen SBB),day,0.04899697674418605,0.151,1.1509389837209303,3.5469899999999996,2.3960510162790696,90.2,Back-on-Track 2022,2026-03-22,3.0818227987488545,0,short
RE,Ulm Hbf,Ravensburg,day,Ulm → Ravensburg,CH,CH,73.87,DB Regio (DB Regio AG Baden-Württemberg),day,0.04899697674418605,0.151,3.6194066720930236,11.15437,7.5349633279069765,90.3,Back-on-Track 2022,2026-03-22,3.081822798748855,0,short
P2,Rennes,Redon,day,Rennes → Redon,FR,FR,58.98,SNCF,day,0.04899697674418605,0.151,2.889841688372093,8.90598,6.016138311627906,90.2,Back-on-Track 2022,2026-03-22,3.0818227987488545,0,short
Regensburg Hbf → Wien Hbf,Regensburg Hbf,Wien Hbf,day,Regensburg → Wien,DE,DE,327.57,ÖBB,day,0.04899697674418605,0.151,16.049939672093025,49.463069999999995,33.41313032790697,90.3,Back-on-Track 2022,2026-03-22,3.0818227987488545,0,short
S6,Uetikon,Regensdorf Watt,day,Uetikon → Regensdorf Watt,CH,CH,25.14,SBB (Schweizerische Bundesbahnen SBB),day,0.04899697674418605,0.151,1.2317839953488374,3.79614,2.564356004651162,90.3,Back-on-Track 2022,2026-03-22,3.0818227987488545,0,short
S6,Wettingen,Regensdorf Watt,day,Wettingen → Regensdorf Watt,CH,CH,12.01,SBB (Schweizerische Bundesbahnen SBB),day,0.04899697674418605,0.151,0.5884536906976745,1.81351,1.2250563093023255,90.2,Back-on-Track 2022,2026-03-22,3.0818227987488545,0,short
R,Reichenau Tamins,St Moritz,day,Reichenau Tamins → St Moritz,CH,CH,49.04,RhB (Rhätische Bahn),day,0.04899697674418605,0.151,2.402811739534884,7.40504,5.002228260465116,90.2,Back-on-Track 2022,2026-03-22,3.0818227987488545,0,short
RE,Thusis,Reichenau Tamins,day,Thusis → Reichenau Tamins,CH,CH,14.16,RhB (Rhätische Bahn),day,0.04899697674418605,0.151,0.6937971906976745,2.13816,1.4443628093023255,90.2,Back-on-Track 2022,2026-03-22,3.0818227987488545,0,short
S,Winterthur,Reichenburg,day,Winterthur → Reichenburg,CH,CH,41.31,SBB (Schweizerische Bundesbahnen SBB),day,0.04899697674418605,0.151,2.024065109302326,6.2378100000000005,4.213744890697674,90.3,Back-on-Track 2022,2026-03-22,3.0818227987488545,0,short
S,Zurich Hb,Reichenburg,day,Zurich Hb → Reichenburg,CH,CH,40.43,SBB (Schweizerische Bundesbahnen SBB),day,0.04899697674418605,0.151,1.980947769767442,6.1049299999999995,4.123982230232557,90.2,Back-on-Track 2022,2026-03-22,3.0818227987488545,0,short
C70+,Reims,Sedan,day,Reims → Sedan,FR,FR,81.44,SNCF,day,0.04899697674418605,0.151,3.990313786046512,12.29744,8.307126213953488,90.3,Back-on-Track 2022,2026-03-22,3.081822798748855,0,short
K903,Troyes Gare Routiere,Reims,day,Troyes → Reims,FR,FR,107.05,SNCF,day,0.04899697674418605,0.151,5.245126360465116,16.16455,10.919423639534882,90.3,Back-on-Track 2022,2026-03-22,3.0818227987488545,0,short
IC5,Rorschach,Renens Vd,day,Rorschach → Renens Vd,CH,CH,245.29,SBB (Schweizerische Bundesbahnen SBB),day,0.04899697674418605,0.151,12.018468425581396,37.03879,25.020321574418602,90.3,Back-on-Track 2022,2026-03-22,3.0818227987488545,0,short
C6,Rennes,Retiers,day,Rennes → Retiers,FR,FR,29.85,SNCF,day,0.04899697674418605,0.151,1.4625597558139536,4.50735,3.0447902441860464,90.2,Back-on-Track 2022,2026-03-22,3.0818227987488545,0,short
061B,Rennes,Strasbourg,day,Rennes → Strasbourg,FR,FR,696.82,SNCF,day,0.04899697674418605,0.151,34.142073334883726,105.21982,71.07774666511628,90.3,Back-on-Track 2022,2026-03-22,3.0818227987488545,0,medium
P2,Vannes,Rennes,day,Vannes → Rennes,FR,FR,94.12,SNCF,day,0.04899697674418605,0.151,4.611595451162791,14.21212,9.60052454883721,90.3,Back-on-Track 2022,2026-03-22,3.081822798748855,0,short
C4,Vitre,Rennes,day,Vitre → Rennes,FR,FR,34.29,SNCF,day,0.04899697674418605,0.151,1.6801063325581396,5.17779,3.4976836674418603,90.3,Back-on-Track 2022,2026-03-22,3.081822798748855,0,short
REX3,Retz Bahnhof,Wiener Neustadt Hauptbahnhof,night,Retz → Wiener Neustadt,AT,AT,106.75,ÖBB,night,0.04899697674418605,0.151,5.230427267441861,16.11925,10.88882273255814,90.3,Back-on-Track 2022,2026-03-22,3.0818227987488545,0,short
C46+,Revigny,Toul,day,Revigny → Toul,FR,FR,67.57,SNCF,day,0.04899697674418605,0.151,3.310725718604651,10.203069999999999,6.8923442813953475,90.2,Back-on-Track 2022,2026-03-22,3.0818227987488545,0,short
S,Rhazuns,Schiers,day,Rhazuns → Schiers,CH,CH,28.84,RhB (Rhätische Bahn),day,0.04899697674418605,0.151,1.4130728093023257,4.35484,2.9417671906976746,90.4,Back-on-Track 2022,2026-03-22,3.081822798748855,0,short
RE,Singen Hohentwiel,Rheinfelden Baden,day,Singen Hohentwiel → Rheinfelden Baden,CH,CH,82.29,DB Regio (DB Regio AG Baden-Württemberg),day,0.04899697674418605,0.151,4.03196121627907,12.425790000000001,8.39382878372093,90.3,Back-on-Track 2022,2026-03-22,3.081822798748855,0,short
P810,Ribeauville Gare Routiere,Selestat,day,Ribeauville → Selestat,FR,FR,11.49,SNCF,day,0.04899697674418605,0.151,0.5629752627906978,1.73499,1.1720147372093024,90.3,Back-on-Track 2022,2026-03-22,3.0818227987488545,0,short
IC,Zurich Hb,Ringsheim Europa Park,day,Zurich Hb → Ringsheim Europa Park,CH,CH,112.48,SBB (Schweizerische Bundesbahnen SBB),day,0.04899697674418605,0.151,5.511179944186047,16.98448,11.473300055813954,90.3,Back-on-Track 2022,2026-03-22,3.081822798748855,0,short
C71,Riom Chatel Guyon,Vic Le Comte,day,Riom Chatel Guyon → Vic le Comte,FR,FR,25.91,SNCF,day,0.04899697674418605,0.151,1.2695116674418605,3.91241,2.6428983325581394,90.3,Back-on-Track 2022,2026-03-22,3.081822798748855,0,short
P810,Selestat,Riquewihr Poste,day,Selestat → Riquewihr Poste,FR,FR,14.89,SNCF,day,0.04899697674418605,0.151,0.7295649837209304,2.24839,1.5188250162790697,90.2,Back-on-Track 2022,2026-03-22,3.0818227987488545,0,short
P2,Rodez,Saint Sulpice,day,Rodez → Saint Sulpice,FR,FR,97.14,SNCF,day,0.04899697674418605,0.151,4.759566320930233,14.66814,9.908573679069766,90.3,Back-on-Track 2022,2026-03-22,3.0818227987488545,0,short
P2,Toulouse Matabiau,Rodez,day,Toulouse Matabiau → Rodez,FR,FR,122.92,SNCF,day,0.04899697674418605,0.151,6.02270838139535,18.56092,12.538211618604649,90.3,Back-on-Track 2022,2026-03-22,3.0818227987488545,0,short
C38,Strasbourg,Roeschwoog,day,Strasbourg → Roeschwoog,FR,FR,35.13,SNCF,day,0.04899697674418605,0.151,1.7212637930232562,5.30463,3.583366206976744,90.3,Back-on-Track 2022,2026-03-22,3.0818227987488545,0,short
I3,Tarvisio Citta Boscoverde,Roma Stazione Di Roma Tiburtina,night,Tarvisio Citta Boscoverde → Roma Stazione Di Roma Tiburtina,AT,AT,518.12,ÖBB,night,0.04899697674418605,0.151,25.386313590697675,78.23612,52.849806409302325,90.3,Back-on-Track 2022,2026-03-22,3.081822798748855,0,medium
S7,Romanshorn,Rorschach,day,Romanshorn → Rorschach,CH,CH,13.56,THURBO (THURBO),day,0.04899697674418605,0.151,0.6643990046511629,2.04756,1.3831609953488369,90.3,Back-on-Track 2022,2026-03-22,3.0818227987488545,0,short
S1,St Gallen,Romanshorn,day,St Gallen → Romanshorn,CH,CH,15.84,THURBO (THURBO),day,0.04899697674418605,0.151,0.776112111627907,2.3918399999999997,1.6157278883720927,90.4,Back-on-Track 2022,2026-03-22,3.0818227987488545,0,short
S1,Romanshorn,Wil Sg,day,Romanshorn → Wil Sg,CH,CH,27.88,THURBO (THURBO),day,0.04899697674418605,0.151,1.366035711627907,4.20988,2.843844288372093,90.3,Back-on-Track 2022,2026-03-22,3.081822798748855,0,short
IC8,Zurich Hb,Romanshorn,day,Zurich Hb → Romanshorn,CH,CH,66.42,SBB (Schweizerische Bundesbahnen SBB),day,0.04899697674418605,0.151,3.2543791953488377,10.02942,6.775040804651162,90.3,Back-on-Track 2022,2026-03-22,3.0818227987488545,0,short
P942,Romilly Sur Seine,Troyes,day,Romilly Sur Seine → Troyes,FR,FR,34.73,SNCF,day,0.04899697674418605,0.151,1.7016650023255815,5.244229999999999,3.5425649976744173,90.2,Back-on-Track 2022,2026-03-22,3.081822798748854,0,short
R,Romont Fr,Vevey,day,Romont Fr → Vevey,CH,CH,26.16,SBB (Schweizerische Bundesbahnen SBB),day,0.04899697674418605,0.151,1.2817609116279072,3.95016,2.6683990883720927,90.2,Back-on-Track 2022,2026-03-22,3.0818227987488545,0,short
P9,Romorantin Blanc Argent,Salbris,day,Romorantin Blanc Argent → Salbris,FR,FR,24.48,SNCF,day,0.04899697674418605,0.151,1.1994459906976744,3.6964799999999998,2.4970340093023253,90.4,Back-on-Track 2022,2026-03-22,3.081822798748855,0,short
P9,Romorantin Blanc Argent,Valencay,day,Romorantin Blanc Argent → Valencay,FR,FR,25.37,SNCF,day,0.04899697674418605,0.151,1.2430533000000001,3.83087,2.5878167,90.1,Back-on-Track 2022,2026-03-22,3.0818227987488545,0,short
IC5,Solothurn,Rorschach,day,Solothurn → Rorschach,CH,CH,150.97,SBB (Schweizerische Bundesbahnen SBB),day,0.04899697674418605,0.151,7.397073579069768,22.79647,15.39939642093023,90.3,Back-on-Track 2022,2026-03-22,3.0818227987488545,0,short
S7,Weinfelden,Rorschach,day,Weinfelden → Rorschach,CH,CH,31.51,THURBO (THURBO),day,0.04899697674418605,0.151,1.5438947372093026,4.7580100000000005,3.214115262790698,90.3,Back-on-Track 2022,2026-03-22,3.081822798748855,0,short
IC5,Rorschach,Yverdon Les Bains,day,Rorschach → Yverdon les Bains,CH,CH,230.08,SBB (Schweizerische Bundesbahnen SBB),day,0.04899697674418605,0.151,11.273224409302328,34.74208,23.46885559069767,90.3,Back-on-Track 2022,2026-03-22,3.0818227987488545,0,short
IC5,Zurich Hb,Rorschach,day,Zurich Hb → Rorschach,CH,CH,73.43,SBB (Schweizerische Bundesbahnen SBB),day,0.04899697674418605,0.151,3.597848002325582,11.08793,7.490081997674418,90.3,Back-on-Track 2022,2026-03-22,3.0818227987488545,0,short
A1,Rosenheim Bahnhof,St Polten Hauptbahnhof,night,Rosenheim → St Polten,AT,AT,263.72,ÖBB,night,0.04899697674418605,0.151,12.921482706976747,39.821720000000006,26.90023729302326,90.3,Back-on-Track 2022,2026-03-22,3.081822798748855,0,short
Rostock Hbf → Warnemünde,Rostock Hbf,Warnemunde,day,Rostock → Warnemunde,DE,DE,11.27,DB,day,0.04899697674418605,0.151,0.5521959279069768,1.7017699999999998,1.149574072093023,90.1,Back-on-Track 2022,2026-03-22,3.081822798748854,0,short
Wien Hbf → Rostock Hbf,Wien Hbf,Rostock Hbf,day,Wien → Rostock,DE,DE,718.82,DB,day,0.04899697674418605,0.151,35.22000682325582,108.54182,73.32181317674417,90.3,Back-on-Track 2022,2026-03-22,3.0818227987488545,0,medium
C24,Strasbourg,Rothau,day,Strasbourg → Rothau,FR,FR,41.2,SNCF,day,0.04899697674418605,0.151,2.0186754418604655,6.2212000000000005,4.202524558139535,90.2,Back-on-Track 2022,2026-03-22,3.0818227987488545,0,short
IR,St Gallen,Rotkreuz,day,St Gallen → Rotkreuz,CH,CH,77.46,SOB-sob (Schweizerische Südostbahn (sob)),day,0.04899697674418605,0.151,3.795305818604651,11.696459999999998,7.901154181395347,90.3,Back-on-Track 2022,2026-03-22,3.0818227987488545,0,short
S1,Rotkreuz,Sursee,day,Rotkreuz → Sursee,CH,CH,25.36,SBB (Schweizerische Bundesbahnen SBB),day,0.04899697674418605,0.151,1.2425633302325583,3.82936,2.5867966697674416,90.1,Back-on-Track 2022,2026-03-22,3.0818227987488545,0,short
RE,Rottenburg Neckar,Stuttgart Hbf,day,Rottenburg Neckar → Stuttgart,CH,CH,39.2,DB Regio (DB Regio AG Baden-Württemberg),day,0.04899697674418605,0.151,1.9206814883720933,5.9192,3.998518511627907,90.2,Back-on-Track 2022,2026-03-22,3.0818227987488545,0,short
RB,Rottenburg Neckar,Tubingen Hbf,day,Rottenburg Neckar → Tubingen,CH,CH,10.05,DB Regio (DB Regio AG Baden-Württemberg),day,0.04899697674418605,0.151,0.4924196162790698,1.51755,1.02513038372093,90.3,Back-on-Track 2022,2026-03-22,3.0818227987488545,0,short
NLRTA -> GBSPX,Rotterdam Centraal,St Pancras International,day,Rotterdam Centraal → St Pancras International,NL,GB,319.52,Eurostar,day,0.04899697674418605,0.151,15.655514009302326,48.247519999999994,32.59200599069767,90.3,Back-on-Track 2022,2026-03-22,3.0818227987488545,1,short
RB,Villingen Schwarzw,Rottweil,day,Villingen Schwarzw → Rottweil,CH,CH,17.59,DB Regio (DB Regio AG Baden-Württemberg),day,0.04899697674418605,0.151,0.8618568209302326,2.65609,1.7942331790697672,90.1,Back-on-Track 2022,2026-03-22,3.0818227987488545,0,short
P45,Rouen Rive Droite,Serqueux,day,Rouen Rive Droite → Serqueux,FR,FR,38.03,SNCF,day,0.04899697674418605,0.151,1.8633550255813955,5.74253,3.879174974418605,90.3,Back-on-Track 2022,2026-03-22,3.081822798748855,0,short
K3+,Rouen Rive Droite,Trouville Deauville,day,Rouen Rive Droite → Trouville Deauville,FR,FR,73.74,SNCF,day,0.04899697674418605,0.151,3.6130370651162793,11.134739999999999,7.52170293488372,90.3,Back-on-Track 2022,2026-03-22,3.0818227987488545,0,short
C1,Vernon Giverny,Rouen Rive Droite,day,Vernon Giverny → Rouen Rive Droite,FR,FR,48.51,SNCF,day,0.04899697674418605,0.151,2.3768433418604653,7.32501,4.9481666581395345,90.3,Back-on-Track 2022,2026-03-22,3.0818227987488545,0,short
C10,Rouen Rive Droite,Yvetot,day,Rouen Rive Droite → Yvetot,FR,FR,31.43,SNCF,day,0.04899697674418605,0.151,1.5399749790697677,4.7459299999999995,3.205955020930232,90.3,Back-on-Track 2022,2026-03-22,3.081822798748854,0,short
L16,Saintes,Royan,day,Saintes → Royan,FR,FR,33.86,SNCF,day,0.04899697674418605,0.151,1.6590376325581397,5.1128599999999995,3.4538223674418598,90.4,Back-on-Track 2022,2026-03-22,3.0818227987488545,0,short
S29,Zofingen,Rupperswil,day,Zofingen → Rupperswil,CH,CH,18.87,SBB (Schweizerische Bundesbahnen SBB),day,0.04899697674418605,0.151,0.9245729511627908,2.84937,1.9247970488372093,90.4,Back-on-Track 2022,2026-03-22,3.0818227987488545,0,short
S26,Winterthur,Ruti Zh,day,Winterthur → Ruti Zh,CH,CH,28.42,THURBO (THURBO),day,0.04899697674418605,0.151,1.3924940790697677,4.2914200000000005,2.8989259209302327,90.2,Back-on-Track 2022,2026-03-22,3.0818227987488545,0,short
S26,Winterthur Gruze,Ruti Zh,day,Winterthur Gruze → Ruti Zh,CH,CH,27.61,THURBO (THURBO),day,0.04899697674418605,0.151,1.3528065279069768,4.16911,2.816303472093023,90.2,Back-on-Track 2022,2026-03-22,3.081822798748855,0,short
EXT,S Chanf,St Moritz,day,S Chanf → St Moritz,CH,CH,16.4,RhB (Rhätische Bahn),day,0.04899697674418605,0.151,0.8035504186046512,2.4763999999999995,1.6728495813953483,90.3,Back-on-Track 2022,2026-03-22,3.0818227987488545,0,short
C24+,Strasbourg,Saales,day,Strasbourg → Saales,FR,FR,53.04,SNCF,day,0.04899697674418605,0.151,2.598799646511628,8.009039999999999,5.410240353488371,90.3,Back-on-Track 2022,2026-03-22,3.0818227987488545,0,short
R,Samedan,Sagliains,day,Samedan → Sagliains,CH,CH,31.11,RhB (Rhätische Bahn),day,0.04899697674418605,0.151,1.524295946511628,4.69761,3.1733140534883724,90.2,Back-on-Track 2022,2026-03-22,3.081822798748855,0,short
P811,Selestat,Sainte Marie Aux Mines Cite Scolaire,day,Selestat → Sainte Marie Aux Mines Cite Scolaire,FR,FR,20.37,SNCF,day,0.04899697674418605,0.151,0.99806841627907,3.07587,2.0778015837209303,90.1,Back-on-Track 2022,2026-03-22,3.0818227987488545,0,short
P9,Valencay,Salbris,day,Valencay → Salbris,FR,FR,47.01,SNCF,day,0.04899697674418605,0.151,2.303347876744186,7.098509999999999,4.795162123255813,90.3,Back-on-Track 2022,2026-03-22,3.0818227987488545,0,short
A85,Tarvisio Citta Boscoverde,Salzburg Hauptbahnhof,night,Tarvisio Citta Boscoverde → Salzburg,AT,AT,151.37,ÖBB,night,0.04899697674418605,0.151,7.416672369767443,22.85687,15.440197630232557,90.3,Back-on-Track 2022,2026-03-22,3.081822798748855,0,short
A7,Salzburg Hauptbahnhof,Villach Hauptbahnhof,night,Salzburg → Villach,AT,AT,146.01,ÖBB,night,0.04899697674418605,0.151,7.154048574418605,22.04751,14.893461425581394,90.3,Back-on-Track 2022,2026-03-22,3.081822798748855,0,short
A98,Wien Hauptbahnhof,Salzburg Hauptbahnhof,night,Wien → Salzburg,AT,AT,251.4,ÖBB,night,0.04899697674418605,0.151,12.317839953488374,37.9614,25.643560046511624,90.3,Back-on-Track 2022,2026-03-22,3.0818227987488545,0,short
Salzburg Hbf → Zagreb Glavni kolodvor,Salzburg Hbf,Zagreb Glavni Kolodvor,night,Salzburg → Zagreb Glavni Kolodvor,DE,DE,315.72,ÖBB,night,0.04899697674418605,0.151,15.469325497674422,47.67372,32.204394502325584,90.3,Back-on-Track 2022,2026-03-22,3.0818227987488545,0,short
R,Scuol Tarasp,Samedan,day,Scuol Tarasp → Samedan,CH,CH,42.81,RhB (Rhätische Bahn),day,0.04899697674418605,0.151,2.0975605744186048,6.46431,4.3667494255813954,90.3,Back-on-Track 2022,2026-03-22,3.081822798748855,0,short
RE,St Gallen,Sargans,day,St Gallen → Sargans,CH,CH,42.46,THURBO (THURBO),day,0.04899697674418605,0.151,2.08041163255814,6.41146,4.33104836744186,90.3,Back-on-Track 2022,2026-03-22,3.0818227987488545,0,short
S4,Sargans,Wattwil,day,Sargans → Wattwil,CH,CH,39.26,SOB-sob (Schweizerische Südostbahn (sob)),day,0.04899697674418605,0.151,1.9236213069767443,5.92826,4.004638693023256,90.3,Back-on-Track 2022,2026-03-22,3.081822798748855,0,short
S17,Sargans,Ziegelbrucke,day,Sargans → Ziegelbrucke,CH,CH,30.95,SOB-sob (Schweizerische Südostbahn (sob)),day,0.04899697674418605,0.151,1.5164564302325583,4.67345,3.1569935697674416,90.4,Back-on-Track 2022,2026-03-22,3.0818227987488545,0,short
IR13,Zurich Hb,Sargans,day,Zurich Hb → Sargans,CH,CH,77.83,SBB (Schweizerische Bundesbahnen SBB),day,0.04899697674418605,0.151,3.8134347,11.752329999999999,7.938895299999999,90.3,Back-on-Track 2022,2026-03-22,3.0818227987488545,0,short
P833,Sarralbe Centre,Sarreguemines,day,Sarralbe Centre → Sarreguemines,FR,FR,12.45,SNCF,day,0.04899697674418605,0.151,0.6100123604651163,1.8799499999999998,1.2699376395348834,90.5,Back-on-Track 2022,2026-03-22,3.0818227987488545,0,short
P833,Sarreguemines,Sarre Union,day,Sarreguemines → Sarre Union,FR,FR,19.09,SNCF,day,0.04899697674418605,0.151,0.9353522860465117,2.88259,1.9472377139534882,90.2,Back-on-Track 2022,2026-03-22,3.081822798748855,0,short
P833,Sarrebourg Place Mathey,Sarreguemines,day,Sarrebourg Place Mathey → Sarreguemines,FR,FR,41.21,SNCF,day,0.04899697674418605,0.151,2.019165411627907,6.22271,4.203544588372093,90.2,Back-on-Track 2022,2026-03-22,3.081822798748855,0,short
P833,Sarreguemines,Sarrebourg,day,Sarreguemines → Sarrebourg,FR,FR,41.08,SNCF,day,0.04899697674418605,0.151,2.0127958046511627,6.20308,4.190284195348838,90.2,Back-on-Track 2022,2026-03-22,3.081822798748855,0,short
C33,Selestat,Sarrebourg,day,Selestat → Sarrebourg,FR,FR,60.46,SNCF,day,0.04899697674418605,0.151,2.9623572139534886,9.12946,6.167102786046511,90.2,Back-on-Track 2022,2026-03-22,3.0818227987488545,0,short
C30+,Strasbourg,Sarrebourg,day,Strasbourg → Sarrebourg,FR,FR,52.83,SNCF,day,0.04899697674418605,0.151,2.588510281395349,7.977329999999999,5.38881971860465,90.3,Back-on-Track 2022,2026-03-22,3.0818227987488545,0,short
T34,Sarrebruck,Sarreguemines,day,Sarrebruck → Sarreguemines,FR,FR,15.89,SNCF,day,0.04899697674418605,0.151,0.7785619604651164,2.39939,1.6208280395348835,90.4,Back-on-Track 2022,2026-03-22,3.0818227987488545,0,short
P34,Sarrebruck,Strasbourg,day,Sarrebruck → Strasbourg,FR,FR,90.92,SNCF,day,0.04899697674418605,0.151,4.454805125581395,13.72892,9.274114874418604,90.3,Back-on-Track 2022,2026-03-22,3.081822798748855,0,short
P34,Sarreguemines,Strasbourg,day,Sarreguemines → Strasbourg,FR,FR,75.78,SNCF,day,0.04899697674418605,0.151,3.712990897674419,11.442779999999999,7.72978910232558,90.3,Back-on-Track 2022,2026-03-22,3.0818227987488545,0,short
P65,Thouars,Saumur,day,Thouars → Saumur,FR,FR,33.27,SNCF,day,0.04899697674418605,0.151,1.63012941627907,5.023770000000001,3.3936405837209307,90.2,Back-on-Track 2022,2026-03-22,3.081822798748855,0,short
P101,Tours,Saumur,day,Tours → Saumur,FR,FR,59.14,SNCF,day,0.04899697674418605,0.151,2.897681204651163,8.93014,6.032458795348837,90.3,Back-on-Track 2022,2026-03-22,3.0818227987488545,0,short
C33,Saverne,Selestat,day,Saverne → Selestat,FR,FR,54.22,SNCF,day,0.04899697674418605,0.151,2.6566160790697677,8.18722,5.530603920930233,90.3,Back-on-Track 2022,2026-03-22,3.0818227987488545,0,short
C33,Strasbourg,Saverne,day,Strasbourg → Saverne,FR,FR,32.55,SNCF,day,0.04899697674418605,0.151,1.5948515930232559,4.915049999999999,3.3201984069767434,90.2,Back-on-Track 2022,2026-03-22,3.0818227987488545,0,short
IC,Singen Hohentwiel,Schaffhausen,day,Singen Hohentwiel → Schaffhausen,CH,CH,16.99,SBB (Schweizerische Bundesbahnen SBB),day,0.04899697674418605,0.151,0.832458634883721,2.5654899999999996,1.7330313651162785,90.2,Back-on-Track 2022,2026-03-22,3.0818227987488545,0,short
S1,Schaffhausen,St Gallen,day,Schaffhausen → St Gallen,CH,CH,63.21,THURBO (THURBO),day,0.04899697674418605,0.151,3.0970989,9.54471,6.4476111,90.3,Back-on-Track 2022,2026-03-22,3.081822798748855,0,short
S1,Stein Am Rhein,Schaffhausen,day,Stein am Rhein → Schaffhausen,CH,CH,17.29,THURBO (THURBO),day,0.04899697674418605,0.151,0.8471577279069767,2.6107899999999997,1.763632272093023,90.4,Back-on-Track 2022,2026-03-22,3.0818227987488545,0,short
S24,Thalwil,Schaffhausen,day,Thalwil → Schaffhausen,CH,CH,45.02,SBB (Schweizerische Bundesbahnen SBB),day,0.04899697674418605,0.151,2.205843893023256,6.79802,4.592176106976744,90.3,Back-on-Track 2022,2026-03-22,3.081822798748855,0,short
S9,Uster,Schaffhausen,day,Uster → Schaffhausen,CH,CH,39.22,SBB (Schweizerische Bundesbahnen SBB),day,0.04899697674418605,0.151,1.9216614279069768,5.922219999999999,4.000558572093023,90.3,Back-on-Track 2022,2026-03-22,3.0818227987488545,0,short
S1,Wil Sg,Schaffhausen,day,Wil Sg → Schaffhausen,CH,CH,40.32,THURBO (THURBO),day,0.04899697674418605,0.151,1.9755581023255815,6.0883199999999995,4.112761897674418,90.4,Back-on-Track 2022,2026-03-22,3.0818227987488545,0,short
S,Schaffhausen,Winterthur,day,Schaffhausen → Winterthur,CH,CH,23.05,SBB (Schweizerische Bundesbahnen SBB),day,0.04899697674418605,0.151,1.1293803139534886,3.48055,2.3511696860465117,90.4,Back-on-Track 2022,2026-03-22,3.0818227987488545,0,short
S24,Zug,Schaffhausen,day,Zug → Schaffhausen,CH,CH,59.0,SBB (Schweizerische Bundesbahnen SBB),day,0.04899697674418605,0.151,2.890821627906977,8.908999999999999,6.018178372093022,90.2,Back-on-Track 2022,2026-03-22,3.0818227987488545,0,short
S24,Schaffhausen,Zurich Flughafen,day,Schaffhausen → Zurich Flughafen,CH,CH,28.07,SBB (Schweizerische Bundesbahnen SBB),day,0.04899697674418605,0.151,1.3753451372093024,4.23857,2.8632248627906978,90.3,Back-on-Track 2022,2026-03-22,3.081822798748855,0,short
IC,Schaffhausen,Zurich Hb,day,Schaffhausen → Zurich Hb,CH,CH,36.27,SBB (Schweizerische Bundesbahnen SBB),day,0.04899697674418605,0.151,1.7771203465116283,5.47677,3.699649653488372,90.2,Back-on-Track 2022,2026-03-22,3.0818227987488545,0,short
S24,Zurich Wipkingen,Schaffhausen,day,Zurich Wipkingen → Schaffhausen,CH,CH,34.82,SBB (Schweizerische Bundesbahnen SBB),day,0.04899697674418605,0.151,1.7060747302325583,5.25782,3.5517452697674416,90.2,Back-on-Track 2022,2026-03-22,3.0818227987488545,0,short
S,Thusis,Schiers,day,Thusis → Schiers,CH,CH,35.43,RhB (Rhätische Bahn),day,0.04899697674418605,0.151,1.7359628860465117,5.34993,3.613967113953488,90.2,Back-on-Track 2022,2026-03-22,3.0818227987488545,0,short
S5,Schopfheim,Weil Am Rhein,day,Schopfheim → Weil am Rhein,CH,CH,17.14,SBB (SBB GmbH),day,0.04899697674418605,0.151,0.839808181395349,2.58814,1.748331818604651,90.3,Back-on-Track 2022,2026-03-22,3.0818227987488545,0,short
S6,Schwanden Gl,Ziegelbrucke,day,Schwanden Gl → Ziegelbrucke,CH,CH,15.55,SOB-sob (Schweizerische Südostbahn (sob)),day,0.04899697674418605,0.151,0.7619029883720931,2.34805,1.586147011627907,90.2,Back-on-Track 2022,2026-03-22,3.081822798748855,0,short
S25,Zurich Hb,Schwanden Gl,day,Zurich Hb → Schwanden Gl,CH,CH,58.7,SBB (Schweizerische Bundesbahnen SBB),day,0.04899697674418605,0.151,2.8761225348837214,8.8637,5.987577465116278,90.3,Back-on-Track 2022,2026-03-22,3.0818227987488545,0,short
A15-A,St Margrethen Bahnhof,Schwarzach St Veit Bahnhof,night,St Margrethen → Schwarzach St Veit,AT,AT,265.2,ÖBB,night,0.04899697674418605,0.151,12.99399823255814,40.045199999999994,27.051201767441853,90.3,Back-on-Track 2022,2026-03-22,3.0818227987488545,0,short
R,Scuol Tarasp,St Moritz,day,Scuol Tarasp → St Moritz,CH,CH,47.06,RhB (Rhätische Bahn),day,0.04899697674418605,0.151,2.3057977255813955,7.10606,4.800262274418605,90.3,Back-on-Track 2022,2026-03-22,3.081822798748855,0,short
R,Scuol Tarasp,Susch,day,Scuol Tarasp → Susch,CH,CH,16.46,RhB (Rhätische Bahn),day,0.04899697674418605,0.151,0.8064902372093025,2.4854600000000002,1.6789697627906977,90.3,Back-on-Track 2022,2026-03-22,3.081822798748855,0,short
P811,Ste Marie Aux Mines Mairie,Selestat Koeberle,day,Ste Marie Aux Mines Mairie → Selestat Koeberle,FR,FR,20.32,SNCF,day,0.04899697674418605,0.151,0.9956185674418606,3.06832,2.0727014325581394,90.4,Back-on-Track 2022,2026-03-22,3.0818227987488545,0,short
P811,Selestat Schweisguth,Ste Marie Aux Ms P De Gaulle,day,Selestat Schweisguth → Ste Marie Aux Ms P de Gaulle,FR,FR,20.36,SNCF,day,0.04899697674418605,0.151,0.997578446511628,3.07436,2.076781553488372,90.1,Back-on-Track 2022,2026-03-22,3.081822798748855,0,short
P811,Ste Croix Sq G De Gaulle,Selestat Schwilgue,day,Ste Croix Sq G de Gaulle → Selestat Schwilgue,FR,FR,16.9,SNCF,day,0.04899697674418605,0.151,0.8280489069767442,2.5519,1.7238510930232556,90.1,Back-on-Track 2022,2026-03-22,3.081822798748855,0,short
P811,Ste Marie Aux Mines Mairie,Selestat,day,Ste Marie Aux Mines Mairie → Selestat,FR,FR,19.38,SNCF,day,0.04899697674418605,0.151,0.9495614093023256,2.92638,1.9768185906976745,90.3,Back-on-Track 2022,2026-03-22,3.081822798748855,0,short
P811,Ste Marie Aux Mines Theatre,Selestat,day,Ste Marie Aux Mines Theatre → Selestat,FR,FR,19.52,SNCF,day,0.04899697674418605,0.151,0.9564209860465117,2.94752,1.9910990139534883,90.4,Back-on-Track 2022,2026-03-22,3.0818227987488545,0,short
P811,Selestat,Ste Marie Aux Ms P De Gaulle,day,Selestat → Ste Marie Aux Ms P de Gaulle,FR,FR,19.83,SNCF,day,0.04899697674418605,0.151,0.9716100488372093,2.9943299999999997,2.0227199511627907,90.2,Back-on-Track 2022,2026-03-22,3.081822798748855,0,short
C23,Selestat,Strasbourg,day,Selestat → Strasbourg,FR,FR,42.05,SNCF,day,0.04899697674418605,0.151,2.0603228720930233,6.34955,4.289227127906976,90.3,Back-on-Track 2022,2026-03-22,3.081822798748855,0,short
S11,Zurich Hb,Sennhof Kyburg,day,Zurich Hb → Sennhof Kyburg,CH,CH,19.18,SBB (Schweizerische Bundesbahnen SBB),day,0.04899697674418605,0.151,0.9397620139534885,2.8961799999999998,1.9564179860465112,90.2,Back-on-Track 2022,2026-03-22,3.0818227987488545,0,short
C38,Strasbourg,Sessenheim,day,Strasbourg → Sessenheim,FR,FR,30.06,SNCF,day,0.04899697674418605,0.151,1.4728491209302326,4.53906,3.0662108790697675,90.3,Back-on-Track 2022,2026-03-22,3.081822798748855,0,short
S29,Stein Am Rhein,Seuzach,day,Stein am Rhein → Seuzach,CH,CH,15.97,THURBO (THURBO),day,0.04899697674418605,0.151,0.7824817186046512,2.41147,1.628988281395349,90.4,Back-on-Track 2022,2026-03-22,3.081822798748855,0,short
S27,Siebnen Wangen,Ziegelbrucke,day,Siebnen Wangen → Ziegelbrucke,CH,CH,13.11,SOB-sob (Schweizerische Südostbahn (sob)),day,0.04899697674418605,0.151,0.6423503651162791,1.9796099999999999,1.3372596348837207,90.5,Back-on-Track 2022,2026-03-22,3.081822798748855,0,short
RB,Ulm Hbf,Sigmaringen,day,Ulm → Sigmaringen,CH,CH,66.19,DB Regio (DB Regio AG Baden-Württemberg),day,0.04899697674418605,0.151,3.2431098906976747,9.994689999999999,6.751580109302324,90.2,Back-on-Track 2022,2026-03-22,3.081822798748854,0,short
RE,Sigmaringen,Villingen Schwarzw,day,Sigmaringen → Villingen Schwarzw,CH,CH,56.31,DB Regio (DB Regio AG Baden-Württemberg),day,0.04899697674418605,0.151,2.7590197604651165,8.50281,5.743790239534883,90.3,Back-on-Track 2022,2026-03-22,3.081822798748855,0,short
S4,Zurich Hb,Sihlwald,day,Zurich Hb → Sihlwald,CH,CH,12.29,SZU (Sihltal-Zürich-Uetliberg-Bahn),day,0.04899697674418605,0.151,0.6021728441860466,1.8557899999999998,1.2536171558139533,90.4,Back-on-Track 2022,2026-03-22,3.0818227987488545,0,short
S4,Zurich Selnau,Sihlwald,day,Zurich Selnau → Sihlwald,CH,CH,11.72,SZU (Sihltal-Zürich-Uetliberg-Bahn),day,0.04899697674418605,0.151,0.5742445674418606,1.76972,1.1954754325581394,90.5,Back-on-Track 2022,2026-03-22,3.081822798748854,0,short
Singen(Hohentwiel) → Stuttgart Hbf,Singen Hohentwiel,Stuttgart Hbf,night,Singen Hohentwiel → Stuttgart,DE,DE,116.81,DB,night,0.04899697674418605,0.151,5.723336853488373,17.63831,11.914973146511628,90.2,Back-on-Track 2022,2026-03-22,3.0818227987488545,0,short
RE,Ulm Hbf,Singen Hohentwiel,day,Ulm → Singen Hohentwiel,CH,CH,110.73,DB Regio (DB Regio AG Baden-Württemberg),day,0.04899697674418605,0.151,5.425435234883722,16.72023,11.29479476511628,90.3,Back-on-Track 2022,2026-03-22,3.081822798748855,0,short
RE,Singen Hohentwiel,Waldshut,day,Singen Hohentwiel → Waldshut,CH,CH,48.98,DB Regio (DB Regio AG Baden-Württemberg),day,0.04899697674418605,0.151,2.3998719209302326,7.395979999999999,4.996108079069766,90.2,Back-on-Track 2022,2026-03-22,3.0818227987488545,0,short
IC,Zurich Hb,Singen Hohentwiel,day,Zurich Hb → Singen Hohentwiel,CH,CH,47.98,SBB (Schweizerische Bundesbahnen SBB),day,0.04899697674418605,0.151,2.3508749441860464,7.244979999999999,4.894105055813952,90.3,Back-on-Track 2022,2026-03-22,3.081822798748855,0,short
S9,Trimbach,Sissach,day,Trimbach → Sissach,CH,CH,12.8,SBB (Schweizerische Bundesbahnen SBB),day,0.04899697674418605,0.151,0.6271613023255815,1.9328,1.3056386976744185,90.2,Back-on-Track 2022,2026-03-22,3.0818227987488545,0,short
S41,Solothurn,Thun,day,Solothurn → Thun,CH,CH,50.4,BLS-bls (BLS AG (bls)),day,0.04899697674418605,0.151,2.469447627906977,7.610399999999999,5.140952372093023,90.2,Back-on-Track 2022,2026-03-22,3.0818227987488545,0,short
RE,Solothurn,Zollikofen,day,Solothurn → Zollikofen,CH,CH,23.3,RBS (Regionalverkehr Bern-Solothurn),day,0.04899697674418605,0.151,1.141629558139535,3.5183,2.376670441860465,90.2,Back-on-Track 2022,2026-03-22,3.0818227987488545,0,short
IC5,Zurich Hb,Solothurn,day,Zurich Hb → Solothurn,CH,CH,77.68,SBB (Schweizerische Bundesbahnen SBB),day,0.04899697674418605,0.151,3.8060851534883726,11.72968,7.9235948465116275,90.3,Back-on-Track 2022,2026-03-22,3.0818227987488545,0,short
P43,Somain,Valenciennes,day,Somain → Valenciennes,FR,FR,17.03,SNCF,day,0.04899697674418605,0.151,0.8344185139534885,2.57153,1.7371114860465116,90.2,Back-on-Track 2022,2026-03-22,3.0818227987488545,0,short
R,Sonceboz Sombeval,St Imier,day,Sonceboz Sombeval → St Imier,CH,CH,13.55,SBB (Schweizerische Bundesbahnen SBB),day,0.04899697674418605,0.151,0.663909034883721,2.04605,1.382140965116279,90.3,Back-on-Track 2022,2026-03-22,3.081822798748855,0,short
R,Spiez,Zweisimmen,day,Spiez → Zweisimmen,CH,CH,27.6,BLS-bls (BLS AG (bls)),day,0.04899697674418605,0.151,1.352316558139535,4.1676,2.815283441860465,90.2,Back-on-Track 2022,2026-03-22,3.0818227987488545,0,short
S1,Wolfsberg Bahnhof,Spittal Millstatter See Bahnhof,night,Wolfsberg → Spittal Millstatter See,AT,AT,102.9,ÖBB,night,0.04899697674418605,0.151,5.041788906976745,15.5379,10.496111093023256,90.3,Back-on-Track 2022,2026-03-22,3.081822798748855,0,short
K60,Thiers,St Etienne Chatcrx G Routiere,day,Thiers → St Etienne Chatcrx G,FR,FR,81.32,SNCF,day,0.04899697674418605,0.151,3.9844341488372095,12.279319999999998,8.294885851162789,90.3,Back-on-Track 2022,2026-03-22,3.0818227987488545,0,short
E03,St Etienne Chatcrx G Routiere,Valence Gare Routiere,day,St Etienne Chatcrx G → Valence,FR,FR,69.04,SNCF,day,0.04899697674418605,0.151,3.3827512744186055,10.425040000000001,7.042288725581395,90.2,Back-on-Track 2022,2026-03-22,3.0818227987488545,0,short
S5,St Margrethen Sg,St Gallen,day,St Margrethen Sg → St Gallen,CH,CH,20.46,THURBO (THURBO),day,0.04899697674418605,0.151,1.0024781441860466,3.08946,2.0869818558139532,90.2,Back-on-Track 2022,2026-03-22,3.0818227987488545,0,short
IR,St Gallen,Wattwil,day,St Gallen → Wattwil,CH,CH,25.39,SOB-sob (Schweizerische Südostbahn (sob)),day,0.04899697674418605,0.151,1.2440332395348839,3.83389,2.589856760465116,90.2,Back-on-Track 2022,2026-03-22,3.0818227987488545,0,short
S5,Weinfelden,St Gallen,day,Weinfelden → St Gallen,CH,CH,25.4,THURBO (THURBO),day,0.04899697674418605,0.151,1.2445232093023255,3.8353999999999995,2.590876790697674,90.2,Back-on-Track 2022,2026-03-22,3.081822798748855,0,short
IC5,Yverdon Les Bains,St Gallen,day,Yverdon les Bains → St Gallen,CH,CH,218.51,SBB (Schweizerische Bundesbahnen SBB),day,0.04899697674418605,0.151,10.706329388372094,32.99501,22.288680611627907,90.3,Back-on-Track 2022,2026-03-22,3.081822798748855,0,short
IC,St Gallen,Zurich Hb,day,St Gallen → Zurich Hb,CH,CH,62.65,SBB (Schweizerische Bundesbahnen SBB),day,0.04899697674418605,0.151,3.069660593023256,9.460149999999999,6.390489406976743,90.2,Back-on-Track 2022,2026-03-22,3.081822798748854,0,short
R,St Gingolph Suisse,St Maurice,day,St Gingolph Suisse → St Maurice,CH,CH,24.68,SBB (Schweizerische Bundesbahnen SBB),day,0.04899697674418605,0.151,1.2092453860465118,3.72668,2.517434613953488,90.1,Back-on-Track 2022,2026-03-22,3.0818227987488545,0,short
TER,Valence,St Marcellin Isere,day,Valence → St Marcellin Isere,CH,CH,41.93,SNCF (Société Nationale des Chemins de fer Français),day,0.04899697674418605,0.151,2.054443234883721,6.33143,4.276986765116279,90.2,Back-on-Track 2022,2026-03-22,3.081822798748855,0,short
S5,Weinfelden,St Margrethen Sg,day,Weinfelden → St Margrethen Sg,CH,CH,41.88,THURBO (THURBO),day,0.04899697674418605,0.151,2.051993386046512,6.32388,4.2718866139534875,90.2,Back-on-Track 2022,2026-03-22,3.0818227987488545,0,short
IR38,Thusis,St Moritz,day,Thusis → St Moritz,CH,CH,38.12,RhB (Rhätische Bahn),day,0.04899697674418605,0.151,1.8677647534883721,5.756119999999999,3.888355246511627,90.3,Back-on-Track 2022,2026-03-22,3.0818227987488545,0,short
EXT,Tirano,St Moritz,day,Tirano → St Moritz,CH,CH,39.89,RhB (Rhätische Bahn),day,0.04899697674418605,0.151,1.9544894023255817,6.02339,4.068900597674419,90.2,Back-on-Track 2022,2026-03-22,3.0818227987488545,0,short
EXT,St Moritz,Zernez,day,St Moritz → Zernez,CH,CH,29.02,RhB (Rhätische Bahn),day,0.04899697674418605,0.151,1.421892265116279,4.38202,2.960127734883721,90.2,Back-on-Track 2022,2026-03-22,3.081822798748855,0,short
S7,Winterthur,Stafa,day,Winterthur → Stafa,CH,CH,28.89,SBB (Schweizerische Bundesbahnen SBB),day,0.04899697674418605,0.151,1.415522658139535,4.3623899999999995,2.9468673418604645,90.4,Back-on-Track 2022,2026-03-22,3.0818227987488545,0,short
R,Ste Croix,Yverdon Les Bains,day,Ste Croix → Yverdon les Bains,CH,CH,11.48,TRAVYS (Transports Vallée de Joux-Yverdon-Ste-Croix),day,0.04899697674418605,0.151,0.5624852930232559,1.73348,1.1709947069767441,90.3,Back-on-Track 2022,2026-03-22,3.0818227987488545,0,short
S29,Thalheim Altikon,Stein Am Rhein,day,Thalheim Altikon → Stein am Rhein,CH,CH,12.07,THURBO (THURBO),day,0.04899697674418605,0.151,0.5913935093023256,1.82257,1.2311764906976745,90.2,Back-on-Track 2022,2026-03-22,3.081822798748855,0,short
S1,Wil Sg,Stein Am Rhein,day,Wil Sg → Stein am Rhein,CH,CH,25.66,THURBO (THURBO),day,0.04899697674418605,0.151,1.257262423255814,3.87466,2.617397576744186,90.3,Back-on-Track 2022,2026-03-22,3.081822798748855,0,short
S29,Winterthur,Stein Am Rhein,day,Winterthur → Stein am Rhein,CH,CH,19.92,THURBO (THURBO),day,0.04899697674418605,0.151,0.9760197767441862,3.0079200000000004,2.031900223255814,90.2,Back-on-Track 2022,2026-03-22,3.081822798748855,0,short
S5,Weil Am Rhein,Steinen D,day,Weil am Rhein → Steinen d,CH,CH,11.3,SBB (SBB GmbH),day,0.04899697674418605,0.151,0.5536658372093024,1.7063000000000001,1.1526341627906977,90.2,Back-on-Track 2022,2026-03-22,3.081822798748855,0,short
Stralsund Hbf → Stuttgart Hbf,Stralsund Hbf,Stuttgart Hbf,day,Stralsund → Stuttgart,DE,DE,670.52,DB,day,0.04899697674418605,0.151,32.85345284651163,101.24852,68.39506715348837,90.3,Back-on-Track 2022,2026-03-22,3.081822798748855,0,medium
ICE 83,Stuttgart Hbf,Strasbourg,day,Stuttgart → Strasbourg,DE,FR,108.64,DB,day,0.04899697674418605,0.151,5.323031553488373,16.40464,11.081608446511627,90.3,Back-on-Track 2022,2026-03-22,3.0818227987488545,1,short
071A,Toulon,Strasbourg,day,Toulon → Strasbourg,FR,FR,622.6,SNCF,day,0.04899697674418605,0.151,30.505517720930236,94.0126,63.50708227906977,90.3,Back-on-Track 2022,2026-03-22,3.081822798748855,0,medium
C37,Wissembourg,Strasbourg,day,Wissembourg → Strasbourg,FR,FR,52.15,SNCF,day,0.04899697674418605,0.151,2.5551923372093026,7.87465,5.319457662790697,90.3,Back-on-Track 2022,2026-03-22,3.0818227987488545,0,short
C38,Woerth Rhein,Strasbourg,day,Woerth Rhein → Strasbourg,FR,FR,64.67,SNCF,day,0.04899697674418605,0.151,3.168634486046512,9.76517,6.596535513953487,90.2,Back-on-Track 2022,2026-03-22,3.0818227987488545,0,short
RB,Waldshut,Stuhlingen,day,Waldshut → Stuhlingen,CH,CH,21.7,DB Regio (DB Regio AG Baden-Württemberg),day,0.04899697674418605,0.151,1.0632343953488372,3.2767,2.2134656046511627,90.4,Back-on-Track 2022,2026-03-22,3.081822798748855,0,short
Westerland(Sylt) → Stuttgart Hbf,Westerland Sylt,Stuttgart Hbf,day,Westerland Sylt → Stuttgart,DE,DE,683.43,DB,day,0.04899697674418605,0.151,33.48600381627907,103.19792999999999,69.71192618372092,90.3,Back-on-Track 2022,2026-03-22,3.081822798748854,0,medium
Stuttgart Hbf → Wiesbaden Hbf,Stuttgart Hbf,Wiesbaden Hbf,day,Stuttgart → Wiesbaden,DE,DE,158.34,DB,day,0.04899697674418605,0.151,7.75818129767442,23.90934,16.15115870232558,90.3,Back-on-Track 2022,2026-03-22,3.0818227987488545,0,short
Wuppertal Hbf → Stuttgart Hbf,Wuppertal Hbf,Stuttgart Hbf,day,Wuppertal → Stuttgart,DE,DE,310.66,DB,day,0.04899697674418605,0.151,15.22140079534884,46.90966,31.68825920465116,90.3,Back-on-Track 2022,2026-03-22,3.0818227987488545,0,short
Stuttgart Hbf → Zürich HB,Stuttgart Hbf,Zurich Hb,day,Stuttgart → Zurich Hb,DE,DE,163.43,SBB,day,0.04899697674418605,0.151,8.007575909302327,24.67793,16.67035409069767,90.3,Back-on-Track 2022,2026-03-22,3.0818227987488545,0,short
Züssow → Stuttgart Hbf,Zussow,Stuttgart Hbf,day,Zussow → Stuttgart,DE,DE,651.52,DB,day,0.04899697674418605,0.151,31.922510288372095,98.37952,66.4570097116279,90.3,Back-on-Track 2022,2026-03-22,3.081822798748855,0,medium
S28,Suhr,Zofingen,day,Suhr → Zofingen,CH,CH,14.01,SBB (Schweizerische Bundesbahnen SBB),day,0.04899697674418605,0.151,0.6864476441860465,2.11551,1.4290623558139535,90.1,Back-on-Track 2022,2026-03-22,3.081822798748855,0,short
P10,Toulouse Matabiau,Saint Sulpice,day,Toulouse Matabiau → Saint Sulpice,FR,FR,25.79,SNCF,day,0.04899697674418605,0.151,1.263632030232558,3.89429,2.6306579697674417,90.3,Back-on-Track 2022,2026-03-22,3.081822798748855,0,short
S29,Turgi,Sursee,day,Turgi → Sursee,CH,CH,37.57,SBB (Schweizerische Bundesbahnen SBB),day,0.04899697674418605,0.151,1.84081641627907,5.67307,3.83225358372093,90.2,Back-on-Track 2022,2026-03-22,3.081822798748855,0,short
S1,Zug,Sursee,day,Zug → Sursee,CH,CH,31.53,SBB (Schweizerische Bundesbahnen SBB),day,0.04899697674418605,0.151,1.5448746767441863,4.76103,3.2161553232558138,90.3,Back-on-Track 2022,2026-03-22,3.0818227987488545,0,short
K5,Tarbes,Toulouse Matabiau,night,Tarbes → Toulouse Matabiau,FR,FR,119.16,SNCF,night,0.04899697674418605,0.151,5.8384797488372095,17.99316,12.154680251162791,90.3,Back-on-Track 2022,2026-03-22,3.081822798748855,0,short
I3,Tarvisio Citta Boscoverde,Venezia Santa Lucia,night,Tarvisio Citta Boscoverde → Venezia Santa Lucia,AT,AT,154.6,ÖBB,night,0.04899697674418605,0.151,7.574932604651163,23.3446,15.769667395348836,90.3,Back-on-Track 2022,2026-03-22,3.081822798748855,0,short
A9,Tarvisio Citta Boscoverde,Wien Hauptbahnhof,night,Tarvisio Citta Boscoverde → Wien,AT,AT,279.99,ÖBB,night,0.04899697674418605,0.151,13.718663518604652,42.27849,28.559826481395348,90.3,Back-on-Track 2022,2026-03-22,3.0818227987488545,0,short
P27,Toulouse Matabiau,Tessonnieres,day,Toulouse Matabiau → Tessonnieres,FR,FR,52.44,SNCF,day,0.04899697674418605,0.151,2.5694014604651163,7.9184399999999995,5.349038539534883,90.3,Back-on-Track 2022,2026-03-22,3.081822798748855,0,short
S24,Weinfelden,Thalwil,day,Weinfelden → Thalwil,CH,CH,50.62,SBB (Schweizerische Bundesbahnen SBB),day,0.04899697674418605,0.151,2.480226962790698,7.643619999999999,5.1633930372093015,90.3,Back-on-Track 2022,2026-03-22,3.0818227987488545,0,short
P14,Wesserling,Thann Saint Jacques,day,Wesserling → Thann Saint Jacques,FR,FR,11.12,SNCF,day,0.04899697674418605,0.151,0.5448463813953488,1.6791199999999997,1.134273618604651,90.0,Back-on-Track 2022,2026-03-22,3.0818227987488545,0,short
P14,Wesserling,Thann,day,Wesserling → Thann,FR,FR,12.15,SNCF,day,0.04899697674418605,0.151,0.5953132674418605,1.83465,1.2393367325581393,90.3,Back-on-Track 2022,2026-03-22,3.0818227987488545,0,short
C10,Thiers,Vertaizon,day,Thiers → Vertaizon,FR,FR,21.5,SNCF,day,0.04899697674418605,0.151,1.0534350000000001,3.2464999999999997,2.193065,90.3,Back-on-Track 2022,2026-03-22,3.0818227987488545,0,short
P65,Thouars,Tours,day,Thouars → Tours,FR,FR,81.74,SNCF,day,0.04899697674418605,0.151,4.005012879069768,12.34274,8.337727120930232,90.3,Back-on-Track 2022,2026-03-22,3.0818227987488545,0,short
RE,Thun,Zweisimmen,day,Thun → Zweisimmen,CH,CH,29.65,BLS-bls (BLS AG (bls)),day,0.04899697674418605,0.151,1.4527603604651163,4.47715,3.024389639534884,90.2,Back-on-Track 2022,2026-03-22,3.081822798748855,0,short
P27,Villefranche De Rouergue,Toulouse Matabiau,day,Villefranche de Rouergue → Toulouse Matabiau,FR,FR,94.22,SNCF,day,0.04899697674418605,0.151,4.61649514883721,14.227219999999999,9.61072485116279,90.3,Back-on-Track 2022,2026-03-22,3.0818227987488545,0,short
P33,Vendome,Tours,day,Vendome → Tours,FR,FR,53.78,SNCF,day,0.04899697674418605,0.151,2.635057409302326,8.12078,5.485722590697674,90.3,Back-on-Track 2022,2026-03-22,3.0818227987488545,0,short
P7,Vierzon,Tours,night,Vierzon → Tours,FR,FR,104.66,SNCF,night,0.04899697674418605,0.151,5.1280235860465115,15.803659999999999,10.675636413953487,90.2,Back-on-Track 2022,2026-03-22,3.081822798748855,0,short
RE,Triberg,Ulm Hbf,day,Triberg → Ulm,CH,CH,132.39,DB Regio (DB Regio AG Baden-Württemberg),day,0.04899697674418605,0.151,6.486709751162791,19.990889999999997,13.504180248837205,90.3,Back-on-Track 2022,2026-03-22,3.0818227987488545,0,short
INCONNU,Troyes,Vendeuvre,day,Troyes → Vendeuvre,FR,FR,30.39,OCEdefault,day,0.04899697674418605,0.151,1.4890181232558142,4.58889,3.099871876744186,90.2,Back-on-Track 2022,2026-03-22,3.0818227987488545,0,short
TER,Troyes,Vittel,day,Troyes → Vittel,CH,CH,139.39,SNCF (Société Nationale des Chemins de fer Français),day,0.04899697674418605,0.151,6.829688588372093,21.04789,14.218201411627906,90.3,Back-on-Track 2022,2026-03-22,3.0818227987488545,0,short
L27,Tulle,Ussel,day,Tulle → Ussel,FR,FR,54.77,SNCF,day,0.04899697674418605,0.151,2.68356441627907,8.27027,5.58670558372093,90.2,Back-on-Track 2022,2026-03-22,3.081822798748855,0,short
S29,Turgi,Zofingen,day,Turgi → Zofingen,CH,CH,32.54,SBB (Schweizerische Bundesbahnen SBB),day,0.04899697674418605,0.151,1.594361623255814,4.913539999999999,3.319178376744185,90.2,Back-on-Track 2022,2026-03-22,3.0818227987488545,0,short
S20,Uerikon,Zurich Hardbrucke,day,Uerikon → Zurich Hardbrucke,CH,CH,24.31,SBB (Schweizerische Bundesbahnen SBB),day,0.04899697674418605,0.151,1.191116504651163,3.67081,2.4796934953488368,90.3,Back-on-Track 2022,2026-03-22,3.0818227987488545,0,short
S6,Uetikon,Wettingen,day,Uetikon → Wettingen,CH,CH,35.27,SBB (Schweizerische Bundesbahnen SBB),day,0.04899697674418605,0.151,1.728123369767442,5.32577,3.5976466302325583,90.4,Back-on-Track 2022,2026-03-22,3.081822798748855,0,short
S7,Uetikon,Winterthur,day,Uetikon → Winterthur,CH,CH,27.05,SBB (Schweizerische Bundesbahnen SBB),day,0.04899697674418605,0.151,1.3253682209302327,4.08455,2.7591817790697677,90.3,Back-on-Track 2022,2026-03-22,3.081822798748855,0,short
S6,Uetikon,Zurich Hb,day,Uetikon → Zurich Hb,CH,CH,16.87,SBB (Schweizerische Bundesbahnen SBB),day,0.04899697674418605,0.151,0.8265789976744187,2.54737,1.7207910023255812,90.1,Back-on-Track 2022,2026-03-22,3.0818227987488545,0,short
S6,Zurich Tiefenbrunnen,Uetikon,day,Zurich Tiefenbrunnen → Uetikon,CH,CH,13.45,SBB (Schweizerische Bundesbahnen SBB),day,0.04899697674418605,0.151,0.6590093372093023,2.03095,1.3719406627906974,90.2,Back-on-Track 2022,2026-03-22,3.0818227987488545,0,short
RE,Villingen Schwarzw,Ulm Hbf,day,Villingen Schwarzw → Ulm,CH,CH,118.63,DB Regio (DB Regio AG Baden-Württemberg),day,0.04899697674418605,0.151,5.812511351162791,17.91313,12.100618648837209,90.3,Back-on-Track 2022,2026-03-22,3.0818227987488545,0,short
RE,Ulm Hbf,Waldshut,day,Ulm → Waldshut,CH,CH,157.11,DB Regio (DB Regio AG Baden-Württemberg),day,0.04899697674418605,0.151,7.6979150162790715,23.72361,16.02569498372093,90.3,Back-on-Track 2022,2026-03-22,3.0818227987488545,0,short
REX3,Wiener Neustadt Hauptbahnhof,Unterretzbach Bahnhof,night,Wiener Neustadt → Unterretzbach,AT,AT,107.45,ÖBB,night,0.04899697674418605,0.151,5.264725151162791,16.22495,10.960224848837209,90.3,Back-on-Track 2022,2026-03-22,3.081822798748855,0,short
P64,Veynes Devoluy,Valence Gare Routiere,day,Veynes Devoluy → Valence,FR,FR,85.17,SNCF,day,0.04899697674418605,0.151,4.173072509302326,12.86067,8.687597490697675,90.3,Back-on-Track 2022,2026-03-22,3.081822798748855,0,short
K54,Valence Gare Routiere,Vienne Gare Routiere,day,Valence → Vienne,FR,FR,66.07,SNCF,day,0.04899697674418605,0.151,3.237230253488372,9.976569999999999,6.739339746511627,90.3,Back-on-Track 2022,2026-03-22,3.081822798748855,0,short
P64,Valence Tgv Rhone Alpes Sud,Veynes Devoluy,day,Valence Tgv Rhone Alpes Sud → Veynes Devoluy,FR,FR,83.57,SNCF,day,0.04899697674418605,0.151,4.094677346511628,12.619069999999999,8.52439265348837,90.3,Back-on-Track 2022,2026-03-22,3.0818227987488545,0,short
K24,Valence Ville,Villefranche Sur Saone,day,Valence Ville → Villefranche Sur Saone,FR,FR,118.23,SNCF,day,0.04899697674418605,0.151,5.792912560465117,17.85273,12.059817439534884,90.3,Back-on-Track 2022,2026-03-22,3.0818227987488545,0,short
R,Vevey,Vallorbe,day,Vevey → Vallorbe,CH,CH,45.55,SBB (Schweizerische Bundesbahnen SBB),day,0.04899697674418605,0.151,2.2318122906976745,6.878049999999999,4.646237709302325,90.2,Back-on-Track 2022,2026-03-22,3.0818227987488545,0,short
R,Vernayaz Mc,Vallorcine F,day,Vernayaz Mc → Vallorcine F,CH,CH,13.75,TMR-mc (Transports de Martigny et Régions (mc)),day,0.04899697674418605,0.151,0.6737084302325582,2.07625,1.4025415697674417,90.4,Back-on-Track 2022,2026-03-22,3.0818227987488545,0,short
C24,Vienne,Villefranche Sur Saone,day,Vienne → Villefranche Sur Saone,FR,FR,52.87,SNCF,day,0.04899697674418605,0.151,2.5904701604651166,7.983369999999999,5.392899839534882,90.3,Back-on-Track 2022,2026-03-22,3.081822798748854,0,short
A12,Wien Hauptbahnhof,Villach Hauptbahnhof,night,Wien → Villach,AT,AT,258.0,ÖBB,night,0.04899697674418605,0.151,12.64122,38.958,26.316779999999998,90.3,Back-on-Track 2022,2026-03-22,3.0818227987488545,0,short
R,Visp,Zermatt,day,Visp → Zermatt,CH,CH,31.74,MGB-bvz (Matterhorn Gotthard Bahn (bvz)),day,0.04899697674418605,0.151,1.555164041860465,4.792739999999999,3.2375759581395345,90.4,Back-on-Track 2022,2026-03-22,3.0818227987488545,0,short
S2,Zurich Flughafen,Wadenswil,day,Zurich Flughafen → Wadenswil,CH,CH,26.01,SBB (Schweizerische Bundesbahnen SBB),day,0.04899697674418605,0.151,1.2744113651162792,3.9275100000000003,2.653098634883721,90.4,Back-on-Track 2022,2026-03-22,3.081822798748855,0,short
P37,Wissembourg,Walbourg Seminaire,day,Wissembourg → Walbourg Seminaire,FR,FR,19.98,SNCF,day,0.04899697674418605,0.151,0.9789595953488374,3.0169799999999998,2.0380204046511623,90.3,Back-on-Track 2022,2026-03-22,3.081822798748854,0,short
RB,Weizen,Waldshut,day,Weizen → Waldshut,CH,CH,25.27,DB Regio (DB Regio AG Baden-Württemberg),day,0.04899697674418605,0.151,1.2381536023255815,3.8157699999999997,2.577616397674418,90.4,Back-on-Track 2022,2026-03-22,3.0818227987488545,0,short
S27,Waldshut,Wettingen,day,Waldshut → Wettingen,CH,CH,19.39,SBB (Schweizerische Bundesbahnen SBB),day,0.04899697674418605,0.151,0.9500513790697676,2.92789,1.9778386209302325,90.3,Back-on-Track 2022,2026-03-22,3.081822798748855,0,short
EN,Wien Hbf,Warszawa Wschodnia,night,Wien → Warszawa Wschodnia,DE,DE,561.09,PKP,night,0.04899697674418605,0.151,27.491713681395353,84.72459,57.23287631860465,90.3,Back-on-Track 2022,2026-03-22,3.0818227987488545,0,medium
S9,Wattwil,Wil Sg,day,Wattwil → Wil Sg,CH,CH,18.44,THURBO (THURBO),day,0.04899697674418605,0.151,0.9035042511627909,2.78444,1.8809357488372092,90.2,Back-on-Track 2022,2026-03-22,3.0818227987488545,0,short
S5,Weil Am Rhein,Zell Wiesental,day,Weil am Rhein → Zell Wiesental,CH,CH,21.89,SBB (SBB GmbH),day,0.04899697674418605,0.151,1.0725438209302327,3.30539,2.2328461790697673,90.2,Back-on-Track 2022,2026-03-22,3.0818227987488545,0,short
S10,Wil Sg,Weinfelden,day,Wil Sg → Weinfelden,CH,CH,12.54,THURBO (THURBO),day,0.04899697674418605,0.151,0.614422088372093,1.8935399999999998,1.2791179116279068,90.1,Back-on-Track 2022,2026-03-22,3.081822798748855,0,short
S24,Weinfelden,Winterthur,day,Weinfelden → Winterthur,CH,CH,29.64,SBB (Schweizerische Bundesbahnen SBB),day,0.04899697674418605,0.151,1.4522703906976746,4.47564,3.0233696093023257,90.4,Back-on-Track 2022,2026-03-22,3.081822798748855,0,short
S24,Zug,Weinfelden,day,Zug → Weinfelden,CH,CH,62.35,SBB (Schweizerische Bundesbahnen SBB),day,0.04899697674418605,0.151,3.0549615000000006,9.41485,6.3598884999999985,90.3,Back-on-Track 2022,2026-03-22,3.081822798748854,0,short
S24,Weinfelden,Zurich Flughafen,day,Weinfelden → Zurich Flughafen,CH,CH,42.84,SBB (Schweizerische Bundesbahnen SBB),day,0.04899697674418605,0.151,2.0990304837209304,6.46884,4.369809516279069,90.3,Back-on-Track 2022,2026-03-22,3.081822798748855,0,short
S24,Weinfelden,Zurich Wipkingen,day,Weinfelden → Zurich Wipkingen,CH,CH,47.45,SBB (Schweizerische Bundesbahnen SBB),day,0.04899697674418605,0.151,2.3249065465116283,7.16495,4.840043453488372,90.3,Back-on-Track 2022,2026-03-22,3.0818227987488545,0,short
S5,Wetzikon Zh,Zug,day,Wetzikon Zh → Zug,CH,CH,26.37,SBB (Schweizerische Bundesbahnen SBB),day,0.04899697674418605,0.151,1.2920502767441862,3.9818700000000002,2.6898197232558143,90.3,Back-on-Track 2022,2026-03-22,3.081822798748855,0,short
S3,Zurich Altstetten,Wetzikon Zh,day,Zurich Altstetten → Wetzikon Zh,CH,CH,24.27,SBB (Schweizerische Bundesbahnen SBB),day,0.04899697674418605,0.151,1.1891566255813955,3.66477,2.4756133744186046,90.3,Back-on-Track 2022,2026-03-22,3.0818227987488545,0,short
S3,Wetzikon Zh,Zurich Hardbrucke,day,Wetzikon Zh → Zurich Hardbrucke,CH,CH,22.03,SBB (Schweizerische Bundesbahnen SBB),day,0.04899697674418605,0.151,1.0794033976744188,3.32653,2.247126602325581,90.2,Back-on-Track 2022,2026-03-22,3.0818227987488545,0,short
S3,Zurich Hb,Wetzikon Zh,day,Zurich Hb → Wetzikon Zh,CH,CH,20.13,SBB (Schweizerische Bundesbahnen SBB),day,0.04899697674418605,0.151,0.9863091418604651,3.03963,2.053320858139535,90.3,Back-on-Track 2022,2026-03-22,3.081822798748855,0,short
RJX,Wien Hbf,Zurich Hb,day,Wien → Zurich Hb,CH,CH,592.12,SBB (Schweizerische Bundesbahnen SBB),day,0.04899697674418605,0.151,29.012089869767443,89.41011999999999,60.39803013023255,90.3,Back-on-Track 2022,2026-03-22,3.0818227987488545,0,medium
S12,Winterthur,Wil Sg,day,Winterthur → Wil Sg,CH,CH,24.21,SBB (Schweizerische Bundesbahnen SBB),day,0.04899697674418605,0.151,1.1862168069767443,3.65571,2.469493193023256,90.3,Back-on-Track 2022,2026-03-22,3.081822798748855,0,short
S11,Winterthur Seen,Zurich Hb,day,Winterthur Seen → Zurich Hb,CH,CH,20.93,SBB (Schweizerische Bundesbahnen SBB),day,0.04899697674418605,0.151,1.025506723255814,3.16043,2.134923276744186,90.4,Back-on-Track 2022,2026-03-22,3.081822798748855,0,short
S,Winterthur,Ziegelbrucke,day,Winterthur → Ziegelbrucke,CH,CH,47.77,SBB (Schweizerische Bundesbahnen SBB),day,0.04899697674418605,0.151,2.3405855790697676,7.2132700000000005,4.8726844209302325,90.3,Back-on-Track 2022,2026-03-22,3.081822798748855,0,short
S24,Zug,Winterthur,day,Zug → Winterthur,CH,CH,39.58,SBB (Schweizerische Bundesbahnen SBB),day,0.04899697674418605,0.151,1.9393003395348838,5.976579999999999,4.037279660465115,90.4,Back-on-Track 2022,2026-03-22,3.0818227987488545,0,short
S11,Zurich Hb,Winterthur,day,Zurich Hb → Winterthur,CH,CH,19.37,SBB (Schweizerische Bundesbahnen SBB),day,0.04899697674418605,0.151,0.9490714395348838,2.92487,1.975798560465116,90.3,Back-on-Track 2022,2026-03-22,3.0818227987488545,0,short
S77,Wolhusen,Zell Lu,day,Wolhusen → Zell Lu,CH,CH,14.71,BLS-bls (BLS AG (bls)),day,0.04899697674418605,0.151,0.7207455279069769,2.22121,1.5004644720930234,90.1,Back-on-Track 2022,2026-03-22,3.0818227987488545,0,short
IC5,Zurich Hb,Yverdon Les Bains,day,Zurich Hb → Yverdon les Bains,CH,CH,158.37,SBB (Schweizerische Bundesbahnen SBB),day,0.04899697674418605,0.151,7.759651206976745,23.91387,16.154218793023254,90.3,Back-on-Track 2022,2026-03-22,3.0818227987488545,0,short
S2,Zurich Flughafen,Ziegelbrucke,day,Zurich Flughafen → Ziegelbrucke,CH,CH,51.28,SBB (Schweizerische Bundesbahnen SBB),day,0.04899697674418605,0.151,2.5125649674418606,7.7432799999999995,5.230715032558139,90.2,Back-on-Track 2022,2026-03-22,3.0818227987488545,0,short
S2,Ziegelbrucke,Zurich Hb,day,Ziegelbrucke → Zurich Hb,CH,CH,47.57,SBB (Schweizerische Bundesbahnen SBB),day,0.04899697674418605,0.151,2.3307861837209303,7.18307,4.852283816279069,90.2,Back-on-Track 2022,2026-03-22,3.081822798748855,0,short
S24,Zurich Oerlikon,Zug,day,Zurich Oerlikon → Zug,CH,CH,26.54,SBB (Schweizerische Bundesbahnen SBB),day,0.04899697674418605,0.151,1.3003797627906977,4.00754,2.707160237209302,90.3,Back-on-Track 2022,2026-03-22,3.081822798748855,0,short
S23,Zug,Zurich Wiedikon,day,Zug → Zurich Wiedikon,CH,CH,22.0,SBB (Schweizerische Bundesbahnen SBB),day,0.04899697674418605,0.151,1.077933488372093,3.322,2.2440665116279073,90.2,Back-on-Track 2022,2026-03-22,3.081822798748855,0,short
